INDEX,snow_pct,annual_prcp_mean,annual_tmax_mean,annual_tmin_mean,annual_tavg_mean,Jan_prcp_mean,Feb_prcp_mean,Mar_prcp_mean,Apr_prcp_mean,May_prcp_mean,Jun_prcp_mean,Jul_prcp_mean,Aug_prcp_mean,Sep_prcp_mean,Oct_prcp_mean,Nov_prcp_mean,Dec_prcp_mean,Jan_tavg_mean,Feb_tavg_mean,Mar_tavg_mean,Apr_tavg_mean,May_tavg_mean,Jun_tavg_mean,Jul_tavg_mean,Aug_tavg_mean,Sep_tavg_mean,Oct_tavg_mean,Nov_tavg_mean,Dec_tavg_mean,BFI,annual_Q_mean,Q5_mean,Q25_mean,Q50_mean,Q75_mean,Q95_mean,Jan_Q_mean,Feb_Q_mean,Mar_Q_mean,Apr_Q_mean,May_Q_mean,Jun_Q_mean,Jul_Q_mean,Aug_Q_mean,Sep_Q_mean,Oct_Q_mean,Nov_Q_mean,Dec_Q_mean,area_km2,elev_gage,elev_mean,elev_median,slope_mean_pct,agric_pct,bare_pct,forest_pct,glac_pct,lake_pct,urban_pct,soil_depth_m,sand_pct,silt_pct,clay_pct,oc_pct
1,39,1490,9.89,-1.32,5.46,100,92.8,106,122,126,142,127,136,115,158,135,126,-8.47,-7.12,-3.11,3.79,10.6,15.4,18.4,17.6,13.8,7.39,1.26,-4.83,47.4,742,0.315,0.661,1.2,2.56,9.63,18.3,9.2,9.7,64.4,141.7,132.2,83.9,56.7,50.2,66.9,72.6,36.2,181,230,622.9,596,22.3,0,0.09,99.04,0,0,0.33,1.261872,43.56,50.33,6.12,1.3
2,26.5,1380,15.1,3.89,9.87,110,98.1,122,125,101,118,103,113,106,130,124,125,-2.71,-1.49,2.25,8.41,14,18.7,22,21.4,17.5,11.4,5.77,0.537,53.2,627,0.244,0.597,1.35,2.37,5.37,38.8,34.9,77.8,122.5,86.2,52.2,28.5,20.2,19.4,31.8,58.3,56.4,237.2,63,150.6,151,4,4.54,0.4,69.94,0,2.6,11.84,1.194816,52.86,41.74,5.4,2.5
3,27.1,1320,15.1,3.72,9.77,103,93.3,115,119,99.4,115,103,109,103,128,116,118,-2.9,-1.67,2.12,8.34,14,18.7,22,21.3,17.4,11.3,5.66,0.38,53.7,594.5,0.368,0.783,1.46,2.36,4.96,34.9,31,72.1,118.9,85.5,51.7,28.4,19.8,18.2,29.1,53.5,51.4,1247.5,19,137.9,133,4.6,5.24,0.4,52.59,0,2.61,28.86,1.0668,53.58,41.18,5.24,1.45
4,24.5,1350,15.2,5.12,10.6,109,98.1,131,126,103,111,98.4,107,107,119,120,121,-1.08,-0.189,3.06,8.59,13.8,18.6,22.3,21.9,18.3,12.4,7.05,2.08,65.3,631.2,0.402,0.745,1.54,2.64,4.9,51.8,49.4,88.4,113.1,77,46.5,26,18.9,18.2,25.1,52.9,63.9,765.8,4,69.1,58,3.7,8.17,0.3,59.01,0,2.19,11.01,1.255776,53.72,41.64,4.64,5.68
5,26.6,1360,14.9,3.79,9.76,104,92.6,114,123,106,122,111,115,112,128,118,116,-2.87,-1.66,2.2,8.4,14,18.7,21.8,21.2,17.4,11.3,5.65,0.372,51.3,608.7,0.23,0.605,1.32,2.32,5.34,35.5,30.7,70.4,118.7,85.3,51.5,29.1,21.1,22.6,33.2,56.6,54,1330.1,15,173.3,175,5.9,7.68,0.22,68.76,0,1.63,9.67,1.179576,49.83,44.37,5.8,3.09
6,29.9,1340,14.4,3.04,9.19,103,92.8,110,119,106,120,111,116,107,128,113,114,-3.71,-2.43,1.55,7.94,13.6,18.3,21.4,20.7,16.9,10.7,4.98,-0.393,52.9,629.8,0.212,0.549,1.29,2.43,5.48,27.9,20.4,54.6,125.9,108.1,63.9,35.4,25.3,24.7,36.6,58.9,48.1,392,106,230.3,227,6.7,5.39,0.11,69.04,0,2.81,12,1.014984,48.51,45.59,5.89,1.3
7,29,1330,14.6,3.22,9.34,103,93.4,110,118,103,117,108,112,106,129,113,116,-3.49,-2.22,1.7,8.03,13.7,18.4,21.5,20.9,17,10.9,5.16,-0.184,52.4,602,0.208,0.568,1.28,2.25,5.32,28.5,22.2,58.7,123.6,98.2,58.4,32.2,22.4,21.9,33,55.5,47.4,262.3,121,206.6,203,4.8,6.13,0.33,58.65,0,5.49,18.57,1.008888,53.63,41.1,5.27,1.17
8,27.8,1350,14.9,3.73,9.76,106,95.4,116,123,104,118,106,112,107,126,119,118,-2.81,-1.61,2.16,8.31,13.9,18.6,21.8,21.2,17.4,11.3,5.68,0.443,52.9,624.1,0.265,0.605,1.35,2.43,5.14,34.8,29.6,69.7,124,93.3,55.5,30.8,21.7,21.4,32.5,57.5,53.3,1838.7,40,164.4,161,5.1,9.15,0.24,61.33,0,2.65,11.83,1.146048,51.02,43.4,5.59,2.37
9,25.1,1400,15.1,4.66,10.4,107,96.3,122,127,110,124,109,118,116,132,124,119,-1.85,-0.766,2.87,8.78,14.2,18.9,22.2,21.7,17.9,12,6.46,1.33,51.1,626.9,0.139,0.448,1.18,2.23,5.68,43.2,40.7,84.1,118.4,80.1,48.4,27.1,19.1,19.7,29.9,56.1,60.1,230.7,39,124,127,4.9,15.41,0.12,62.91,0,2.38,8.21,1.09728,49.22,44.8,5.98,3.57
10,34.3,1450,12.6,0.882,7.93,105,96.8,112,116,122,134,127,128,122,142,118,127,-5.42,-4.17,0.0259,6.79,12.9,17.5,20.3,19.5,15.8,9.55,3.59,-2,45.7,717,0.285,0.645,1.3,2.48,6.93,21,11.8,26.3,107.5,152.7,104.1,59.7,37.9,36.5,49.9,68.9,40.7,107,144,410.9,428,13.6,4.15,0,91.01,0,0.38,2.93,1.472184,41.15,52.82,6.03,1.01
11,33.2,1300,12.3,0.356,6.96,89.6,81,92.5,102,114,127,122,121,109,128,106,106,-6.9,-5.56,-1.24,5.76,12.1,16.9,19.7,18.9,15.1,8.74,2.61,-3.32,47.6,592.4,0.434,0.83,1.34,2.24,5.05,16.9,10.3,22,86.1,121.2,86.2,51.8,35.5,33.3,42.9,54.2,32,25049.5,11,384.4,367,11.6,6.36,0.21,77.87,0,1.88,6.89,1.216152,44.95,49.02,6.04,1.57
12,25.4,1280,15.6,3.98,9.78,92.5,84.8,101,110,107,120,107,113,111,121,107,105,-3.11,-1.85,2.17,8.57,14.3,19,22,21.2,17.4,11.3,5.51,0.145,52.9,555.6,0.683,0.906,1.32,1.94,3.74,32.2,28.7,67.5,110.4,76.9,47.6,26.7,19.2,20.6,28,49.5,48.3,38.1,21,93.9,77,4.2,35.21,0.1,41.68,0,0.28,17.97,1.380744,53.06,41.33,5.61,1.85
13,27.9,1490,14.4,3.13,9.68,106,97.7,117,126,130,136,128,135,128,145,120,122,-3.17,-1.93,2.12,8.46,14.1,18.9,21.9,21.1,17.2,11.2,5.41,0.0962,52.7,717.7,0.301,0.644,1.23,2.13,6.24,33.8,24.9,62.7,131.8,111.8,68.7,40.8,32,35.8,46.8,70.9,57.7,10.6,217,279.8,277,4.2,17.65,0.35,64.04,0,0.31,9.57,1.085088,52.87,41.68,5.45,3.25
14,29.9,1410,13.8,2.37,8.76,99.8,94.4,109,116,121,133,121,125,123,137,112,118,-4.26,-3,1.11,7.59,13.4,18.2,21.1,20.2,16.4,10.3,4.42,-0.984,47.6,693.6,0.534,0.869,1.29,2.01,4.45,27.4,18.7,46.1,120.7,125.4,77.3,45.7,33.2,35.8,46.4,67.6,49.3,977.8,81,338.8,350,9,3.12,0.2,80.25,0,3.87,7.4,1.222248,46.51,47.55,5.94,2.52
15,28.4,1390,14.3,2.85,9.23,98.5,92.6,107,116,119,131,119,124,121,136,112,115,-3.74,-2.48,1.6,8.04,13.8,18.6,21.5,20.7,16.9,10.8,4.91,-0.47,48.7,666.1,0.579,0.899,1.37,2.23,4.7,29.7,22.4,54.4,119.9,112.2,69,40.5,29.6,32,42.3,63.7,50.4,1493,70,271.6,274,7.9,5.02,0.2,71.6,0,2.93,14.35,1.231392,47.28,46.73,5.99,2.38
16,25.9,1330,15.3,3.92,9.77,96.5,88.4,107,117,110,126,114,115,113,125,113,109,-3.05,-1.8,2.19,8.53,14.2,18.9,21.9,21.2,17.4,11.3,5.53,0.197,52.4,569.7,0.579,0.819,1.28,2,3.99,32.4,28.3,65.7,111.5,79.4,48.8,27.7,20.5,22.4,30.7,52.3,50,190.7,17,136.4,127,5.1,6.89,0.12,40.81,0,1.56,44.7,1.243584,50.15,43.98,5.87,2.42
17,25.2,1440,15.1,4.32,10.1,108,98.6,120,130,115,134,118,120,119,134,124,120,-2.34,-1.19,2.6,8.64,14.1,18.9,22,21.4,17.6,11.7,6.06,0.868,52.6,625.6,0.177,0.477,1.19,2.23,5.28,40.4,37.1,78,119.3,81.8,50.4,28.5,20.5,21.9,32.2,57.7,57.8,271.3,22,147.4,148,6,6.84,0.2,64.28,0,0.81,11.36,1.143,48.12,45.78,6.1,3.1
18,23.8,1350,15.7,5.54,10.8,102,95.3,117,120,112,120,105,115,113,126,114,115,-0.00218,0.545,3.3,8.04,12.9,18,21.8,21.8,18.6,13.2,8,3.19,47.6,606.4,0.0849,0.332,0.997,2.03,5.09,48.2,48.5,88.6,107.7,71.3,45,25.5,18.7,17.5,25.9,50.6,58.9,14.8,17,71.3,69,4.1,3.03,0.02,75.79,0,0.16,12.02,1.100328,47.25,46.48,6.27,3.23
19,22.7,1380,15.8,4.76,10.4,98.8,91.9,112,121,122,130,115,115,113,135,114,113,-2.17,-0.987,2.9,9.01,14.5,19.3,22.5,21.8,17.9,12,6.29,1.1,49.8,615.4,0.566,0.88,1.44,2.29,5.47,46.1,45.7,87.5,107.7,73.4,46,26.5,18.2,19.5,31,54,59.8,285.7,6,91.6,71,5.3,1.62,0.18,36.02,0,1.15,55.96,1.243584,45.72,47.64,6.64,1.89
20,29.6,1310,13.2,1.7,7.92,91.9,81.7,95.2,105,118,126,123,120,117,126,105,105,-5.44,-4.14,0.0775,6.82,12.9,17.6,20.4,19.5,15.8,9.52,3.47,-2.11,45.4,596.9,0.363,0.784,1.45,2.41,5.47,20.8,13,33.2,107.2,114.1,69.1,42.1,29.7,31.5,40.3,57.2,38.7,1210.6,197,388.9,364,9.9,10.09,0.22,69.25,0,2.04,9.83,1.301496,37.16,53.27,9.56,2.65
21,23.2,1380,15.6,4.63,10.4,99,85.9,112,117,122,124,123,121,118,127,113,115,-2.32,-1.01,2.96,9.13,14.6,19.4,22.4,21.7,17.9,11.9,6.11,0.889,49.4,630.8,0.437,0.801,1.39,2.25,5.58,42.7,40.5,83.5,110.2,78.7,46.6,28.6,22.4,24.7,34.2,59.3,59.4,155.1,92,166.4,160,6.9,3.19,0.04,45.95,0,2.24,44.34,1.103376,49.03,44.78,6.19,4.17
22,27.1,1350,14.2,2.81,8.94,95.1,85.6,102,110,121,127,124,125,118,128,108,110,-4.1,-2.8,1.32,7.79,13.5,18.3,21.2,20.4,16.6,10.5,4.58,-0.822,48,603.3,0.156,0.625,1.38,2.36,4.61,27.9,22,53,112.1,97.2,59.4,36.6,27.1,28.3,37.3,56.5,45.9,3998.6,20,295.2,284,9.8,12.58,0.18,67.23,0,2.52,10.65,1.28016,42.62,49.64,7.74,2.95
23,25.7,1430,14.8,3.58,9.62,102,92.7,113,121,128,130,125,129,121,139,117,118,-3.07,-1.85,2.12,8.33,13.9,18.7,21.8,21,17.2,11.1,5.42,0.189,47.7,663.6,0.383,0.738,1.41,2.46,6.23,36.7,31.5,70.6,121.3,96.2,58.5,34.8,27,28.6,39.5,62.6,56.3,674.4,39,237.8,231,8,7.63,0.09,59.76,0,1.87,26.48,1.164336,47.45,46.3,6.25,3.12
24,20.7,1320,16.1,5.81,11.1,97.6,85.2,115,122,116,118,109,112,112,119,107,110,-1.14,-0.0517,3.62,9.38,14.7,19.6,23,22.4,18.7,12.7,7.1,2.06,46.5,533.8,0.234,0.453,0.879,1.51,4.45,47.3,48.3,85.4,88,60.4,38.1,22.2,15,13.3,20.9,40.3,54.6,26,9,77,71,3.4,0,0,6.5,0,0.88,92.36,1.164336,47.75,46.11,6.14,2.85
25,20,1330,16.2,5.94,11,96.7,85.1,115,124,118,119,111,111,113,120,107,112,-1.25,-0.121,3.61,9.43,14.7,19.7,23,22.4,18.6,12.6,7.01,1.95,49.1,536.1,0.115,0.405,1.08,2.11,5.56,48,48,84.8,87.4,61,37.8,22.1,15.1,14.1,21.8,40.9,55.1,19.2,23,69.7,72,3.4,1.07,0,50.47,0,0,38.7,1.240536,52.82,41.85,5.33,2.81
26,23,1410,15.5,4.84,10.3,104,86.9,118,122,127,126,122,122,121,129,116,119,-2.33,-1.06,2.87,8.96,14.4,19.2,22.3,21.6,17.8,11.8,6.05,0.87,48.1,637.7,0.123,0.471,1.25,2.38,5.67,43.6,42.2,86.6,112.2,79.1,47.4,28.6,21.9,23.9,33.2,58.6,60.4,53.8,93,174.5,172,8.1,2.78,0,75.93,0,1.18,13.22,1.261872,48.38,45.6,6.02,2.95
27,19,1260,16.3,6.69,11.3,101,88.8,116,117,105,113,93.2,104,98,109,103,117,0.942,1.26,3.64,7.86,12.6,18,22.2,22.3,19.3,14,8.81,4.13,84.8,560.2,0.242,0.274,0.312,0.348,0.411,57.5,59.1,90.8,86.6,59.6,36.8,21.7,15.3,12.8,21,38.1,60.9,190.2,11,36.1,36,1.1,2.08,1.84,27.65,0,0.24,66.75,1.652016,70.68,24.93,4.39,0.5
28,28.7,1180,13.4,2.08,7.72,79.3,72.9,88.5,98.1,107,123,111,112,102,110,92.3,87.9,-5.99,-4.75,-0.378,6.83,13,17.7,20.4,19.6,15.8,9.39,3.05,-2.67,37.2,493.3,0.0718,0.181,0.484,1.26,6.15,16.7,10.5,30,101.6,97.6,58,33.6,21.6,21.3,27.7,44.2,30.5,154.8,199,313,290,6.5,59.75,0,27.38,0,0.1,6.16,0.545592,18.45,53.18,28.37,2.42
29,26.5,1090,14.8,3.33,9.35,69.7,63.4,80,89.7,102,114,110,101,91,103,83.7,83.9,-4.61,-3.07,1.42,8.52,14.7,19.4,22.2,21.4,17.4,10.9,4.47,-1.29,45,344,0.132,0.306,0.635,1.27,4.23,11.9,9.5,39.4,87.2,60.2,35.4,20,12.9,11,14.9,22.3,19.3,40.6,88,104.5,103,1.3,3.22,0,12.71,0,0.11,55.42,1.085088,51.78,36.17,12.05,0.94
30,23.3,1270,15.6,3.85,10.1,89.8,76.2,98,107,112,120,119,118,120,114,95.9,101,-2.82,-1.43,2.76,8.96,14.5,19.3,22.2,21.4,17.7,11.5,5.58,0.302,47.6,573.1,0.0938,0.188,0.623,1.28,4.1,31.8,27.1,65.3,107.5,77.9,50.2,32.5,24.9,27.4,31.7,49.7,47.1,365,116,223.6,207,7.8,30.05,0.16,43.97,0,2.28,12.16,0.947928,37.29,51.11,11.6,7.79
31,18.6,1310,16.7,6.14,11.5,92.6,81.1,107,109,117,117,122,119,116,118,106,106,-1.18,0.123,4.16,10.2,15.7,20.6,23.7,22.9,19.1,13,7.15,1.91,47.7,520.9,0.43,0.645,0.952,1.51,3.34,45.1,47.8,82.2,81.3,56.5,33.5,21.5,14.5,17.7,23.2,43.8,53.8,146.5,8,64.7,55,4.7,1.16,1.12,19.57,0,5.72,63.47,0.9906,37.49,53.17,9.34,2.34
32,19.7,1320,16.7,5.04,11.2,94.5,79.5,106,112,123,121,127,115,114,117,103,110,-1.53,-0.237,3.78,9.76,15.3,20.4,23.4,22.7,18.8,12.5,6.71,1.56,46.7,590.4,0.483,0.784,1.43,2.68,5.73,45.6,44,84.5,93.4,68.4,41.8,28.2,20.3,24.1,30.8,51.7,57.6,180,50,121.9,105,4.4,2.22,0.11,29.29,0,1.34,52.03,1.024128,42.3,44.52,13.18,2.69
33,23.3,1350,15.3,3.65,9.78,97.8,84,109,113,119,125,124,122,121,122,104,111,-3.1,-1.71,2.46,8.65,14.2,19,22,21.2,17.4,11.2,5.34,0.0505,44.6,708,0.0422,0.0985,0.328,0.975,3.84,41.4,34.3,77.2,121.6,93.3,60.4,39.7,32,36.4,44.5,67,60.2,164.1,173,317.2,318,8.4,0.55,0.33,72.1,0,5.59,5.73,0.829056,48.89,41.45,9.66,2.52
34,22.1,1400,15.6,4.61,10.2,100,88.4,110,115,125,128,128,128,122,127,112,116,-2.6,-1.23,2.92,9.09,14.6,19.5,22.5,21.6,17.8,11.7,5.84,0.541,44.8,637.9,0.187,0.449,1.09,2.13,5.34,40.5,36.7,78,110.3,81.5,51,32.6,25.8,29.2,36.4,59.2,56.7,318.8,78,228.6,231,10.8,0.99,0.17,64.95,0,3.07,21.57,1.481328,44.06,48.7,7.24,1
35,20.9,1350,16.1,4.75,10.7,97.6,83.4,108,113,122,124,127,121,118,120,106,112,-2.07,-0.739,3.34,9.4,14.9,19.9,22.9,22.2,18.3,12.1,6.26,1.05,43.9,620.2,0.182,0.417,0.933,1.86,4.34,43.7,40.8,81.5,101.8,75.2,47.1,31.1,23.7,27.3,34.2,55.8,58,1982,39,183,172,7.4,1.76,0.34,49.24,0,3.5,31.78,1.014984,44.37,44.17,11.45,2.07
36,18.5,1330,16.7,6,11.4,94.9,82.7,108,110,123,119,127,121,117,118,106,109,-1.32,-0.0306,4.02,10,15.5,20.5,23.6,22.8,19,12.8,6.99,1.76,47.5,536.4,0.529,0.822,1.27,1.94,4.73,45.2,47,81.8,81.4,58.5,35.1,23.5,16.6,19.7,25.7,46.2,55.7,146.5,13,79.7,87,3.1,0.73,0,15.47,0,0.22,73.2,1.02108,43.17,46.15,10.69,1.88
37,17.6,1370,17,6.19,11.8,103,84.3,110,118,127,123,134,121,120,114,108,112,-0.763,0.414,4.3,10.1,15.6,20.9,24.1,23.4,19.5,13.2,7.41,2.35,30.4,515.9,0.25,0.356,0.549,1.04,4.95,46.8,50.4,82.7,77.1,55.9,32.5,22.2,16.1,17.6,21.4,40.3,52.9,67.1,25,87,77,5.1,0.12,0.19,17.19,0,0.54,80.24,0.627888,35.98,52.06,11.96,0.94
38,17.2,1360,17.2,6.34,11.7,101,82.5,110,115,124,122,133,119,117,113,106,111,-0.775,0.409,4.29,10,15.6,20.9,24,23.4,19.5,13.1,7.37,2.32,28.9,509.9,0.17,0.308,0.552,1.09,5.11,47.1,51.2,81.7,75.3,54.5,31.7,21.6,16.1,17.6,21.1,39.4,52.6,107.9,7,66.8,48,3.8,0.12,0.23,15.77,0,0.49,79.42,0.618744,36.04,52.06,11.9,0.94
39,21,1380,16.4,4.61,10.9,99.6,86,106,112,128,128,141,122,126,116,104,112,-1.8,-0.446,3.64,9.67,15.3,20.2,23.2,22.4,18.6,12.2,6.32,1.2,49.5,564.4,0.34,0.585,1.03,1.7,4.42,42.1,41.1,80.2,91.5,66.5,41,27.1,20,23,28.9,49,54,30.4,85,178.6,175,7,24.44,0.3,52.54,0,0.06,14.41,1.597152,41.78,44.02,14.19,0.69
40,17.9,1320,17.2,5.45,11.3,97.6,79,106,110,125,121,137,112,114,107,100,110,-1.24,0.0477,3.99,9.8,15.4,20.6,23.7,22.9,18.9,12.5,6.64,1.65,30.8,495.7,0.0669,0.206,0.578,1.39,5.5,43.4,43.5,76,74.5,54.2,32.8,22.6,16.6,19.9,21.9,39.8,50.5,66,30,82.1,66,3.3,46.73,0.13,28,0,0.03,19.22,1.347216,23.93,55.52,20.55,0.81
41,16.4,1270,17.6,6.03,11.6,93.1,76.5,105,105,116,115,135,113,108,99.9,96,108,-0.873,0.383,4.25,9.98,15.6,20.8,24,23.2,19.2,12.8,6.98,2.03,37.7,485.6,0.23,0.42,0.793,1.54,5.31,47,49.1,77,69.2,49.8,29.7,22.3,16.8,18.5,20.6,35.2,50.4,670.4,11,47.8,36,1.9,21.06,0.57,33.79,0,0.37,33.43,1.216152,41.32,41.23,17.45,1.13
42,17.1,1310,17.3,6.09,11.7,98.7,79.5,108,109,118,119,136,114,113,109,100,109,-0.78,0.433,4.28,9.98,15.6,20.8,24,23.2,19.4,13,7.24,2.25,30.6,508.2,0.235,0.442,0.794,1.44,5.31,47.6,50.8,80.7,73.2,53.3,31.2,22,16.6,19.1,22,39,52.7,125.6,9,52.4,31,3.5,0.19,0.21,24.07,0,0.1,70,1.136904,40.21,44.24,15.55,0.86
43,17,1300,17.4,6.85,12.3,102,86.7,115,111,114,105,122,121,104,105,97.5,116,0.767,1.55,4.65,9.67,15,20.5,24.1,23.7,20.2,14.3,8.71,3.84,47.6,465.2,0.288,0.481,0.761,1.3,4.67,51,55.1,77,69.2,48,26.2,18.2,13.2,12,14.1,31.1,50.1,16.3,6,30.9,32,1.5,1.38,0.5,21.14,0,0.09,69.86,1.09728,75.17,17.52,7.31,2
44,16,1300,17.6,6.48,12.2,101,83.8,114,109,114,109,128,121,107,104,97.6,114,-0.0299,1.06,4.65,10.2,15.7,21.2,24.5,23.8,20,13.7,7.93,2.97,50.3,483.2,0.514,0.739,1.12,1.69,3.91,50.7,54,80.3,71,49.3,27.7,18.9,13.4,14,17,34.7,52.2,114.1,7,34.3,33,1,13.61,0.51,31.71,0,2.58,38.51,1.271016,64.51,23.35,12.14,1.17
45,15.5,1210,17.7,7.38,12.7,91.2,83.7,114,96.6,99.9,95.7,115,116,93.6,105,94.4,110,0.92,1.98,5.33,10.7,15.9,20.9,24.5,23.9,20.3,14.3,8.61,3.84,73.8,460.7,0.662,0.79,1.01,1.34,2.05,50.9,55.9,82.9,70.8,45.9,25.3,16.9,14,11,14.5,25.9,46.7,35.3,2,15.1,14,0.7,0.12,0.05,74.28,0,0.61,8.21,1.2192,74.47,17.74,7.79,1.36
46,14,1250,18.4,7.28,12.6,92.1,80.2,115,106,105,110,120,120,105,101,89.9,109,0.275,1.55,5.42,11.1,16.5,21.6,24.8,24.1,20.2,13.7,7.91,3.11,64.8,413.5,0.641,0.897,1.3,1.84,2.84,46.4,51.4,72.9,59.3,40.2,23.5,16.9,13.3,12.3,13.7,22.8,40.8,270.2,14,34.1,35,0.4,21.89,0.35,31.45,0,0.68,24.12,1.17348,67.21,20.65,12.14,2.36
47,13.3,1210,18.4,7.52,12.6,85.9,74.8,109,103,106,109,112,118,102,98,85.7,106,0.605,1.72,5.37,10.9,16.3,21.4,24.6,24.1,20.3,14,8.26,3.48,62.7,384,0.57,0.732,0.926,1.15,2.33,43.8,48.2,67.4,53.4,37.6,21.9,16.5,12.9,11.9,12.9,20.7,36.8,82,8,30.3,31,1,70.03,0.23,11.24,0,0.25,9.33,1.258824,47.32,35.95,16.73,0.6
48,26.6,1330,14.4,2.87,9.17,93.1,79.5,94.8,111,120,130,125,118,131,120,100,105,-3.86,-2.5,1.82,8.19,13.9,18.6,21.4,20.5,16.8,10.6,4.66,-0.719,48,559.7,0.286,0.682,1.42,2.55,5.68,24.9,19.5,50.3,108.2,91.9,56.3,34.4,24.6,26.8,32.9,49.3,40.6,305.9,130,387,393,6,0.04,0.15,81.33,0,2.24,4.57,0.82296,33.2,50.71,16.09,0.9
49,23.7,1310,15.2,3.48,10.1,91.1,78.4,98.1,111,115,127,123,123,129,118,95.8,104,-2.82,-1.44,2.76,8.98,14.6,19.4,22.2,21.4,17.7,11.5,5.55,0.278,49.8,525,0.287,0.594,1.19,2.14,5,27.3,23.1,59.2,104.1,74.5,46.7,29.3,21.4,24.7,28,44.9,41.8,167.7,109,274.4,275,9.4,6.18,0,78.6,0,0.86,3.17,1.054608,37.73,48.15,14.12,2.69
50,24.8,1350,14.9,3.22,9.62,93.8,80.5,96.1,113,125,131,123,121,136,121,103,107,-3.37,-1.98,2.31,8.61,14.3,19.1,21.9,21,17.2,11,5.03,-0.262,52.5,595.3,0.401,0.74,1.43,2.49,6.01,31.7,26.9,63.3,109.1,87.2,53.2,34.1,24.3,28.3,34.5,54.5,48.2,677.6,114,344.7,325,7.6,3.98,0.15,70.07,0,1.09,19.35,0.969264,30.74,52.23,17.03,0.92
51,22.8,1280,15.7,3.85,10.4,89.4,76.2,97.6,107,115,123,123,121,122,114,92.6,101,-2.44,-1.06,3.1,9.27,14.9,19.7,22.6,21.8,18,11.8,5.88,0.656,55,539.4,0.306,0.618,1.19,2.09,4.66,30.3,26,64.6,101.2,72.1,45,30.8,23.3,25.8,29.3,46.4,44.6,326.4,102,213.9,201,6.6,23.64,0.07,49.27,0,3.11,12.14,1.045464,34.51,51.53,13.96,4.77
52,29.2,1350,13.2,2.07,7.91,90.2,78.7,91.1,117,126,137,124,118,136,122,105,101,-5.21,-3.83,0.489,7,12.8,17.5,20.1,19.3,15.5,9.37,3.34,-2.06,52.2,656.3,0.39,0.783,1.47,2.43,5.39,23.2,14.7,36.4,116.5,120.6,75.3,46.7,34,37.6,45.6,63.3,42.4,240.2,451,555.9,557,3.9,0.28,0.23,64.15,0,2.44,6.49,0.871728,30.29,53.01,16.69,1.06
53,28.8,1420,13.3,2.08,8.15,96.8,82.6,97.9,120,133,142,130,125,142,128,110,109,-4.9,-3.51,0.778,7.18,12.9,17.7,20.4,19.5,15.7,9.55,3.56,-1.77,54.6,711.3,0.517,0.912,1.56,2.56,5.89,26.5,17.8,43.7,122.9,127.1,80.2,50.1,36.7,40.5,49.3,69,47.5,308.1,464,564.3,564,2.8,1.23,0.32,60.54,0,3.37,15.05,0.771144,32.66,49.69,17.65,0.94
54,23.4,1360,15.1,3.6,9.8,93.1,81.3,97.1,112,126,133,132,122,133,120,103,105,-3.18,-1.76,2.47,8.79,14.6,19.4,22.1,21.2,17.4,11.1,5.08,-0.138,55,590.7,0.621,0.954,1.56,2.5,5.42,34,30.2,63.4,100.5,84.8,52.9,34.5,25.2,28.9,34.3,53.5,48.5,3519,61,335,298,7.4,18.52,0.51,55.38,0,1.57,18.75,1.335024,28.26,51.76,19.98,0.72
55,25.5,1340,14.4,2.82,9.09,92.8,80.5,98.1,113,123,131,129,121,127,121,103,104,-3.93,-2.6,1.62,8.05,13.8,18.6,21.3,20.5,16.7,10.5,4.55,-0.805,47.6,567.7,0.501,0.763,1.29,2.15,4.52,27.7,22.5,50.1,100.7,92.1,57.7,36,25.4,27.8,33.7,51.4,42.6,17579.8,0,382.1,392,10,15.13,0.29,67.27,0,2.06,10.23,1.197864,29.83,53.36,16.81,1.26
56,15.8,1300,17.6,6.18,11.7,94.3,77.3,110,108,119,116,132,120,119,106,94.7,109,-0.994,0.346,4.39,10.3,16,21.1,24.1,23.3,19.3,12.8,6.89,1.86,38.7,455.4,0.167,0.363,0.692,1.37,6.15,45.1,47.3,72.3,66.6,48.2,29.4,19.7,15,16,17.3,31.4,47.1,72.3,61,99,99,2.1,11.86,0.12,18.92,0,0.05,62.05,0.749808,23.87,54.88,21.25,0.61
57,16.5,1310,17.6,6.05,11.6,94.7,76.7,109,108,120,116,138,119,116,106,96,109,-1.03,0.295,4.31,10.2,15.8,21,24,23.2,19.2,12.8,6.86,1.84,35.7,469.7,0.243,0.432,0.806,1.51,5.13,44.8,47,74.7,68.5,49.7,30.7,21.1,15.7,17.2,18.6,33.7,48,541.4,19,92.3,91,3.1,23.92,0.2,21.92,0,0.57,46.45,0.801624,23.88,54.73,21.39,0.6
58,15,1330,17.9,6.62,12.4,100,86,120,105,113,110,128,128,107,111,100,116,0.365,1.56,5.14,10.7,16,21,24.4,23.7,20,13.9,8.07,3.27,73.6,462.6,0.488,0.586,0.765,1.05,1.57,50.2,54.2,78.5,65.2,44.7,25.6,19,15.8,14.8,16.8,29.2,48.6,5.4,35,43.7,44,0.6,0,1.63,75,0,0,6.17,1.091184,79.3,14.97,5.73,1.84
59,14,1250,18.5,7.23,12.4,90.8,79.4,113,104,107,109,124,120,107,100,90.9,107,0.0172,1.32,5.21,10.9,16.4,21.4,24.7,23.9,19.9,13.5,7.68,2.84,43.8,437.8,0.48,0.668,0.938,1.45,4.97,48.2,52,73.7,62.3,42.2,24.6,18.4,14.6,14.2,16.2,26.6,44.8,47,9,25.5,24,1.4,0.81,1.27,18.55,0,0.4,71.93,1.213104,56.58,28.51,14.91,1.22
60,22.8,1360,15.3,3.96,10.2,92.6,80.7,97.5,113,128,139,129,124,130,118,106,104,-2.85,-1.41,2.91,9.2,14.9,19.8,22.5,21.6,17.9,11.4,5.32,0.154,52.5,593.4,0.473,0.772,1.35,2.36,5.48,35,30,70.2,104.3,81.5,52,32.7,22.7,26.6,33,55,50.4,924.7,110,310.2,293,11.6,12.42,2.06,71.1,0,1.78,12.59,1.530096,32.75,47.61,19.64,0.6
61,19,1310,16.7,5.38,11.2,87.2,78,97.7,107,119,131,126,120,132,114,99.8,102,-1.76,-0.349,4.04,10.2,15.9,20.9,23.6,22.7,18.9,12.4,6.27,1.19,55.3,458,0.412,0.703,1.12,1.84,4.15,37.4,37.7,71,74.9,55.1,35.8,22.7,14.6,14.7,17.3,33.8,43,557.1,74,160.1,147,5.9,58.45,0.03,24.85,0,1.37,14.61,1.563624,21.36,53.38,25.26,0.74
62,20.5,1320,16.2,4.87,10.9,89.2,78.9,96.8,107,122,130,130,119,128,114,100,102,-2.09,-0.677,3.64,9.82,15.5,20.5,23.2,22.3,18.5,12,5.99,0.869,52.4,506.6,0.472,0.755,1.25,2.05,4.54,36.9,35.6,71.4,85.4,63.9,40.7,25.8,17.5,19.2,23,41.5,45.7,2971.8,38,207.9,176,8.5,34.15,0.74,44.91,0,1.27,16,1.524,27.06,50.9,22.05,0.66
63,18.6,1300,17,5.63,11.6,89.9,81.1,101,103,117,115,133,115,127,113,97.2,105,-1.18,0.204,4.39,10.4,16,21.1,23.9,23,19.1,12.7,6.76,1.71,51.6,485.9,0.358,0.579,0.978,1.62,3.94,42.2,44.1,76.9,76.9,55.3,34.7,23.3,16.4,17.4,18.8,34,45.9,152.3,50,160.4,164,7.3,29.34,0.06,49.73,0,0.28,9.13,1.459992,27.44,52.03,20.53,0.53
64,14.5,1310,17.8,6.52,11.8,93.8,80.1,111,107,117,117,130,123,122,105,95.4,109,-0.902,0.442,4.5,10.4,16,21.2,24.2,23.4,19.3,12.9,6.95,1.94,41.3,440.5,0.476,0.669,0.971,1.53,4.97,46.5,50.4,71.9,63.4,44.9,27.5,19.2,13.6,14.7,15.2,28.2,45,165,12,85.9,86,3.6,5.87,0.67,23.96,0,0.06,65.49,1.149096,22.92,53.55,23.53,0.58
65,13.7,1240,18.3,7.61,12.5,88.1,78.6,109,103,107,108,118,117,109,99,89.3,110,0.101,1.41,5.33,11.1,16.6,21.6,24.8,24.1,20.1,13.6,7.75,2.92,58.2,410.5,0.519,0.723,1.04,1.5,3.6,45.2,50.9,72,59.1,39.9,23.3,16.4,13.3,13.3,14.3,22.9,39.9,67.4,3,30.8,31,1.5,49.39,0.23,19.41,0,0.13,18.56,1.207008,57.34,27.8,14.86,1.67
66,16,1290,17.5,6.48,12.2,91,80,111,103,116,115,126,110,127,108,96.9,106,-0.468,0.937,5.06,10.9,16.5,21.6,24.5,23.7,19.8,13.3,7.33,2.37,55.8,449,0.462,0.661,0.97,1.48,3.5,43.8,47,75.1,67.1,48.3,29.1,21,15.3,15.4,15.7,27.8,43.4,153.4,35,118.5,119,4.7,43.5,0.01,25.74,0,0.11,24.59,1.520952,26.02,53.26,20.71,0.49
67,15.9,1290,17.5,6.59,12.1,92.8,80.8,110,104,117,114,126,109,128,108,96.8,107,-0.527,0.855,4.97,10.9,16.5,21.5,24.5,23.6,19.7,13.2,7.28,2.31,56.4,449.1,0.493,0.739,1.04,1.48,3.52,44.1,48,75,66.6,47.5,28.6,20.5,15,15.7,16,27.9,44.2,71.5,79,112.2,113,4.1,39.99,0.01,23.67,0,0.11,29.32,1.520952,26.08,53.26,20.66,0.49
68,18.7,1300,16.9,5.78,11.6,89.8,81.1,103,102,115,115,133,113,128,116,98.7,104,-1.15,0.266,4.43,10.4,16,21,23.8,23,19.2,12.7,6.74,1.72,53.1,491.4,0.426,0.63,0.96,1.48,3.54,42.1,42.7,76.9,77.6,56.5,35.8,24.4,17.1,18,19.1,34.5,46.7,143.5,81,191.9,195,5.3,37.71,0.24,33.36,0,0.36,20.1,1.40208,26.36,51.09,22.56,0.58
69,18.1,1290,17.1,5.87,11.6,90.3,81.7,103,102,115,114,132,113,128,113,96.5,106,-1.11,0.286,4.44,10.4,16,21.1,23.9,23,19.2,12.7,6.79,1.76,53.2,485.3,0.485,0.711,1.13,1.77,4.16,43.5,45.2,77.3,74.5,54,34.1,23.6,16.8,17.8,18.7,33,46.8,232.2,64,156.5,159,5.5,30.23,0.11,36.06,0,1.22,22.99,1.533144,26.94,52.04,21.03,0.49
70,17.6,1300,17.2,6.07,11.7,91.4,81.3,105,103,116,113,129,113,129,112,97,106,-0.984,0.411,4.55,10.5,16.1,21.2,24,23.2,19.3,12.8,6.88,1.87,54.3,480,0.445,0.668,1.05,1.63,3.62,43.8,45.9,77,73.1,52.9,33,23.1,16.4,17.7,18.3,32.3,46.5,755.2,49,147.8,147,5.6,35.23,0.11,32.11,0,0.47,23.24,1.487424,26.05,52.35,21.6,0.52
71,13.7,1230,18.3,7.61,12.6,87.2,77.2,108,103,108,108,117,117,107,98.6,87.5,108,0.247,1.52,5.4,11.1,16.6,21.7,24.8,24.1,20.2,13.7,7.9,3.08,57.3,391.6,0.354,0.626,1,1.53,4.3,43.9,49.3,68.8,56.2,37.9,22.3,16.2,12.7,12.3,13.2,21.3,37.5,37.5,9,33,35,1.5,70.08,0.02,10.79,0,0.74,10.07,1.011936,45.89,37.99,16.12,1.53
72,11.1,1230,19.1,8.19,13.2,87.7,81,109,99.1,114,110,115,115,113,102,86.6,101,1.09,2.24,5.98,11.6,17.1,22.3,25.2,24.4,20.8,14.6,8.71,3.89,55,397.3,0.174,0.369,0.744,1.47,3.73,46.9,52.3,68.2,51.9,36.7,22.5,15.1,14.6,15.2,14.5,21.6,37.8,292,4,16.9,17,0.1,49.1,0.09,20.11,0,0.14,5.63,0.902208,60.66,23.92,15.42,0.61
73,25.1,1090,13.3,1.63,8.11,69.7,60.5,80.3,96.2,99.1,120,109,97.4,105,98,81.5,74.7,-5.12,-3.77,0.419,7.16,13.1,17.9,20.4,19.6,15.9,9.6,3.38,-2,35.4,336.3,0.131,0.232,0.537,1.28,4.72,12.9,9.3,27.4,72.7,59.9,39.2,21.9,14.1,13.4,17.8,26.6,21.1,1142.4,304,523.3,517,12.3,29.67,0.48,61.9,0,0.65,4.42,1.002792,24.27,58.31,17.42,1.42
74,25.6,1170,13.4,2.06,8.52,76.9,64,84.2,103,109,121,113,107,112,107,90.5,82.4,-4.61,-3.25,0.928,7.58,13.5,18.2,20.7,19.9,16.2,10,3.84,-1.5,36.5,417.7,0.0833,0.238,0.637,1.43,4.49,16.7,12.1,33.9,86.5,73.8,46.8,26.1,17.1,17.4,23.4,36.1,27.8,553.9,236,487.1,466,11.2,27.14,0.33,64.88,0,0.45,3.29,0.908304,27.04,54.94,18.02,1.08
75,26.3,1190,13.9,2.52,8.41,78.2,69.1,81.5,104,111,122,113,106,114,108,92,88.6,-4.81,-3.45,0.839,7.49,13.4,18.1,20.7,19.8,16.1,9.88,3.8,-1.66,42.1,482.7,0.164,0.361,0.788,1.65,4.62,19,13.3,36.2,96.9,85.7,53,31.5,20.7,22.4,28.6,43,32.4,1016.9,189,403.6,396,10.3,30.98,0.07,58.5,0,1.41,6.33,0.950976,28.22,54.04,17.75,0.95
76,27.2,1240,13.6,2.36,8.23,83.1,73.4,83.4,108,116,128,115,111,122,114,95.5,93.8,-4.96,-3.6,0.733,7.34,13.2,17.9,20.5,19.6,15.9,9.72,3.66,-1.8,45.3,565.7,0.201,0.405,0.828,1.64,4.31,21.5,14.6,36.1,103,102.3,64.5,39.1,27.7,30.2,36.8,52.4,37.5,863.1,184,469.2,493,9,6.72,0.48,63.49,0,1.77,20.42,1.152144,31.18,49.94,18.88,0.84
77,25.6,1160,13.5,2.12,8.08,73.7,66.3,81.8,101,106,122,114,108,110,106,90.2,83.2,-5.24,-3.98,0.291,7.14,13.2,17.9,20.5,19.6,15.9,9.61,3.42,-2.05,41.9,430.3,0.234,0.458,0.922,1.77,4.33,17.6,12.7,33.8,87.4,74.9,47.1,27.4,17.9,19,24.9,38.1,29.5,29041.5,132,437.2,439,10.8,27.63,0.19,59.43,0,1.1,6.47,0.999744,25.78,56.7,17.52,1.66
78,24,1210,14.6,2.98,9.26,85.4,75.5,93.5,101,114,127,121,107,107,91.1,98,92.1,-3.71,-2.3,2.08,8.54,14.2,18.9,21.2,20.4,16.8,10.6,4.47,-0.831,41.9,517.5,0.272,0.508,1.02,2,5.36,26.6,22.6,59.2,103.1,78.1,48.4,31.9,21.4,22.2,24.9,41.1,38,817.7,366,523.7,518,10.7,20.06,1.35,71.07,0,0.12,7.28,1.225296,22.17,54.29,23.55,0.54
79,26.2,1220,13.4,1.81,8.33,78.3,70,91.1,102,114,129,125,111,117,102,94.6,88.7,-4.88,-3.46,0.946,7.62,13.3,18,20.4,19.6,16,9.82,3.66,-1.79,42.5,462.7,0.173,0.385,0.917,1.89,4.88,18.2,13.2,37.6,91.3,79.1,52.2,31.5,21,22.4,25.5,40.1,30.6,120,239,554.7,583,18.3,0.59,0.02,96.97,0,0,0.37,1.450848,35.24,47.34,17.42,0.59
80,23.3,1120,15.1,3.66,9.66,73.5,70.4,85.8,92.1,109,114,107,103,104,93.9,87.2,84.2,-3.44,-2.02,2.38,8.91,14.6,19.4,21.8,21,17.3,11,4.83,-0.472,59.4,424.8,0.541,0.694,0.951,1.35,2.39,21.9,20.5,55.5,84.1,62.3,40.7,23.7,16.8,16.1,20.2,32.2,30.8,223.7,251,388.3,368,7.5,36.33,0.18,37.07,0,0.35,26.08,1.591056,18.82,51.44,29.74,0.6
81,26.7,1150,13.3,1.79,8.1,75.2,65,84.5,96,105,123,117,103,108,98.7,88.5,82.3,-5.12,-3.72,0.596,7.29,13.1,17.8,20.3,19.5,15.8,9.58,3.38,-2.02,39,412.4,0.15,0.351,0.798,1.72,4.7,15,10.6,30,82.7,74.9,49.1,28.5,18.6,19.1,22.9,35.1,25.9,2452.4,206,545.2,551,18,9.48,0.2,83.41,0,0.21,1.9,1.222248,27.85,54.28,17.87,0.91
82,26.2,1230,13.3,2.01,8.38,84.8,68.7,87,105,112,127,124,109,120,108,95.8,88.9,-4.8,-3.35,0.918,7.52,13.4,18.1,20.7,19.8,16.1,9.74,3.57,-1.69,37.3,435.5,0.171,0.424,0.938,1.93,5.24,17.6,12.4,34.6,88.3,76.1,48.1,27.7,17.6,19,25.5,39,29.6,452.7,212,525.8,543,16.5,11.98,0.31,81.81,0,0.14,2.05,1.100328,24.38,57.64,17.98,0.96
83,24.8,1200,14,2.43,8.78,78.7,70.2,88.2,99.4,113,127,119,109,111,99.4,94.3,87.6,-4.37,-2.95,1.43,8.04,13.8,18.5,20.9,20.1,16.4,10.2,4.05,-1.35,44,457.8,0.249,0.493,1.01,1.94,4.84,20.6,16.3,45.1,91.2,73,47.8,29.4,19.9,20.4,23.9,38.3,31.9,14703.8,148,496.1,509,15.5,9.91,0.75,81,0,0.49,4.73,1.316736,28.7,51.25,20.04,0.64
84,26.5,1270,13.3,2.22,8.33,86.7,70.5,86.4,106,118,127,128,118,124,110,99.1,90.9,-4.83,-3.4,0.838,7.45,13.3,18.1,20.6,19.7,16,9.7,3.54,-1.73,37.2,502.5,0.212,0.48,1.02,2,5.3,20.4,14,37.3,96.3,85.6,53.6,32.5,21.6,25.7,32.7,47.9,34.9,1129.5,180,509.3,522,13,10.63,0.24,81.6,0,0.39,2.58,0.996696,28.52,53.51,17.97,0.79
85,21.8,1160,14.8,3.47,9.64,73.1,70.8,89,96.9,114,118,111,105,107,93.6,92.1,85.3,-3.35,-1.91,2.45,8.93,14.6,19.3,21.7,20.9,17.3,10.9,4.79,-0.488,48.6,437.5,0.39,0.586,1.06,1.98,4.78,24.1,22.7,58.7,86.7,63.4,40.2,24.6,16,16.3,19.9,32.5,32.4,572.5,230,477.2,440,13.8,13.53,0.52,74.74,0,0.16,11.05,1.557528,30.79,48.96,20.25,0.64
86,13,1270,18.3,7.2,12.6,84.8,77.1,109,97.7,120,113,126,108,124,113,96.1,106,-0.0606,1.39,5.52,11.4,17,22,25,24.2,20.4,13.8,7.7,2.74,51.1,452.3,0.312,0.541,0.829,1.3,5.67,48.9,54.9,72.8,58.8,45.8,28.9,18.9,16.9,16.9,16.9,27.8,44.8,6.5,55,102.6,105,2.8,3.98,0.17,15.79,0,0,78.88,1.368552,25.99,52.77,21.24,0.6
87,12.5,1210,18.6,7.53,12.7,83.6,79.4,104,94.7,123,109,114,98.2,109,105,92.9,95.1,0.295,1.7,5.64,11.4,16.8,22,25.1,24.3,20.4,13.9,7.86,2.99,54,400.8,0.313,0.447,0.677,1.17,3,42.5,49.9,67.4,53.9,41.4,26.8,16.7,12.9,14.5,15,22.5,37.3,906.6,8,116,124,3.6,26.4,0.57,33.04,0,0.7,31.86,1.456944,33.03,47.32,19.65,0.63
88,24.4,1350,14.6,2.81,9.69,102,96.5,117,115,144,133,136,107,103,94.4,95.9,108,-2.71,-1.01,3.19,9.24,14.3,18.7,21,20.3,16.8,10.9,4.99,-0.0444,40.9,525.6,0.163,0.455,1.09,2.07,5.17,28.2,28.8,69.6,100.7,78.4,49.5,31.8,23.9,20.4,23.8,34.9,35.6,107.2,562,818.5,822,9.8,14.4,2.78,77.64,0,0.13,4.14,1.49352,25.88,52.84,21.27,0.48
89,16.6,1070,17.4,4.39,11.6,72.4,69,90.8,91.4,118,106,112,88,90.7,77.7,74.8,79.2,-0.919,0.783,4.99,11.1,16.2,20.8,23.2,22.5,18.9,12.8,6.77,1.72,40.5,262.8,0.0546,0.12,0.339,0.972,2.83,18.2,25.5,50.3,47.8,34.1,21.4,13.3,9.1,8,8.9,10.9,15.3,570.8,198,406.2,367,14.6,18.74,0.12,76.61,0,0.34,4.15,1.642872,29.81,49.69,20.5,0.89
90,17.4,1130,16.4,3.72,10.4,76,72.9,95.6,95.5,124,109,121,96.3,94,79.7,81.1,83.7,-1.87,-0.1,3.96,9.87,14.8,19.4,21.6,21,17.4,11.4,5.54,0.681,39.9,343.3,0.11,0.219,0.505,1.08,3.12,24.1,29.4,54.1,55,42.2,28.1,18.7,14.2,13.9,16.5,22,25.1,3784.1,175,655.8,646,20.9,14.87,0.16,80.54,0,0.48,3.91,1.63068,30.98,48.75,20.28,0.76
91,15.6,1110,16.8,4.3,11.1,69,66.5,88,93.1,125,115,114,99.4,102,84.9,82.3,75.9,-1.57,0.161,4.38,10.5,15.7,20.5,22.9,22.3,18.5,12.1,6.04,1,39.1,358.7,0.118,0.2,0.424,0.975,2.93,27.8,32.9,56.7,51.8,40.3,27.1,18.7,15.4,15.2,18.6,24.9,29.3,1748.5,150,484.1,469,15.6,11.28,0.05,84.47,0,0.44,3.61,1.694688,35.17,47.27,17.55,0.79
92,17.5,1130,16.9,5.55,11.3,75.7,71.7,94.1,99,119,106,96.8,92.6,105,95.3,89.4,87.5,-1.68,-0.113,4.24,10.5,16.1,21,23.6,22.7,19,12.4,6.24,1.08,48.2,391.4,0.233,0.388,0.729,1.43,3.55,31.2,36.8,68.1,65.7,47.8,30.3,18.4,11.7,11.6,14.4,23,32.4,1309.5,120,265.2,219,7.8,47.98,0.05,38.22,0,0.48,12.42,1.560576,25.93,50.47,23.59,0.69
93,13.4,1030,18.3,5.9,12.5,67.4,62.1,85.8,87.4,113,99.8,97,81.9,98.4,84.7,78.2,74.6,-0.373,1.34,5.61,11.7,17.1,22,24.7,23.9,20.1,13.5,7.3,2.23,49.8,294.5,0.265,0.369,0.58,1,2.6,26.6,33.3,52.6,44.2,33.5,21.4,13.3,9.1,9.6,11.5,15.7,23.7,706.4,110,197.8,190,3.2,50.45,0.27,30.53,0,0.21,17.92,1.670304,16.36,46.87,36.77,0.64
94,13.2,1060,17.8,4.84,11.8,66.3,64.1,84.3,88.1,114,106,115,99.2,98.2,75.9,79.8,74.1,-0.277,1.47,5.38,11.2,16.3,21,23.3,22.7,18.9,12.8,6.82,2.04,44.5,256.2,0.125,0.233,0.418,0.768,1.84,22,28.4,42.6,35.8,26.6,17.7,12,10.6,11.9,12.2,15.7,20.7,37.2,419,488,473,7.8,66.79,0.98,26.29,0,0.03,5.91,1.804416,16.88,33.73,49.39,0.39
95,14.4,1170,17.9,5.22,11.8,74.8,73.2,93.6,96.8,119,112,119,103,111,88.7,91.3,83.8,-0.223,1.54,5.45,11.2,16.2,20.9,23.2,22.6,18.9,12.7,6.88,2.11,47.5,382.2,0.246,0.369,0.599,1.11,2.68,34.2,39.6,58.6,51.7,38.7,25.9,17.2,13.8,18.1,22.1,28.9,33.4,4230.5,139,500.9,449,12.7,32.94,0.08,55.62,0,0.59,10.72,1.688592,25.72,42.53,31.76,0.57
96,13.6,1050,17.9,4.85,11.8,65.7,63.8,82.9,86.7,114,107,109,94.3,98.8,77.7,78.3,71.8,-0.453,1.29,5.26,11.2,16.2,21,23.3,22.7,19,12.8,6.81,1.95,43.7,308,0.149,0.242,0.441,0.902,2.46,27.3,32.8,50,42.2,31.8,21,14.4,12,13.5,15.6,21,26.4,1995.2,165,442.6,403,12.8,34.12,0.06,58.52,0,0.43,6.86,1.712976,25.65,42.55,31.8,0.63
97,14,1120,18,5.22,11.9,71.5,69.1,89.6,92.9,118,110,113,97.8,107,85.5,86.2,79.1,-0.283,1.47,5.44,11.3,16.3,21.1,23.5,22.9,19.1,12.9,6.95,2.11,46.2,350.6,0.205,0.326,0.556,1.07,2.63,31.4,37.1,55.4,48.1,36.2,24,15.9,12.7,15.6,18.8,25,30.4,7872.9,89,439.5,410,12,33.39,0.08,56.32,0,0.63,9.45,1.688592,25.35,43.87,30.78,0.6
98,11.2,1200,18.7,7.36,13.1,80.7,75.8,103,93.5,130,110,116,101,111,100,92.7,89.6,0.66,2.3,6.4,12.1,17.4,22.4,25.3,24.4,20.5,14,8.1,3.2,26,311.9,0.187,0.395,0.691,1.23,4.76,35.1,42.7,54.3,41.3,30.1,20.3,13,10,11,11.3,15.3,27.5,14.2,94,122.7,123,3.2,2.08,0,34.99,0,0.32,60.52,1.35636,29.79,47.77,22.45,0.5
99,12,1200,18.7,7.29,13.1,80.2,75.3,102,93.4,131,108,117,101,111,101,92.7,89.4,0.543,2.18,6.33,12.1,17.4,22.5,25.3,24.5,20.5,14,8,3.12,26.5,318,0.139,0.316,0.597,1.04,2.76,35,44,55,42,31,21,13,10,11,12,16,28,7,83,119,119,3.4,1.43,0.48,55.12,0,0,38.97,1.624584,30.02,52.49,17.48,0.52
100,10.5,1180,18.9,7.57,13.1,77.7,73.7,101,93.4,123,109,117,93,110,100,90.6,88.1,0.633,2.25,6.34,12.1,17.4,22.5,25.4,24.5,20.6,14.1,8.06,3.23,36.1,348,0.127,0.269,0.49,0.787,3.77,39.5,46.5,60.5,46.5,34,22,14,10.5,12,12.5,18.5,31.5,5.4,55,83.8,85,2.7,2.03,0,24.86,0,0,72.14,1.667256,35.46,40.53,24,0.39
101,11.9,1230,18.6,7.43,12.9,84,79.3,108,97.2,127,111,116,99.6,110,108,95.3,96.2,0.464,1.95,5.93,11.7,17.1,22.2,25.3,24.5,20.6,14,7.95,3.12,49.1,391.8,0.161,0.33,0.589,0.965,3.08,41.9,49.3,65.2,51.6,39.6,26.1,16.9,12.4,14.3,15.3,22.8,36.4,34,55,121.7,122,3.7,7.14,0.07,32.02,0,0.02,57.34,1.484376,31.14,50.71,18.15,0.55
102,11.7,1200,19,7.87,13.1,79.9,75.8,104,93.3,123,111,114,98.3,108,105,90.4,92.7,0.663,2.1,6.03,11.7,17.1,22.2,25.4,24.6,20.7,14.2,8.15,3.35,47.3,379,0.179,0.325,0.559,1.02,4.32,41.4,47.6,63.4,50.3,38.5,24.5,16,12.6,13.7,14.9,21,35.1,188.1,7,65.9,53,3.2,5.59,0.32,24.62,0,0.18,62.92,1.246632,34.28,43.91,21.81,1.08
103,11,1180,18.8,7.53,13.2,78.2,73.5,101,92.1,125,110,119,98.2,110,98.5,90,88.6,0.768,2.4,6.47,12.1,17.4,22.5,25.4,24.5,20.6,14.1,8.19,3.33,28.3,325,0.0849,0.214,0.422,0.834,4.99,37.3,44.3,56.6,43.3,31.1,20.5,13.1,10.3,11.1,11.5,16.5,29.4,60.7,61,105.4,107,3.1,0.38,0.01,24.77,0,0.05,72.14,1.658112,34.08,43.72,22.2,0.42
104,11.7,1190,18.8,7.24,13.1,79.3,74.8,101,92,132,106,113,99.1,109,101,92.9,87.5,0.601,2.24,6.38,12.1,17.5,22.5,25.3,24.5,20.5,14,8.06,3.17,27,314.5,0.102,0.32,0.667,1.34,5.06,34.8,42.7,55.1,42.1,31.3,20.7,12.8,10,10.8,11,15.7,27.5,10.9,78,111.4,111,2.1,1.73,0,12.74,0,0.15,83.7,1.47828,25.06,52.51,22.43,0.69
105,10,1200,19.2,7.93,13.3,79.7,77.3,105,92.8,117,111,115,104,115,102,89.9,93.2,1.2,2.72,6.55,12,17.2,22.3,25.3,24.6,20.7,14.4,8.6,3.82,39.8,351.1,0.0109,0.111,0.429,1.07,4.2,42.5,48,61.2,45,31.3,19.9,13.4,11.9,12.2,12.9,19.6,33.2,143.7,13,54.8,60,1.4,9.35,1.04,46.85,0,0.27,27.98,1.045464,36.78,44.32,18.89,1.2
106,10.1,1190,19,7.41,13.4,80.5,77.1,102,96.7,119,109,114,94.2,113,99.8,94.4,92.4,1.04,2.74,6.81,12.5,17.6,22.6,25.4,24.6,20.6,14.3,8.42,3.55,27.8,295.4,0.043,0.142,0.379,0.812,3.03,35.7,41.1,52.7,39.7,29,18.1,12,9,9,9.8,14.2,25.1,19.3,74,104.6,106,3.3,2.03,0,82.4,0,0,4.56,1.69164,38.47,33.4,28.13,0.32
107,10.4,1200,19.1,7.41,13.4,81,77.6,103,98.1,118,108,114,94.6,114,100,94.6,92.5,1.04,2.74,6.81,12.5,17.6,22.6,25.4,24.6,20.6,14.3,8.42,3.55,28.7,297.8,0.0633,0.148,0.338,0.757,2.57,35.9,41.6,53.2,39.9,28.9,18.4,12,9,9,9.9,14.5,25.5,15,70,104.2,105,3.3,2.01,0,82.49,0,0,2.23,1.773936,23.3,47.36,29.33,0.38
108,10.6,1190,19,6.55,13.3,76.7,74.7,94.8,94.6,120,120,118,98.9,115,100,96.2,85.9,1.19,2.95,6.87,12.6,17.6,22.5,24.9,24.2,20.4,14.3,8.39,3.55,46.9,401.9,0.183,0.385,0.729,1.34,3.17,44.4,49.6,61.4,48.9,36.3,26,16.8,12.9,16.2,20.8,29.5,39.1,1209.7,68,263.4,171,10.4,35.7,0.13,56.59,0,0.41,6.23,1.655064,28.97,43.21,27.83,0.51
109,10.9,1170,19.1,6.7,13.3,76.8,73.7,93.8,93.9,120,115,115,95.2,114,97.5,93.3,85.6,0.998,2.75,6.77,12.5,17.6,22.5,25.1,24.4,20.5,14.2,8.3,3.42,45.1,370.8,0.138,0.306,0.614,1.16,3.18,40.7,46.5,59,46.6,34.7,23.8,15.5,11.8,14.3,17.2,25.6,35.1,4135,24,202.3,148,8,35.4,0.25,54.91,0,0.5,5.72,1.61544,28.5,44.6,26.89,0.52
110,9.8,1160,19.9,7.41,13.9,77.9,75.9,96.7,90,113,108,113,95.9,108,98.4,95.1,86.7,1.61,3.39,7.47,13.1,18.1,23.1,25.8,25,21,14.8,8.88,4.05,43.4,378.9,0.11,0.17,0.349,0.821,2.65,45.1,52.9,63.6,46.1,34.1,22,14.6,11.3,12.1,16.9,24.4,35.8,1200.5,20,105.7,105,3.3,19.7,0.22,57.23,0,4.51,4.81,1.673352,28.78,39.49,31.73,0.42
111,9.4,1160,20.1,7.48,14,79.8,76.6,98,90,113,105,112,98.9,106,97.7,94.7,87.9,1.7,3.48,7.56,13.2,18.2,23.2,25.9,25,21,14.8,8.95,4.15,43.2,371.3,0.104,0.202,0.447,0.925,3.02,44.9,52.3,62.4,45.3,33.1,21.2,14.2,11.3,11.6,16.7,23.4,34.9,2796.3,15,100.7,99,3.1,20.02,0.22,57.85,0,2.21,5.01,1.636776,31.33,36.66,32.01,0.44
112,9.3,1180,20.1,7.86,14.1,81.5,78,102,90.1,115,107,114,99.5,108,101,93.6,91.6,1.85,3.57,7.56,13.2,18.2,23.2,25.9,25.1,21.1,15,9.13,4.34,43.5,359.6,0.0972,0.237,0.538,1.13,2.58,44,51.6,62.7,44.9,32.7,20,13.5,10.5,11.3,15.1,20.7,32.6,1554.8,15,67,64,2.6,13.92,0.29,56.83,0,0.72,6.6,1.511808,46.69,30.63,22.69,0.45
113,13.7,1200,17.6,5.09,11.7,84.3,81.1,101,104,125,111,119,97.2,103,87.5,93,93.2,-0.251,1.54,5.62,11.2,16,20.5,22.7,22.1,18.5,12.6,6.78,2.14,44.3,412.1,0.224,0.338,0.593,1.31,3.5,39.9,48.8,68,57.3,42.3,28.4,18.2,13.1,14.2,18.7,27.5,35.7,7976.2,182,614.1,589,18.4,12.02,0.06,81.78,0,0.56,5.28,1.734312,31.66,41.9,26.44,0.58
114,11.4,1200,18.7,6,12.8,83.7,80.3,100,99.8,121,109,116,99.8,107,93.2,95.2,92.8,0.728,2.56,6.65,12.2,17.1,21.8,24.1,23.4,19.7,13.7,7.81,3.09,46.8,403.2,0.214,0.368,0.673,1.27,3.19,42.7,50.4,65.4,52.6,39,26.2,17.3,12.6,14.4,19.1,26.9,36.6,16207.1,61,420.9,368,13.7,14.27,0.1,76.54,0,0.71,6.41,1.716024,28.94,41.89,29.17,0.51
115,8.2,1160,20.6,7.48,14.6,89.7,78.5,103,90,110,93.1,111,104,104,94.3,92.2,92.6,2.5,4.35,8.4,13.9,18.8,23.8,26.3,25.5,21.6,15.5,9.62,4.87,45,349.4,0.0865,0.191,0.418,0.907,3.07,43.8,52.3,60.4,44.4,30.7,19.2,12.9,9.7,11.1,14.5,20,30.4,3482.5,22,119.2,112,3.6,18.1,0.26,65.4,0,1.05,3.82,1.53924,31.06,32.92,36.02,0.43
116,7.4,1190,20.9,8.36,14.4,88,76.3,105,90.1,113,105,118,115,107,94.7,90.1,91.4,2.33,4.06,8.03,13.6,18.5,23.5,26.3,25.3,21.4,15.3,9.49,4.82,46.3,352.1,0.0899,0.29,0.679,1.3,3.21,44.4,51.2,59.4,41.8,29.5,18.2,13.6,11.6,13.2,15.7,21.3,32.2,646.9,5,48.1,46,1.8,9.02,0.5,35.73,0,0.43,34.58,1.338072,50.7,28.78,20.53,0.56
117,4.3,1220,21.9,8.85,15.7,95.1,82.2,109,93.8,96,111,123,125,117,91.6,83.1,90.9,4.12,6,9.7,14.8,19.9,24.7,27,26,22.4,16.4,10.7,6.36,37.2,361.6,0.106,0.207,0.479,1.1,3.12,47.2,57.6,62.3,43.9,30.6,19.7,13.9,11.3,14,14.1,18.8,28.2,5753.9,10,76.7,74,2,26.98,0.14,45.28,0,0.73,7.7,1.335024,41.8,27.62,30.57,0.48
118,5,1270,21.3,8.51,15.3,98.2,87.9,116,102,104,117,128,114,112,97.7,94.9,99.2,3.64,5.61,9.48,14.4,19.5,24.3,26.6,25.7,22,15.9,10.3,5.78,31.4,387.8,0.0462,0.11,0.3,0.734,2.91,51.2,61.7,67.5,48.9,33.2,22.3,15,10.6,11.6,12.9,21.3,31.6,170.9,150,200,201,2.9,25.01,0.05,56.33,0,1.25,11.82,1.530096,24.73,39.04,36.23,0.44
119,5.7,1260,21.4,8.45,15.5,99.1,81.8,118,104,109,112,125,110,113,101,92.9,96.7,3.75,5.71,9.6,14.5,19.7,24.5,26.8,25.9,22.2,16,10.4,5.93,30,383.4,0.0229,0.0829,0.243,0.625,2.72,50,60,67,50,34,23,16.7,11,11.1,12.2,19.3,29.1,20.7,120,154.8,155,4.1,32.24,0.13,51.98,0,0.34,9.44,1.469136,23.65,41.16,35.19,0.48
120,5.2,1280,21.3,8.41,15.5,98.8,84.4,117,105,110,115,128,112,113,101,94.5,99.1,3.82,5.79,9.66,14.6,19.7,24.6,26.8,25.9,22.2,16.1,10.5,5.98,30.6,383.4,0.0191,0.0405,0.107,0.394,2.52,50.4,60.6,67.1,49.1,33.5,22.4,15.7,10.7,11.2,12.5,20.1,30.1,254.5,81,175,180,3.1,27.07,0.05,58.07,0,0.91,7.59,1.496568,25.21,39.21,35.59,0.47
121,5.3,1230,21.2,8.12,15.3,96.2,82.3,112,99.9,103,110,121,107,113,99.7,93.1,98.4,3.62,5.54,9.46,14.4,19.6,24.4,26.6,25.8,22.1,15.9,10.3,5.81,30.9,381.6,0.0374,0.109,0.298,0.742,3.23,50.5,59.4,66.4,49.3,32.8,21.7,15.5,10.4,11.6,12.9,20.4,30.7,384.7,112,181.7,183,2.9,28.77,0.14,56.51,0,0.36,6.28,1.517904,25.52,38.73,35.74,0.45
122,6,1240,21.5,8.66,15.8,97.5,80,116,99.7,108,110,121,109,111,98.9,89.6,93.6,4.08,6.05,9.93,14.8,20,25,27.1,26.2,22.5,16.4,10.8,6.27,29,379.3,0.0159,0.0562,0.174,0.518,2.42,49,59,66.1,48.1,34,23,16.1,12,12,12.9,19,28.1,3.1,82,119.1,123,3.7,0.43,0,91.55,0,0,1.78,1.441704,28.25,34.95,36.8,0.55
123,3.3,1230,21.8,9.43,16,97.5,85.2,109,91.1,101,115,122,126,115,95.8,84.9,92.9,4.4,6.37,10.1,15,20.2,25.2,27.2,26.2,22.7,16.5,10.8,6.54,26.1,362.8,0.0285,0.0944,0.289,0.801,4.66,48.8,59.1,62,43,30.1,20.6,15.4,11.1,13.2,13.4,19.1,27,53.9,104,134.6,136,3.3,2.29,0.06,18.25,0,1.59,75.34,1.603248,27.74,34.01,38.25,0.45
124,3.5,1260,22.1,9.49,16.1,98.7,85.6,110,94.2,103,113,132,130,126,91.6,84.5,93.9,4.59,6.55,10.2,15.2,20.3,25.1,27.1,26.2,22.7,16.7,11.1,6.78,34,373.3,0.199,0.327,0.624,1.36,2.7,49.7,59,62.9,44.3,29.7,20.3,16,12.1,15.9,15.1,19.8,28.5,7021.5,10,88.1,80,2.1,27.53,0.33,33.96,0,1.71,17.69,1.26492,41.13,28.55,30.31,0.48
125,2.8,1270,22.4,9.84,16.3,99.2,85.7,109,95.4,101,113,133,140,135,88.2,80.2,91.6,4.87,6.83,10.4,15.4,20.4,25.1,27.1,26.2,22.8,16.9,11.4,7.1,39.4,363.8,0.134,0.272,0.609,1.33,3.14,48.9,57.6,61.2,41.8,27.8,18.9,14.7,12.5,18.3,16,18.9,27.2,1908.6,8,45.4,39,1,43.89,0.17,21.34,0,1.24,9.55,1.106424,56.35,20.87,22.78,0.51
126,5,1250,21.4,8.75,15.5,97.2,88.4,113,99.6,102,113,128,114,109,94.9,91,97.1,3.81,5.78,9.65,14.6,19.7,24.5,26.7,25.8,22.2,16.1,10.5,5.95,30.5,399.6,0.0163,0.0563,0.188,0.553,2.74,52.6,63.6,68.8,49.6,34.5,23.1,15,11,12,13.6,23.2,32.6,19.6,168,197.4,196,3.5,17.09,0.28,72.94,0,0.17,4.47,1.469136,23.65,41.16,35.19,0.48
127,5,1240,21.5,8.9,15.8,95.1,88.1,112,96.8,100,109,126,115,112,96.5,90,96.3,4.08,6.06,9.91,14.8,20,24.8,27,26.1,22.4,16.3,10.7,6.23,29.9,405.3,0.0325,0.102,0.271,0.655,2.6,53,64.6,69,50.6,35,23.7,15,11,12.6,13.8,24,33,21.5,138,175.3,174,3.4,19.37,0.05,70.13,0,0.44,5.26,1.514856,23.49,40.46,36.05,0.45
128,4,1220,21.9,9.35,16.1,93.5,84.5,108,89.8,101,112,120,127,115,94,85.4,90,4.45,6.43,10.2,15.1,20.3,25.2,27.3,26.4,22.8,16.6,11,6.58,26,362.4,0.0141,0.071,0.269,0.77,4.27,49.3,60,62.2,43.2,29.9,20.2,14.8,10.8,12.8,12.8,19.1,27.3,31.1,74,108.1,107,2.5,11.08,0.05,43.2,0,0.24,32.65,0.713232,23.3,40.38,36.32,0.52
129,1,1220,24,11,17.7,96.9,94.5,104,80.6,84.2,121,127,133,103,93.8,81.9,99.8,6.5,8.71,12.3,16.6,21.8,26.4,28.4,27.4,24.1,18.1,12.5,8.4,55.9,308.2,0.189,0.358,0.657,1.23,3.27,42.3,49.3,58.4,40.1,24.1,17.5,14.2,11,8.2,10.5,12.4,20.2,154.5,42,87.3,84,3.3,1.98,0.03,27.75,0,2.31,55.01,1.40208,75.84,10.07,14.08,0.47
130,1,1250,24,10.5,17.8,110,105,112,84.5,79.2,127,118,121,102,88.9,87.3,112,6.75,9.03,12.6,16.9,22,26.5,28.4,27.5,24.1,18.2,12.7,8.63,61.7,391,0.322,0.496,0.767,1.11,2.17,53.4,64.9,73.4,52.3,30,22,15,13.2,10,13.5,16.3,27,40.4,105,159.7,162,3.8,12.68,0.04,53.77,0,0.98,5.27,1.55448,66.64,15.09,18.27,0.57
131,0,1230,24.6,11.5,18.3,99.2,94,102,81.1,86.2,127,137,131,106,95.3,72.8,95.3,7.7,9.94,13.1,17.1,22.2,26.7,28.3,27.3,24.4,18.8,13.5,9.57,67.3,307.8,0.0674,0.133,0.255,0.672,2.27,39.9,48.9,53.7,36.3,24.6,18,14,15,11,14,13,19.4,61.6,38,50.4,51,0.1,38.37,0.02,27.62,0,0.01,5.45,0.612648,55,21.47,23.52,0.63
132,0.5,1270,24.5,11.3,18.3,103,99.3,105,85.5,85.4,134,136,139,110,93.4,79.1,102,7.59,9.84,13.2,17.2,22.3,26.7,28.4,27.5,24.4,18.8,13.4,9.49,69.8,333.8,0.194,0.302,0.527,1.02,1.96,43.6,53.1,58.9,40.5,25.8,19.4,15.5,14.8,11.6,14.1,14.2,22.3,7077.1,17,76.9,70,1.3,23.97,0.26,29.7,0,0.73,6.12,1.072896,62.77,17.2,20.03,0.64
133,5.8,1970,19.2,7.05,13.7,175,159,169,153,153,161,174,165,157,147,170,192,3.14,5.15,8.54,12.9,17.8,21.8,23.5,22.9,19.7,14.2,9.05,5.07,66.7,1125.4,1.03,1.57,2.38,3.56,6.28,124.2,133.7,148.6,122,95.2,73.4,57.3,55.1,52.8,64.6,87.1,111.4,526.8,366,757.4,748,20.1,1.87,0.15,93.12,0,0.08,3.67,1.780032,43.8,35.86,20.33,0.68
134,2,1350,22.6,10.5,16.7,119,125,124,105,100,113,129,112,103,91.8,107,124,5.35,7.75,11.5,15.9,21,25.2,27,26.6,23.2,17.2,11.5,7.28,45.8,459.1,0.244,0.377,0.589,1.03,5.48,62.6,76.6,86.5,64,40.8,25.4,18.5,12,9.3,8.3,19.8,35.3,59.6,241,283.5,285,3.9,0.29,0.04,19.83,0,0.13,78.54,0.981456,35.72,28.39,35.88,0.27
135,2,1360,22.5,10.4,16.7,120,124,125,106,102,114,129,115,105,92.3,108,125,5.41,7.8,11.5,16,21.1,25.3,27.1,26.7,23.3,17.2,11.6,7.34,46.1,474.7,0.154,0.233,0.412,1.21,5.16,66.5,79.9,88.7,65.7,40.9,25.8,17.8,12,9.8,8.8,21.1,37.7,27.6,237,290.1,294,4.2,1.13,0.11,11.81,0,0.11,86.35,1.008888,34.15,29.6,36.25,0.28
136,2,1300,22.9,10.5,17.1,116,123,124,101,89.8,114,115,108,95.3,89,100,122,5.78,8.13,11.8,16.3,21.4,25.6,27.4,27,23.6,17.6,11.9,7.71,49.3,448.8,0.226,0.426,0.717,1.26,3.58,62.8,75.6,85.6,61.6,39,24.5,18.1,11.5,9,8.9,17.5,34.7,67.1,200,244.8,243,3.7,8.57,0.47,48.68,0,0.97,33.77,1.667256,40.38,30.15,29.46,0.37
137,3,1360,22.3,10.3,16.6,124,125,124,103,102,113,117,110,107,97.7,106,126,5.36,7.66,11.4,15.9,21,25.2,26.9,26.5,23,17.2,11.6,7.29,50.6,525.7,0.202,0.328,0.545,1,5.27,75.7,85.6,95.2,72.2,46.3,28.4,19.9,12.9,10.4,11,23.4,44.7,19.3,271,309.4,311,3.5,0.77,0.41,16.56,0,0.14,80.95,1.76784,35.2,29.98,34.82,0.28
138,3.1,1360,22.3,10.3,16.6,122,125,126,102,103,113,120,111,109,96.8,108,126,5.33,7.66,11.4,15.9,21,25.2,26.9,26.5,23.1,17.2,11.5,7.26,50.4,528.6,0.434,0.663,1,1.63,5.17,76.2,86.6,95.6,72.7,46.5,28.5,19.9,12.7,10.4,10.7,23.6,45.2,351.2,250,299.1,298,3.9,1.42,0.5,19.49,0,0.81,74.87,1.612392,36.47,29.83,33.71,0.3
139,3.1,1360,22.3,10.3,16.6,122,125,126,101,102,114,119,111,108,96.5,107,125,5.35,7.67,11.4,15.9,21,25.2,26.9,26.6,23.1,17.2,11.5,7.27,50.3,523,0.385,0.57,0.863,1.42,4.89,75.3,85.8,94.9,72,46,28.2,19.7,12.5,10.3,10.6,23.3,44.4,418.4,224,295.5,295,4,1.55,0.44,21.82,0,0.78,72.69,1.588008,37.28,29.81,32.91,0.32
140,2.5,1330,22.5,10.4,16.7,120,124,123,103,99.3,116,115,110,101,95.9,104,123,5.42,7.76,11.5,16,21.1,25.4,27.1,26.7,23.2,17.3,11.6,7.34,50,483.9,0.23,0.469,0.781,1.42,4.06,68.5,80,90,66.5,42.4,26.6,18.5,12,10,10,20.4,39,26.2,231,282.6,284,3.8,4.47,0.25,33.42,0,0.76,59.67,1.618488,45.74,29.65,24.61,0.48
141,2.8,1340,22.5,10.4,16.7,121,124,125,102,100,115,118,111,105,95.1,105,124,5.41,7.74,11.5,16,21.1,25.3,27,26.6,23.2,17.3,11.6,7.33,50.2,503.3,0.324,0.54,0.853,1.46,4.43,72,83.1,92.4,69.2,44.1,27.3,19.2,12.3,10,10.1,21.9,41.7,662.9,194,283.6,286,4.4,2.88,0.99,29.48,0,1.34,61.26,1.588008,39.44,29.97,30.59,0.36
142,2.6,1350,22.4,10.3,16.7,122,125,123,104,100,115,116,111,103,97.1,105,125,5.43,7.73,11.5,15.9,21.1,25.4,27.1,26.7,23.2,17.3,11.6,7.35,50.6,492,0.429,0.617,0.864,1.36,4.05,69.8,80.7,91,67.6,43.4,27.2,18.6,12,10,10.1,21,40.6,44.7,261,296.5,297,3.2,8.64,0.18,27.19,0,1.13,59.73,1.612392,45.27,29.89,24.84,0.47
143,2.6,1350,22.4,10.3,16.7,122,125,125,104,100,115,118,111,102,98.2,105,125,5.43,7.73,11.5,15.9,21.1,25.4,27.1,26.7,23.2,17.3,11.6,7.35,52.3,483.1,0.206,0.41,0.719,1.36,4.5,68.1,79.1,89.9,66.1,42.8,26.7,18.2,12,10,10.4,20.7,39.1,21.3,276,300.2,300,2,14.14,0.58,20.36,0,1.19,54.51,1.64592,47.52,28.72,23.76,0.51
144,2,1320,22.7,10.4,16.8,120,122,124,102,97.1,112,118,110,95.7,94.7,104,124,5.55,7.84,11.6,16.1,21.2,25.5,27.2,26.8,23.3,17.4,11.7,7.47,52.6,463.2,0.292,0.467,0.77,1.33,3.47,64.8,76.4,87.5,63.5,41.1,25.3,18,11.8,9.2,10,19.1,36.5,66.9,201,262,266,4.5,20.45,1.17,45.12,0,0.77,19.9,1.609344,44.93,30.07,25,0.46
145,3,1360,22.2,10.2,16.6,125,126,126,104,100,114,117,109,105,99.9,107,127,5.3,7.59,11.3,15.8,20.9,25.2,26.8,26.4,23,17.1,11.5,7.23,53,513.6,0.171,0.312,0.714,1.12,3.94,73.9,83,93.9,70.9,45,28,19,12.9,10,11.9,22.1,43,13.9,268,313.5,315,3.7,2.39,0.08,15.55,0,0.79,78.7,1.780032,34.71,30.01,35.28,0.28
146,2.9,1360,22.2,10.2,16.6,125,126,126,104,100,114,117,109,104,100,108,127,5.3,7.58,11.3,15.8,20.9,25.2,26.8,26.4,23,17.1,11.5,7.23,53.9,508.2,0.297,0.503,0.832,1.36,3.85,72.7,81.8,93,70.3,44.6,28,19.2,12.6,10,11.6,22.1,42.3,79.5,242,308.5,313,4.4,7.07,0.82,30.42,0,0.53,56.82,1.761744,35.36,29.97,34.68,0.28
147,1.2,1270,23.8,10.9,17.8,118,120,123,95.2,83.1,108,120,108,94,82.6,97.7,126,6.66,9.02,12.6,16.9,22,26.3,27.9,27.4,24.2,18.3,12.7,8.56,49,397.9,0.195,0.315,0.544,1.07,2.49,53.9,69,79,56.2,34.7,21.1,16,10.2,7.9,7.1,13.3,29.5,9790.7,72,186.1,182,3.5,13.64,0.6,48.99,0,1.4,20.67,1.6002,42.14,27.38,30.49,0.37
148,0.9,1260,24.2,11.3,18.2,118,118,120,92.7,80.5,112,118,110,94.5,79.4,93.6,123,7.24,9.63,13.1,17.3,22.4,26.6,28.1,27.6,24.5,18.7,13.2,9.14,47.8,369.5,0.246,0.362,0.597,1.18,2.46,49.8,64.9,73.8,52.1,32,19.7,15,9.8,7.5,6.6,12.1,26.2,13566.9,30,157.3,141,3,16.87,0.46,46.66,0,1.18,16.15,1.484376,45.84,25.3,28.85,0.41
149,3.3,1380,22.1,10.1,16.5,126,128,127,104,101,114,117,112,105,102,110,128,5.22,7.49,11.2,15.7,20.8,25.1,26.7,26.3,22.9,17,11.4,7.14,55.6,516,0.24,0.466,0.786,1.44,4.65,73.7,82.3,93.7,71.3,45.9,28.9,19.6,12.6,10.3,11.9,22.9,42.9,14.8,286,322.7,324,4,3.46,0.81,27.69,0,0.25,63.39,1.73736,36.23,29.91,33.86,0.28
150,0,1360,29,16.5,23.3,57.9,61,82.6,63,90.7,233,205,207,179,80,49.7,49.5,17.1,18.6,20,22.6,25.7,27.8,28.3,28.3,27.2,24.4,21,18.5,52.2,208.1,0.0679,0.137,0.283,0.662,1.88,10.6,12.9,15.7,9.2,8.4,22,22.5,23.3,33.7,25.1,14.7,10,307.6,16,31.8,31,0.4,15.96,0.46,1.99,0,17.7,35.55,0.926592,91.44,4.46,4.1,1.35
151,0,1410,28.6,17.2,23.6,63.4,59.9,94.6,68.1,101,223,188,203,188,110,63,51.6,17.8,19,20.4,22.7,25.5,27.7,28.2,28.2,27.1,24.8,21.7,19.3,49.8,195.7,0.0247,0.0741,0.172,0.641,3.35,11.1,11.5,16.7,9.8,9.7,18.4,17.8,20.3,28.6,26.6,14.8,10.4,135.1,7,15.8,17,0,75.22,0.12,0.02,0,0.38,2.84,0.26212800000000003,90.57,4.49,4.94,0.69
152,0,1370,29.1,16.7,23.4,56.3,58.4,81.2,58.2,91.1,239,213,225,186,74.3,46,46.7,17.1,18.5,20,22.7,25.8,28,28.4,28.4,27.3,24.5,21.2,18.7,43.7,222.7,0.0527,0.143,0.343,1.29,4.29,11.5,13.2,17.1,9.6,9,22.7,24.4,25.8,35.6,27.4,15.5,10.9,540.7,8,19.1,19,0,59.88,0.09,0.04,0,0.27,1.07,0.231648,89.47,4.91,5.63,3.87
153,0,1520,28.7,16.9,23.1,74.4,65.1,93.2,67.6,80.8,253,242,250,198,76.6,53.7,61.1,16.4,17.9,19.6,22.4,25.6,27.9,28.4,28.4,27.2,24.2,20.7,18.1,30.2,281,0.0686,0.155,0.299,0.964,4.94,16,17.3,23.7,14,10,21,28,38.7,49.6,28.6,18.5,15.6,174.3,16,32.7,33,0.2,31.97,1.95,1.41,0,1.51,1.47,0.499872,92.88,4.78,2.34,0.27
154,0,1490,28.7,16.9,23,70.7,67.8,92.7,66.2,85.3,242,233,241,193,77.7,53.6,66,16.2,17.8,19.4,22.1,25.4,27.9,28.4,28.4,27.2,24,20.5,17.9,41.6,235,0.107,0.256,0.51,1.11,2.5,14.2,16.6,23.5,14,11.6,18.3,23.7,26.8,37.1,21.5,14.5,13.2,281.4,17,37.2,37,0.3,6.06,7.99,0,0,9.78,3.61,0.573024,81.73,6.42,11.85,2.72
155,0,1430,28.6,16.8,22.7,76.8,69.8,92.8,66.8,81.2,229,215,223,178,77,53.3,66.8,15.8,17.5,19.1,21.9,25.2,27.8,28.4,28.2,27,23.8,20.1,17.5,38.3,219.6,0.124,0.225,0.36,0.773,3.73,14,16.4,26.4,16,14,17,20,22.4,30.5,17.4,12.3,13.2,22.4,34,46,46,0.3,6.2,1.5,0.06,0,0.29,65.24,1.167384,90.59,4.48,4.93,0.55
156,0,1450,28.5,16.8,22.7,79.2,70.9,93,67.3,79.1,232,222,231,180,74.1,52.5,68.3,15.8,17.4,19,21.9,25.2,27.8,28.4,28.3,27.1,23.8,20.1,17.5,39.4,250.1,0.242,0.317,0.445,0.878,2.7,16.2,20.3,29,16.8,14.3,18.2,21.2,27.3,36.6,20.9,14.3,15,618.7,11,32.1,30,0.5,23.7,0.76,3.03,0,1.01,30.48,0.551688,86.78,5.58,7.64,2.21
157,0,1450,28.5,16.9,22.8,78.6,71.1,92.5,66.5,79.4,233,221,234,182,74.1,52.5,68,15.9,17.4,19.1,21.9,25.2,27.8,28.5,28.4,27.2,23.9,20.2,17.6,39.5,257.8,0.145,0.214,0.342,0.761,2.37,16.6,20.9,29.4,17,14.3,18.4,21.5,29,38.5,21.9,14.9,15.4,985,9,28.4,28,0.4,22.9,0.67,1.97,0,1.19,30.56,0.5334,86.96,5.53,7.51,1.81
158,0,1430,27.9,17.5,22.9,81.4,69.9,91.7,65.5,69.2,200,233,239,191,72.2,50.3,68.8,16.2,17.4,19.1,21.8,25.2,27.9,28.6,28.7,27.5,24.3,20.5,17.9,32.9,245.5,0.00228,0.0232,0.137,0.633,2.6,15.7,20,29.3,15.9,12.2,15.2,17.7,28.1,38.1,22.4,14.5,16.4,80,3,11.7,12,0.1,13.99,0.32,8.89,0,6.95,23.41,0.4572,91.8,4.3,3.9,3.87
159,0,1390,28.5,16.7,22.6,77.2,66.4,94.1,66.1,83.9,221,206,212,167,74.6,53.7,67.1,15.6,17.3,19,21.8,25.1,27.8,28.3,28.2,27,23.7,20,17.4,46.1,214.5,0.00942,0.0432,0.154,0.57,2.06,13.4,17.5,26.3,15,12.7,15,17.4,22.2,30.1,17.9,13.1,13.9,649.6,25,35.8,36,0.1,26.16,0.37,2.59,0,1.07,4.55,0.27432,86.18,5.54,8.28,8.41
160,0,1340,27.9,15.6,22.2,83.9,72.8,101,65.3,78.6,203,191,198,155,67.9,56.8,66.7,14.9,16.6,18.4,21.3,24.8,27.7,28.4,28.3,26.9,23.3,19.4,16.7,68.8,228.7,0.164,0.235,0.335,0.488,0.76,17.2,23.9,31.6,20.3,14.9,17.9,18.7,20.7,24.8,15.4,10.4,12.9,940.1,12,23.1,23,0.6,30.55,1.69,5.89,0,2.34,21.08,1.024128,85.69,5.76,8.55,3.63
161,0,1330,26.5,13.1,20.4,112,103,116,81.1,73.3,170,158,164,122,80.6,62.9,90.7,11,13.3,16.1,19.6,23.8,27.3,28.4,28.1,25.9,21.4,16.4,12.9,33.5,296.4,0.0399,0.105,0.274,0.761,2.16,35.2,44.3,49.3,35.2,22.7,17.8,17,16.9,16.4,11.1,11.2,19.3,3322.2,29,40.8,38,0,1.08,0.03,25.99,0,0.18,3.36,0.204216,78.54,10.95,10.51,5.16
162,0,1310,25.8,12.8,19.7,122,121,134,86.8,72.4,139,134,130,103,75.2,82.1,110,9.69,12.1,15.1,18.9,23.6,27.1,28.1,27.7,25.5,20.5,15.4,11.6,42.1,323.5,0.0213,0.077,0.265,0.839,3,42.5,56.5,61.8,44.4,27.3,18.4,14.6,11.3,9.9,8.4,9.6,18.8,3863.7,28,81.5,79,1.1,38.38,0.1,30.37,0,0.69,8.16,0.9144,61.55,16.67,21.78,0.67
163,4,1420,21.8,9.98,16.5,130,131,130,108,108,116,123,110,110,104,114,133,5.3,7.58,11.3,15.8,20.9,25.1,26.7,26.4,22.9,17.1,11.5,7.23,56.9,578.1,0.533,0.754,1.02,1.51,4.32,83.8,93.6,102.8,79.3,50.7,30.7,20.6,13.8,11.1,12.8,26.5,52.4,24.4,288,329.8,329,5.6,2.27,0.89,38.08,0,0.34,53.55,1.776984,34.9,29.99,35.11,0.28
164,4,1420,21.9,10,16.6,129,131,130,108,109,117,124,110,112,103,113,133,5.31,7.6,11.3,15.8,21,25.1,26.7,26.4,22.9,17.2,11.5,7.25,56.1,564,0.28,0.485,0.75,1.2,4.23,82,92,101,78,50,30,20,13,11,12,25,50,13.1,298,324.5,323,3.8,4.59,0.7,30.36,0,0.1,60.7,1.792224,34.34,30.03,35.63,0.29
165,3.9,1410,21.9,10.1,16.4,128,129,130,107,107,116,123,112,109,103,113,131,5.19,7.48,11.2,15.7,20.8,25,26.7,26.3,22.8,17,11.4,7.12,55.5,556,0.289,0.52,0.841,1.38,4.14,80.2,89.8,99.5,76.3,48.9,29.8,20.1,13.5,11,12.5,25.7,48.7,122.1,278,333.2,334,4.4,5.21,0.53,32.49,0,0.28,56.85,1.758696,35.49,29.96,34.55,0.28
166,3.9,1370,22.3,10.2,16.6,120,124,126,101,104,114,124,112,110,95.6,108,126,5.22,7.56,11.3,15.8,20.9,25.1,26.8,26.5,23.1,17.1,11.4,7.14,49.5,551,0.259,0.416,0.64,1.2,6.52,79.9,90,98,75.1,48.1,29.1,21,13.9,11.9,11,25,48,23,268,303,304,3.9,1.34,0.04,12.88,0,0.86,83.2,1.34112,34.28,29.93,35.79,0.28
167,4,1390,22.1,9.93,16.4,127,128,130,110,110,112,128,110,103,94.8,112,130,5.01,7.4,11.2,15.7,20.8,25,26.8,26.5,23,16.9,11.2,6.93,49.7,547.9,0.257,0.443,0.715,1.21,4.79,77.7,89.7,98.1,76.4,49.1,29.5,20.8,13.7,10.2,11.5,24.5,46.7,79.5,270,317.9,318,4.1,0.67,0.05,21.37,0,0.48,76.66,1.200912,34.26,29.9,35.84,0.28
168,3,1370,22.4,10.3,16.5,120,123,127,101,104,113,125,114,111,94.1,109,125,5.2,7.57,11.3,15.8,20.9,25.2,26.9,26.5,23.1,17.1,11.4,7.11,48,518,0.162,0.304,0.54,1.03,6.69,74,85.9,94,71.5,45.2,28.2,19.2,12.9,10,9.9,24,43.2,91.3,249,294.3,294,4,0.12,0.01,16.03,0,0.36,82.5,1.200912,34.28,29.9,35.82,0.28
169,2.7,1370,22.4,10.3,16.6,123,124,127,103,103,114,126,116,108,93.1,108,127,5.23,7.6,11.4,15.8,20.9,25.2,26.9,26.6,23.1,17.1,11.4,7.14,47.5,500.8,0.203,0.345,0.557,0.985,6.06,71,83.9,91.5,69.3,43.3,27.4,18.2,12.2,10,9.5,23.5,41,71.6,255,301.4,303,3.7,0.23,0.01,20.07,0,0.17,78.93,1.197864,34.39,29.9,35.71,0.28
170,2.6,1360,22.4,10.3,16.6,121,122,126,103,104,113,126,114,108,93.3,108,125,5.23,7.6,11.4,15.8,20.9,25.2,26.9,26.6,23.1,17.1,11.4,7.14,47.3,507.2,0.199,0.344,0.578,1.09,5.28,72.2,84.6,92.3,70.2,44.2,27.7,18.6,12.5,10,9.5,23.7,41.7,221.7,244,292.1,293,4,0.12,0.02,16.16,0,0.24,82.79,1.136904,34.72,29.45,35.83,0.28
171,3.1,1380,22.3,10.2,16.5,122,123,128,103,106,115,126,114,111,94.4,110,128,5.15,7.52,11.3,15.8,20.9,25.1,26.9,26.5,23.1,17,11.3,7.07,47.8,526.2,0.212,0.357,0.627,1.1,5.51,75.2,86.9,95,72.9,46.2,28.8,19.5,13,10.2,10.1,24.2,44.2,68.1,249,298.3,300,4.1,0.1,0.06,17.94,0,0.93,80.39,1.200912,34.26,29.9,35.84,0.28
172,3,1370,22.4,10.2,16.6,122,122,128,102,106,114,126,114,109,93.9,109,127,5.2,7.57,11.4,15.8,20.9,25.2,26.9,26.6,23.1,17.1,11.4,7.12,47.4,523,0.276,0.436,0.716,1.3,6.1,74.6,86.5,94.7,72.6,45.9,28.7,19.5,13,10.1,10,23.9,43.5,96.5,232,291.3,294,4.4,0.26,0.07,24.27,0,0.69,74.19,1.185672,34.35,29.8,35.85,0.28
173,2,1350,22.5,10.4,16.6,118,123,122,103,105,112,132,111,105,93.5,107,122,5.27,7.67,11.4,15.9,20.9,25.2,26.9,26.6,23.1,17.1,11.4,7.19,45.6,491.8,0.177,0.273,0.453,0.814,5.06,68.9,82,90.5,68.2,43.3,26.9,19.2,12.2,10,9.2,22.1,39.3,35.1,242,285.7,286,4.2,0.99,0.47,13.11,0,0.1,84.55,0.88392,36.27,27.67,36.06,0.26
174,2.5,1400,22.3,9.65,16.5,128,138,133,112,110,108,130,105,95.8,89.6,115,132,5.24,7.66,11.4,15.8,20.8,24.9,26.7,26.4,22.9,17,11.3,7.16,47.2,548.3,0.177,0.362,0.659,1.25,3.06,76.2,88.7,97.9,77.3,51,30.4,22.4,13.6,10.3,11,23.8,45.7,172.2,258,333,335,5.4,14.42,0.86,59.05,0,1.27,16.54,1.73736,36.03,29.92,34.05,0.28
175,3.7,1470,21.7,9.46,16,135,135,135,114,112,119,130,119,108,104,119,139,4.88,7.19,10.9,15.3,20.4,24.5,26.2,25.9,22.5,16.6,11,6.79,56.5,644.1,0.59,0.8,1.1,1.7,3.23,87.8,99,108.2,84,55.7,35.2,25.8,19.3,16,19.3,34.7,59.1,6250.6,212,367.9,331,6.7,9.52,0.37,49.41,0,3.31,32.14,1.606296,36.46,30.94,32.6,0.32
176,3.5,1460,21.9,9.5,16.1,134,135,135,114,111,118,130,118,107,102,119,139,4.97,7.29,11,15.4,20.4,24.6,26.3,26,22.6,16.7,11.1,6.88,55.9,632.9,0.51,0.688,0.986,1.68,3.41,86.5,97.8,107.2,83.2,54.9,34.5,25.2,18.6,15.3,18.3,33.5,57.9,6918.4,208,358.7,326,6.5,10.26,0.37,50.5,0,3.17,29.87,1.612392,36.43,30.9,32.67,0.32
177,2.2,1460,22.4,9.14,16.8,141,145,145,121,108,116,134,104,89.9,92.6,121,144,5.66,8.1,11.8,16.1,21,25.1,26.8,26.6,23.2,17.4,11.6,7.56,51.7,557.5,0.342,0.504,0.832,1.4,2.72,79,91.4,102.8,80,49.4,29.6,19.6,11.8,9.8,9.8,23.5,50.8,43.2,281,349.5,346,6.1,10.19,0.53,73.7,0,0.15,2.96,1.761744,34.57,32.54,32.89,0.32
178,1.4,1350,23.2,10.2,17.2,125,132,135,108,94.9,108,126,104,89.3,86.6,107,135,6.14,8.55,12.2,16.5,21.5,25.5,27.3,27,23.6,17.7,12.1,8.06,48.8,512.1,0.111,0.264,0.567,1.12,3.37,70.5,83.5,95.7,74,45.9,28,19.9,12.4,9.1,9,20.1,44,323.4,196,241.5,241,4,15.4,0.14,60.74,0,1.66,8.08,1.789176,34.49,30.02,35.49,0.28
179,0.9,1310,23.9,10.8,17.9,118,124,129,102,87.6,107,127,104,92.9,82.2,103,133,7,9.42,13,17.3,22.1,26.2,27.8,27.4,24.2,18.5,12.9,8.89,51.2,410.3,0.27,0.395,0.624,1.16,2.82,53.7,69.1,81.5,59.6,35.9,21.5,18.2,11,8.2,6.8,13.3,31.5,7574.7,80,208.4,220,3.4,16.58,0.3,55.1,0,1.02,10.2,1.6764,44.24,26.53,29.23,0.37
180,0,1270,25.1,12,19,120,117,117,99.1,78.8,114,130,107,94.4,66.4,92.8,131,8.4,10.8,14.2,18.2,23.2,27.2,28.4,28,25.2,19.7,14.3,10.4,59.5,345.3,0.211,0.33,0.496,0.921,2.76,46.8,62.6,68.8,48.2,28.4,17.7,15.8,9.7,7.9,5.9,10,23.5,161.5,80,111.3,109,1.7,43.08,0.08,32.29,0,0.52,5.23,1.411224,53.2,18.28,28.51,0.35
181,0.5,1300,24.5,11.5,18.5,121,122,126,99.8,82.9,113,130,109,91.9,75.8,98.4,131,7.8,10.2,13.7,17.8,22.7,26.7,28.1,27.7,24.8,19.2,13.7,9.71,53.8,380.5,0.275,0.414,0.659,1.21,2.49,50.4,66,75.8,54.3,32.5,20,17.2,10.4,8.1,6.4,12,27.4,14899.4,36,157,143,2.5,23.84,0.21,48.3,0,0.92,8.54,1.49352,50.32,22.56,27.12,0.41
182,0.4,1310,24.8,11.7,18.8,123,124,128,99.9,80.9,118,133,112,91.1,74.8,97.4,130,8.11,10.5,14,18,22.9,26.8,28.1,27.7,25,19.4,14,10,54,381.1,0.303,0.423,0.625,1.1,2.23,50.8,66.2,75.2,53.9,32.4,20.2,17.3,10.5,8.5,6.9,12,27.2,19140.8,24,137.9,121,2.2,27.07,0.18,45.45,0,0.82,7.54,1.438656,52.03,21.45,26.52,0.42
183,0.8,1380,24.5,11.6,18.6,127,130,135,105,88,123,140,119,97,81.3,105,132,8,10.4,13.8,17.8,22.7,26.5,27.9,27.6,24.8,19.2,13.8,9.86,54.1,447.9,0.437,0.608,0.877,1.41,2.37,59.8,73.5,82.9,61.2,37.7,23.9,20,13.3,12,10.7,17.4,35.5,49802.3,1,154.8,121,3,20.5,0.21,48,0,1.91,10.01,1.456944,50.15,23.17,26.68,0.46
184,6.1,1670,20.3,8.03,14.3,155,148,151,134,133,139,149,126,120,113,138,163,3.38,5.59,9.19,13.7,18.6,22.6,24.2,23.8,20.6,15,9.53,5.37,64.9,871.6,0.678,0.977,1.49,2.26,4.32,110,124.3,133,107.4,75.2,50.3,37.3,27.3,23.8,33.9,59.3,89.8,611.6,374,589.4,554,15,5.05,0.05,85.88,0,0.12,6.83,1.716024,45.98,35.49,18.53,0.64
185,5.7,1730,20.3,8.06,14.5,158,155,157,136,138,151,155,127,124,112,145,173,3.34,5.6,9.28,13.9,18.8,22.8,24.4,24.1,20.8,15.1,9.55,5.32,59.9,862.6,0.811,1.23,1.84,2.92,5.85,109.3,122.8,130.4,105.6,73.6,50,37.2,26.5,25,33.8,59.4,89,160,411,579.9,531,16.4,2.71,0.02,92.99,0,0.19,2.88,1.73736,45.56,35.43,19.01,0.62
186,4.9,1510,21.4,8.93,15.7,137,135,137,121,122,127,134,104,116,97.1,131,154,4.31,6.66,10.4,15,20.1,24.3,25.9,25.6,22.2,16.3,10.6,6.26,50,690.9,0.177,0.372,0.79,1.69,6.32,89.8,103.1,112.2,88,59.3,38.1,28.4,18.7,20.2,21.9,42.9,68.3,1781.8,208,344.9,256,9.3,18.03,0.22,61.48,0,0.38,11.87,1.63068,26.04,44.39,29.57,0.51
187,4.8,1540,21.2,9.09,15.6,147,141,142,123,118,120,129,120,112,109,126,150,4.49,6.75,10.4,14.9,19.9,24,25.7,25.3,22,16.2,10.6,6.43,65.8,730.1,0.554,0.838,1.33,2.04,3.88,98.7,109.8,119.7,95.4,62.1,38.6,28.4,21.5,17.9,23.6,42.1,72.3,1589.4,264,428.2,396,9.3,8.58,0.33,75.06,0,0.41,10.28,1.70688,40.94,36.49,22.57,0.52
188,4,1450,21.5,9.27,15.9,140,136,137,118,111,111,125,111,105,97.9,121,139,4.49,6.87,10.7,15.2,20.3,24.5,26.2,26,22.5,16.4,10.7,6.42,59.7,636.4,0.168,0.363,0.713,1.38,3.22,89,100.8,112,90.1,55.8,33.4,22.8,14.9,12.4,14.2,31.1,59.9,146.5,273,369.2,360,9.1,5.5,0.24,79.98,0,1.33,7.2,1.716024,43.09,37.28,19.62,0.61
189,4.3,1380,22,9.81,16.2,128,130,128,109,107,106,122,111,101,95.1,112,130,4.83,7.21,11,15.5,20.6,24.8,26.5,26.3,22.8,16.8,11,6.77,55.4,561.9,0.188,0.396,0.718,1.31,3.46,79.6,91.6,100.6,78.3,50.7,29.6,20.3,13.2,11,12,25.1,49.9,361.9,262,314.9,315,4.9,11.68,0.47,44.84,0,1.19,37.94,1.709928,35.91,29.92,34.17,0.28
190,2,1400,22.3,9.43,16.5,130,140,137,116,106,111,125,99.4,92,90.6,116,136,5.35,7.75,11.4,15.9,20.8,24.9,26.6,26.4,23,17.1,11.4,7.26,50.3,553.2,0.149,0.31,0.634,1.29,4.21,76.9,89.9,100,78.8,50.8,29.9,21.2,12.6,9.3,10.8,24.4,48.6,633.6,280,332.2,329,3.5,27.51,0.31,45.65,0,1.55,15.35,1.76784,35.11,30.25,34.65,0.29
191,2,1520,23.5,10.6,17.5,139,143,143,134,119,121,129,110,106,92.6,129,149,6.31,8.85,12.5,16.8,21.7,25.6,27.4,27.3,23.9,18,12.3,8.18,32,606.2,0.283,0.449,0.762,1.6,5.35,87.2,96.7,107.6,84.6,54.4,33.6,22.2,13.6,11.1,11.1,26.6,57.5,66.1,136,200.4,190,8.6,5.61,0.12,57.91,0,1.75,31.9,1.6764,24.59,41.36,34.05,0.43
192,1.5,1510,23.6,10.7,17.5,141,149,142,130,117,125,128,105,103,89.3,131,147,6.4,8.96,12.7,16.9,21.8,25.7,27.5,27.3,24,18.1,12.3,8.24,36.1,586.9,0.223,0.371,0.722,1.49,4.65,84.9,95.2,106.1,85.2,53.4,32.6,21.4,12.9,10.2,9.1,23.7,52.2,2656.6,75,176.9,168,6,7.94,0.91,58.83,0,1.02,19.07,1.679448,31.98,40.47,27.55,0.44
193,28,1250,12.9,1.18,7.63,84.7,68.2,83.7,102,112,134,126,115,113,111,102,97.5,-5.57,-4.34,-0.017,6.76,12.6,17.4,19.8,19,15.3,9.23,3.17,-2.38,40.5,535.6,NA,NA,NA,NA,NA,19.4,12,30.1,96.3,94.5,64.5,38.5,26.7,30.6,36.2,51.4,35.4,5747.1,354,575.1,584,14,10.06,0.26,78.15,0,0.98,3.12,1.191768,25.84,53.96,20.2,0.85
194,27.3,1320,13.1,2.43,8.21,95,74.4,83.7,102,112,126,129,114,125,125,116,116,-5.09,-4.13,0.23,7.08,13.1,17.9,20.5,19.9,16.2,9.95,3.88,-1.68,42.9,568.6,0.238,0.557,1.39,2.81,5.56,26.7,17.7,40.2,105,88.2,57.2,34.3,24.8,30.3,38.5,59.4,46.3,2083.3,375,461.6,458,5,29.8,0.1,49.45,0,2.94,5.85,0.8382,24.29,58.23,17.48,2.28
195,23.4,1220,14.6,2.85,9.08,85.1,73.5,91.2,101,113,136,122,109,108,92.3,98.9,92.7,-4.03,-2.61,1.86,8.39,14.1,18.8,21.1,20.3,16.7,10.4,4.31,-1.11,39.6,498,0.295,0.538,1.06,2.05,5.35,25.1,20.7,55,97.6,72.6,48.7,32.1,22.6,21.4,25,39.6,37.6,407.6,365,479.7,469,10,21.89,0.84,67,0,0.13,10,1.286256,20.77,55,24.23,0.56
196,25.5,1270,13.8,2.18,8.48,88.3,72.4,87.4,104,116,136,128,112,115,108,105,101,-4.76,-3.57,0.876,7.63,13.5,18.2,20.6,19.9,16.3,10.1,3.96,-1.59,40.4,530.4,0.388,0.693,1.3,2.46,4.69,24.1,17.5,43.9,99.1,82.5,55.6,34.9,24.8,26.9,32.5,49.1,39.5,23225.2,238,489.5,477,9.5,17.74,0.27,68.71,0,1.13,5.22,1.027176,25.77,53.6,20.63,0.88
197,23.1,1240,14.8,3.34,9.43,88.3,80,98.7,104,122,124,123,109,108,90,99.1,96.2,-3.54,-2.05,2.37,8.8,14.4,19,21.3,20.5,17,10.7,4.6,-0.641,41.2,556.8,0.294,0.552,1.12,2.2,5.05,30.2,28,66.9,105.9,81.3,52,34.3,22.9,24.4,27,42.9,41,3525.9,255,559.5,563,9.7,19.74,1.53,67.82,0,1.01,9.79,1.301496,24.8,52.94,22.26,0.56
198,17,1270,16.9,4.56,11.3,93,86.1,106,104,130,125,133,104,100,89.1,96.9,101,-1.63,0.0512,4.71,10.9,16.2,20.8,23,22.3,18.6,12.5,6.51,1.25,31.2,433,0.0696,0.186,0.512,1.36,4.69,35.5,43.1,74.8,67.6,51.1,33.7,22.5,16.2,13.1,14.4,24.3,36.7,588.4,283,370.6,370,18.1,10.45,0.26,81.78,0,0.35,6.47,1.133856,12.47,55.66,31.87,0.53
199,25.7,1380,14.6,3.27,9.43,107,99.6,117,117,140,134,143,112,105,95.5,101,112,-3,-1.29,2.94,9.04,14.1,18.5,20.6,19.9,16.5,10.7,4.8,-0.225,38.9,643.8,0.576,1.06,1.49,2.35,5.46,33.3,30.6,71.7,118.7,99.3,63.1,44,32.4,27.3,31,47.3,45.1,1122,412,743,764,10.6,18.32,1.05,68.8,0,3.04,7.82,1.426464,25.96,53.14,20.9,0.62
200,23.4,1300,15,3.56,9.75,96.4,88.8,107,110,133,129,130,109,105,91.6,98.4,103,-2.94,-1.34,2.99,9.23,14.6,19.1,21.3,20.6,17,11,5.02,-0.0911,37.3,551.6,0.48,0.696,1.2,2.3,5.15,30.6,29.4,67.9,103.4,82.2,51.8,34.3,24.3,22.6,25.5,39.6,40,4429.5,224,615.6,654,10.8,22.32,1.02,65.61,0,1.24,9.52,1.362456,24.34,53.47,22.19,0.58
201,20.2,1330,15.9,4.02,10.5,98.2,91.5,111,111,135,131,140,109,102,92.7,98.6,106,-2.12,-0.447,3.96,10.1,15.2,19.7,21.8,21.1,17.6,11.7,5.76,0.673,33.4,560.9,0.45,0.664,1.12,2.18,4.51,37.8,41,77.6,91.7,72.9,48.7,34.4,25.8,23,25.6,38.4,44,18994,218,560.9,503,14.4,14.93,0.78,72.57,0,0.99,10.18,1.4478,20.42,54.76,24.82,0.57
202,23.1,1180,14.7,3.65,9.55,77.6,67.2,78.1,97.3,108,129,119,100,112,102,97.9,92.2,-3.82,-2.72,1.83,8.59,14.5,19.3,21.9,21.1,17.4,11.3,5.09,-0.563,34.9,505.2,0.307,0.523,0.961,2.07,3.72,27.2,19.9,49.2,97.6,71.1,48,29.9,22.1,22.4,28.1,46.9,42.8,420.2,299,331.9,330,1.1,32.3,0,33.04,0,16.87,10.07,0.359664,22.45,56.07,21.48,0.54
203,23.3,1170,14.9,3.26,9.46,77.4,66.7,80.6,98.8,108,128,120,101,110,93.8,94.8,89.8,-3.89,-2.6,1.99,8.7,14.5,19.3,21.8,20.9,17.2,10.9,4.8,-0.807,39.2,495.9,0.183,0.411,0.892,1.82,5.6,26.8,21.5,54.5,96.9,69.7,46.7,30.6,21.7,21.5,25,40.6,40.4,241.7,302,371.5,380,3.4,42.17,0.05,44.52,0,0.94,7.54,0.545592,26.25,54.73,19.02,0.52
204,22.3,1150,15,3.58,9.68,75.1,65.1,78.2,96.5,108,126,119,98.2,109,94.8,93.3,88.4,-3.69,-2.46,2.12,8.81,14.6,19.5,22,21.2,17.5,11.3,5.1,-0.541,36.9,463.3,0.313,0.445,0.95,2.16,3.87,26.2,21.2,53,89.7,63.6,42.4,27.3,19.4,19.5,23,39.1,38.9,1523.4,270,336.2,333,2.2,40.36,0.02,37.12,0,6.56,9.11,0.545592,24.51,54.99,20.5,0.83
205,19.3,1160,15.9,3.73,10.1,80.2,71.8,87.3,98.6,112,123,118,104,102,81.2,95.2,91.2,-3.34,-1.85,2.83,9.51,15.3,20,22.5,21.7,17.9,11.4,5.09,-0.419,36.5,366.9,0.136,0.305,0.672,1.53,4.44,24.6,27.2,59.5,66.2,48.1,29.9,19.5,13.1,11.9,12.8,24,30.1,921.4,267,362.1,367,7.8,26.09,0.19,52.62,0,0.48,18.91,1.210056,24.59,53.26,22.16,0.54
206,21.4,1210,15.5,3.11,9.57,81.7,72.3,89.2,101,115,131,124,106,108,87.4,99.1,92.9,-3.77,-2.36,2.25,8.87,14.7,19.4,21.9,21,17.3,10.9,4.75,-0.792,39.2,419.6,0.225,0.441,0.88,1.72,4.43,23.7,22.3,56.2,80.2,56.5,37.8,25.5,17.4,17,19,31.3,32.7,1043.4,264,397.8,396,5.5,27.81,0.44,57.76,0,2.34,9.44,0.94488,26.7,52.64,20.65,0.42
207,20.5,1130,15.5,3.8,9.95,74.5,66.2,81.4,95.9,109,122,116,96.2,103,86,90.2,85.9,-3.45,-2.03,2.58,9.19,15,19.8,22.3,21.5,17.7,11.3,5.15,-0.443,37.5,373.7,0.298,0.487,0.86,1.64,3.61,22.3,21.7,53.6,71.5,50.2,32.5,21.6,14.6,13.9,15.2,26.6,30,8034.3,230,343.3,342,3.6,32.16,0.14,41.13,0,3.08,18.35,0.749808,22.91,53.57,23.51,1.01
208,18.6,1130,16.3,5.07,10.5,78.1,72.5,87.6,94.6,114,118,116,95.6,95.9,79.1,87.9,87.2,-2.92,-1.34,3.39,9.94,15.6,20.4,22.8,22,18.2,11.7,5.39,-0.0764,38.2,325.7,0.136,0.278,0.593,1.26,3.41,21.5,26.3,59.2,59.3,44.5,27.2,17.6,11.8,9.7,8.7,16.6,23.3,463.5,228,338.7,345,9.5,20.44,0.91,63.47,0,0.76,12.21,1.261872,17.12,54.86,28.02,0.54
209,16,1110,16.9,5.59,11.7,71.8,67.6,87.1,101,121,121,121,85.6,82.5,79.9,85.8,87.3,-2.14,-0.259,4.75,11.3,17.2,22,24,23.3,19.4,12.9,6.33,0.662,24.5,277.3,0.0208,0.0976,0.342,0.962,4.19,17.7,26.1,49.1,50,38.3,25.4,16.4,11,8,6,11.9,17.4,97,249,278.6,280,0.3,67.28,0.01,5.37,0,0.21,25.71,0.591312,22.74,50.86,26.4,0.91
210,10.8,1340,19.2,6.81,13.4,96.3,104,117,116,139,125,135,101,93.1,90.5,100,121,0.923,3.05,7.6,13,18.2,22.7,24.7,24,20.2,14.1,8.21,3.24,26.5,468.8,0.115,0.289,0.714,1.73,4.87,51.5,64.1,81.9,65.8,49.9,31.4,21.1,13.5,11.1,10.9,23.6,44,16007.6,139,327.4,303,14.9,24.93,0.84,59.17,0,0.47,8.44,1.70688,15.73,53.3,30.97,0.9
211,16.9,1040,16.5,5.01,11.3,51.8,51.6,73.6,101,118,113,110,97.9,81,88.8,87.8,69.8,-3.96,-1.61,4.56,11.3,17.7,22.5,24.1,23.3,19.4,12.9,5.68,-0.961,33.1,268,0.0513,0.138,0.375,0.881,3.87,10.9,13.1,42.6,55,40.6,26.6,17.6,11.6,9.2,9,15.1,16.7,1120.2,170,224.5,227,0.5,87.1,0.01,5.17,0,0.36,6.63,0.59436,11.64,52.74,35.62,1.94
212,17,1060,16.5,5.07,11.3,50.4,52.2,72.4,102,120,117,114,99.5,82.4,89.6,87.5,69.1,-3.88,-1.52,4.65,11.3,17.5,22.4,24.1,23.1,19.3,12.8,5.72,-0.878,33.7,279.7,0.0719,0.178,0.444,1.03,4.02,11.9,14.4,44.5,56.6,42,27.5,17.9,11.3,9.3,9.5,16.2,18.6,691.6,186,218.4,218,0.5,91.33,0.02,2.28,0,0.04,6.2,0.737616,17.4,53.2,29.41,1.51
213,16.8,1060,16.7,5.22,11.4,53.5,54,74.2,102,120,116,113,96.2,82.4,89.1,90,71.4,-3.71,-1.34,4.79,11.5,17.8,22.6,24.2,23.3,19.5,13,5.83,-0.751,34.3,280.3,0.0715,0.176,0.454,0.997,3.59,12.2,15,45.3,56.2,41.7,27.2,18.4,11.9,9.1,9.1,15.9,18.3,3341.4,156,216.4,216,0.5,84.68,0.07,4.73,0,0.48,9.41,0.725424,14.25,54.97,30.77,1.6
214,14.7,1110,17.6,6.32,12.4,63.3,62.1,79.8,116,118,120,107,81.8,81.6,94.7,100,80.8,-2.4,0.0434,5.91,12.3,18.4,23.3,25,24.2,20.2,13.7,6.65,0.346,28.3,317.1,0.0421,0.137,0.398,0.977,3.81,18.6,26,55.5,57,42.8,27.6,18.2,11,9.1,8.1,18.6,24.6,3944.6,144,195.1,199,0.7,79.96,0.03,10.69,0,0.26,8.28,0.719328,14.58,58.19,27.23,1.08
215,14.1,1160,18,6.61,12.7,71,65.9,87.6,122,124,122,110,83.2,84.3,98.2,106,86.4,-1.89,0.526,6.27,12.5,18.5,23.5,25.3,24.4,20.5,13.9,6.97,0.798,23.2,325.2,0.0131,0.0584,0.194,0.598,4.93,20.5,30.1,57.4,56.8,43.6,26.7,17.8,11,9.3,7.6,18.4,26,814.7,144,184.1,182,0.9,74.17,0.04,17.15,0,0.18,7.22,0.710184,12.37,60.21,27.41,0.68
216,16.9,1170,16.6,5.32,11.6,68.3,65.6,87.1,118,127,123,121,92.3,92.2,87.9,99.5,86.1,-2.94,-0.685,4.98,11.4,17.4,22.3,24.2,23.3,19.4,12.8,6.03,-0.196,24,339.9,0.0932,0.226,0.547,1.23,4.42,18.3,23,57.1,62.9,48.4,31,21,12.9,9.7,8.9,21.5,25.2,340.1,241,287.9,288,0.8,86.37,0,6.19,0,0.05,5.93,0.847344,25.06,50.32,24.62,1.35
217,14.3,1090,17.8,6.47,12.5,62.9,61.9,79.2,115,120,120,107,77.2,77.5,92.9,100,80.2,-2.2,0.314,6.13,12.4,18.5,23.4,25.2,24.5,20.5,13.9,6.77,0.498,22.5,304.7,0.00677,0.0483,0.187,0.595,4.04,17.3,26.3,54.2,54.7,40.5,27.3,16.9,10,8.6,7.8,17.4,23.7,622,155,196.1,195,0.9,73.99,0.01,14.03,0,1.41,10.34,0.661416,12.57,59.3,28.14,0.85
218,13.5,1160,18.2,6.74,13,70.2,67.3,90.9,117,129,121,107,83.5,83.5,94.9,106,86,-1.46,1.02,6.7,12.8,18.8,23.9,25.7,24.9,20.8,14.2,7.24,1.11,16,324.6,0.015,0.0538,0.203,0.941,4.89,21.5,32,57.9,55.8,42.7,27.5,17.1,10.2,8.1,7.2,18.2,26.4,2928.7,124,168.3,169,0.7,71.16,0.02,18.68,0,0.77,8.49,0.576072,11.62,60.32,28.07,0.74
219,12.3,1200,18.6,7.04,13.7,73.1,72.3,102,119,132,117,104,89.2,88.8,97,111,91.4,-0.646,1.86,7.44,13.4,19.3,24.3,26.3,25.7,21.4,14.7,7.8,1.84,9.5,343.5,0.00599,0.0283,0.141,0.691,5.49,25.9,37.5,60.7,57.2,44.3,27.3,17.1,10,7.7,6.9,18.7,30.2,1204.3,125,154.1,155,1.1,63.55,0,28,0,0.52,5.73,0.704088,10.81,61.88,27.3,0.6
220,9.8,1390,19.7,7.63,14,101,101,131,140,148,120,110,86.9,92.8,101,127,128,0.327,2.88,8.15,13.7,19.3,24.2,26.3,25.5,21.2,14.7,8.08,2.59,14.3,440.7,0.00761,0.0472,0.262,0.91,5.78,47.5,60.2,78.9,66.8,51.3,30.3,18.3,11,7,7,22,40.4,111.1,121,194.1,197,6.8,12.8,0,82.15,0,0.09,3.3,0.999744,10.41,64.21,25.38,0.42
221,7.5,1250,19.9,7.07,13.8,99.3,102,107,109,118,112,137,104,86,70.7,89.8,110,2.19,4.41,8.43,13.3,18.4,22.6,24.3,23.8,20.4,14.6,8.85,4.3,49.7,379.4,0.248,0.351,0.608,1.05,2.05,47.5,61.3,67.8,53.5,39.6,23.8,16.1,9.5,7.3,6.7,15,31.3,203.1,412,502.1,499,6.6,74.15,0.11,17.3,0,0,6.78,1.770888,12.39,44.54,43.07,0.25
222,9.7,1350,18.6,6.3,12.6,107,107,115,118,124,123,142,116,101,83.2,98.4,116,1.48,3.55,7.26,12,17,21,22.7,22.2,18.9,13.3,7.84,3.61,52.8,547.1,0.351,0.567,0.961,1.53,3.17,58.1,70.8,84.8,70.4,52.4,36.4,27.7,21.8,20.8,23.8,34,46.1,4373.1,327,712.5,624,16.8,31.46,0.1,59.23,0,0.19,6.69,1.728216,31.26,43.08,25.66,0.79
223,4.1,1530,21.6,9.12,15.9,138,139,144,130,128,123,119,106,104,96.8,134,170,4.13,6.6,10.6,15.3,20.5,24.8,26.5,26.3,22.6,16.5,10.6,6.16,35.7,638.5,0.282,0.404,0.784,1.58,5.01,87.7,98.3,107.9,84.9,58.9,36.5,23.2,13,11.7,14.1,34,68.3,968.6,194,262.8,253,3.1,61.77,0.03,19.93,0,0.25,9.04,1.423416,13.37,50.81,35.81,0.33
224,21.1,790,9.78,-2.36,4.49,23.3,21.1,32.8,60,85.5,118,106,94.1,101,75.8,42.7,30.6,-13.2,-10.6,-4.07,4.6,11.8,16.8,20,19.1,14.1,6.62,-2.08,-10,49.1,201.8,0.205,0.301,0.44,0.798,2.23,2.9,1.4,1.7,29.4,38.5,28.6,22.3,17.7,20.3,20.9,12.2,5.9,8840.5,338,433.9,421,1,2.86,1.16,34.66,0,3.92,2.8,0.783336,47.34,38.28,14.38,21.62
225,26.9,902,10.6,-1.36,5.32,51.1,37.4,47.3,70.3,88.4,95.3,99.8,89.3,97.8,98.3,66.9,60.2,-9.99,-8.89,-3.54,4.27,11.4,16.5,19.4,18.6,14.3,7.52,0.0908,-6.57,61.1,295.7,0.318,0.428,0.552,0.855,2.93,6,3.1,3.5,41.7,66.4,44.3,27.3,19.2,20.5,26.2,25.3,12.2,3494.2,207,424.6,419,2.9,3.19,0.08,69.82,0,4.18,2.53,0.847344,44.53,32.44,23.04,9.68
226,25.7,824,11.1,-0.5,5.82,35.4,29.1,44.9,68.4,83.3,88.4,90.6,85.4,95.4,89.6,60.4,53.1,-9.07,-8.13,-3.13,4.41,11.4,16.6,19.7,19.2,14.7,7.98,0.943,-5.53,58.3,251.1,0.117,0.195,0.375,0.841,2.66,5.4,2.7,4.1,44.6,52.6,33.9,22.1,15.2,17.5,19.5,22.5,11,1184.4,210,328.3,320,1.6,3.42,0.1,43.31,0,0.27,2.77,0.682752,47.44,38.54,14.02,18.87
227,24,838,10.7,-1.45,5.4,29.7,27.7,43.3,71.3,90.1,107,97.8,88.8,99.9,87.6,54.4,41.2,-10.3,-8.92,-3.22,4.72,11.6,16.8,19.5,18.7,14.3,7.66,0.125,-6.88,68.3,266,0.221,0.306,0.449,0.819,2.21,5,2.9,4,43.5,53.5,35.5,22.8,17,24.5,24.6,22.1,10.6,362.6,433,471.2,468,1.6,1.21,0.05,46.36,0,1.07,1.79,1.033272,55.8,36.79,7.41,15.77
228,25.6,835,10.9,-1.18,5.58,33.9,29.3,44.9,70,86.5,97.7,94.8,87.1,97.2,89.8,57.8,45.8,-9.77,-8.63,-3.23,4.53,11.5,16.7,19.6,18.9,14.5,7.79,0.483,-6.26,64,257.5,0.376,0.492,0.625,0.876,1.78,4.9,2.5,3.8,42.2,55.5,36.3,23.5,16.4,19.3,22,20.9,10.2,10155,195,407,434,2.5,3.73,0.12,55.66,0,2.98,3.74,0.993648,57.88,33.57,8.55,12.64
229,20.1,1020,15,4.07,9.66,58.9,55.5,62.2,90.2,112,104,102,104,91.2,91,83.2,66.1,-4.82,-3.24,2.14,8.95,15.3,20.5,22.8,21.9,17.8,11.2,4.48,-1.88,69,278.3,0.458,0.651,0.898,1.27,1.98,13.2,10.7,37,61.4,40.6,26.1,16.1,10.5,9.1,11.8,20.9,20.9,9623.4,194,276.2,274,1,59.97,0.15,9.7,0,2.46,14.4,1.213104,53.06,32.16,14.78,5.56
230,26.1,989,13.4,2.09,8.18,62.8,47.7,63.1,90.1,94.5,91.8,79.1,91.9,102,107,88.9,69.8,-5.53,-4.75,-0.0216,6.82,13.2,18.3,21.3,20.9,16.5,9.8,3.26,-2.41,81,284.3,0.655,0.798,1.01,1.27,1.95,8.6,5.2,15.5,68.7,50.6,31.3,17.1,13.1,13.5,16.5,26.5,17.7,1769.2,183,271,264,2.4,9.28,0.06,61.4,0,1.21,5.03,1.2954,76.16,15.76,8.08,4.08
231,26.6,882,12.3,0.385,7.16,54.3,41.5,50.2,77.3,84,87.9,82.3,92.7,91.3,92,69.8,58.6,-6.87,-6.17,-1.39,5.88,12.5,17.4,20.3,19.6,15.6,9.05,2.45,-3.31,78.4,220.4,0.516,0.613,0.707,0.845,1.19,5.1,2.6,7.6,54,45.9,26.8,15.8,10.9,10.9,12.5,18,10.3,4529.2,187,357.6,366,1.9,2.15,0.08,60.7,0,2.08,8.48,1.603248,83.97,9.58,6.44,3.51
232,25.6,866,13,0.851,7.83,49.1,40.6,50.1,81,86.4,92.4,82.9,92.8,85.8,83.1,67.1,54.5,-6.28,-5.46,-0.613,6.6,13.2,18.1,21,20.3,16.3,9.71,3.09,-2.77,67.3,204.1,0.438,0.553,0.71,1.05,2.42,5,2.7,10,53.2,41.2,23.8,14.1,9.8,9.4,9.1,15.6,10.2,865,203,285.4,268,1.8,16.25,0.1,44.22,0,1.67,9.31,1.344168,58.33,24.14,17.53,3.04
233,22.2,882,13.8,2.61,8.5,50.2,43.9,53,84.6,92,90.1,77.8,90.6,92,82.4,71.3,54.5,-5.77,-4.74,0.251,7.35,13.9,19,21.9,21.2,16.9,10.2,3.56,-2.46,51.3,187.1,NA,NA,NA,NA,NA,5.7,4.2,18.3,48.1,32.2,19.3,11.3,8.5,8.7,8.3,12,10.5,14327.2,178,241.6,235,0.7,44.9,0.22,23.77,0,1.15,11.52,0.74676,48.34,34.12,17.53,4.38
234,21.7,919,14,3.56,8.85,54.6,49.7,56.8,81.7,97.7,92.6,88,85.6,96.3,79.9,76.3,59.4,-5.48,-4.27,0.756,7.62,14.1,19.4,22.3,21.5,17.4,10.5,3.82,-2.31,57.4,168.6,0.252,0.447,0.713,1.09,1.92,5.8,5.7,23.9,43.2,27.2,17,10.2,7.1,5.8,6,7.7,9,802.8,184,295,297,1.7,9.39,1.46,20.83,0,6.21,48.81,1.389888,53.15,31.71,15.14,8.2
235,21.5,907,14.3,3.91,9.16,53.8,50.3,57.4,81,94.8,90.8,86.9,86,94.2,77.6,74.6,59.9,-5.18,-4.01,1.01,7.91,14.4,19.8,22.6,21.9,17.7,10.9,4.17,-1.96,50.2,176,0.216,0.366,0.594,1.04,2.43,7.4,7.4,26.5,43.6,27.3,16.7,10.4,7.1,5.8,5.6,7.8,10.4,1892.6,177,248.3,240,1,20.26,0.73,15,0,2.83,51.34,0.917448,43.27,36.86,19.87,5.03
236,21.5,950,15,3.76,9.75,56,56.1,63.6,83.6,101,102,87,90.8,88.2,76.9,80.4,64.8,-4.68,-3.25,2.07,8.89,15.4,20.6,22.9,22,18,11.4,4.64,-1.66,56.8,223.2,0.123,0.222,0.432,0.932,2.72,10.1,9.4,32.5,54.7,34.5,20.9,12.6,8.3,6.8,6.8,11.8,14.8,2686,188,251,246,1.1,67.33,0.24,11.07,0,1.4,10.87,0.768096,32.27,41.35,26.38,3.57
237,18.5,1030,16,5.24,10.9,62.7,59.4,71.7,96.8,114,113,111,91.4,78.2,75.2,87.2,74,-3.55,-1.74,3.72,10.5,16.8,21.8,23.7,22.7,18.8,12.4,5.61,-0.626,28.4,256,0.0425,0.102,0.251,0.822,4.54,13.2,16,43.2,54.5,37.7,23.8,16.3,9.8,7.7,6.1,12.2,15.5,858.4,221,270.9,268,0.5,81.49,0.02,6.66,0,0.35,9.65,0.530352,12.93,51.6,35.47,1.88
238,19.5,995,15.6,4.66,10.6,58.8,56.5,67.1,93.1,111,107,101,92.5,82,75,81.9,69.2,-3.98,-2.25,3.23,10.1,16.4,21.5,23.6,22.5,18.5,12.1,5.31,-1.04,31.2,244.9,0.0622,0.145,0.363,1.07,3.64,11.7,12.5,39,54.8,37.3,23.4,14.8,9.3,7.4,6.8,12.6,15.3,16409.4,182,262.7,261,0.4,78.64,0.07,6.44,0,0.9,10.63,0.438912,16.49,47.01,36.51,1.97
239,20.2,1110,15.1,4.64,10.1,73,65.3,82.1,95.5,110,110,108,93.6,103,91.7,90.4,85.8,-3.48,-2.07,2.59,9.24,15.1,20.1,22.5,21.7,17.9,11.6,5.31,-0.4,40.8,339.5,0.325,0.528,0.931,1.7,4.13,20.3,20.7,52.7,67.6,46.6,27.7,18.2,12,12,12.1,22.3,27.3,1837.5,182,329.6,336,2.6,17.41,0.15,33.45,0,2.64,39.73,0.786384,22.38,52.52,25.11,2.16
240,29.4,1250,12.7,1.89,7.67,92.1,72.8,82.7,96.1,104,121,120,112,116,118,109,109,-5.63,-4.63,-0.345,6.56,12.7,17.5,20,19.3,15.6,9.37,3.24,-2.3,36.7,558.1,0.356,0.612,1.11,1.97,5.35,21.8,13,28.5,98.5,99.9,64.9,38.3,26.5,31.2,38.1,57.2,40.2,1128.8,231,491.8,500,6.9,34.57,0.14,54.22,0,0.37,4.06,0.923544,23.22,57.06,19.72,1.91
241,26,1100,13.7,3.08,8.47,71.5,63.8,75.4,90.9,94.7,107,103,100,104,108,91.9,85.1,-5.08,-4.14,0.18,7.31,13.6,18.5,21.1,20.4,16.6,10.2,3.91,-1.73,55.3,384.8,0.257,0.567,1.17,1.94,3.11,16,11.3,29.3,78,68.2,42.7,24.8,15.6,15.8,21.7,34.3,27.1,13209.4,84,256.6,224,4.2,39.55,0.18,29.46,0,6.36,8.06,0.908304,28.46,53.05,18.49,3.46
242,35.9,1330,11.8,1.42,7.04,110,91.3,84.7,101,108,109,96.9,113,121,143,130,125,-7.07,-6.16,-1.63,5.78,12.2,17,20,19.5,15.6,9.1,2.71,-3.28,46,685.2,0.163,0.495,1.21,2.62,7.66,20.3,11.1,21.1,94.9,148.7,100,55.9,35.1,36.4,49.3,72.8,39.6,325.4,160,330.4,326,3.6,33.51,0.03,37.42,0,0.42,2.98,1.228344,34.94,51.78,13.28,1.26
243,37.5,1370,11.3,-0.0458,6.44,107,85.9,89.1,105,116,125,112,119,122,141,122,122,-7.54,-6.44,-1.99,5.46,11.9,16.4,19.1,18.4,14.7,8.37,2.04,-3.93,52.8,722.2,0.687,1.11,1.78,3,6.12,17.9,9.1,11.1,75.3,150.1,123.2,72.8,48,50.7,59.5,68.9,35.6,4842.9,118,473.7,494,5.5,11.05,0.13,57.74,0,3.86,1.34,1.161288,48.67,42.33,9,2.9
244,34.1,1190,11.3,-0.257,6.14,74.9,65.3,70.7,95.4,105,127,117,113,116,120,101,87.6,-8.55,-7.3,-2.64,5.11,11.9,16.5,19.3,18.6,14.7,8.21,1.73,-4.69,60.5,523.3,0.456,0.789,1.25,2.11,4.72,13.4,6.9,8.1,68.5,120.4,74.7,43.2,31.2,33.4,44.5,52.4,26.6,1595.1,66,408.1,459,5.4,2.65,0.04,73.7,0,3.45,1.19,1.115568,52.18,39.76,8.05,4.31
245,17,667,11.6,-0.022,6.54,17.8,16.1,31.8,52.8,82.3,109,96.7,77.7,74.8,63.4,25.1,19.8,-12.8,-10,-2.13,7.48,14.7,19.8,23.2,22.4,16.7,8.66,-0.796,-9.59,49.8,68.3,0.0673,0.102,0.167,0.32,0.679,0.2,0,1,11.7,14.5,13.2,9.5,6.4,5.3,4.3,1.6,0.6,10815,280,364.3,347,1,64.73,0.05,12.9,0,8.62,5.16,1.18872,37.27,39.82,22.92,2.19
246,16.6,642,11.8,0.00864,6.66,17,15.7,30.9,50.8,80.1,106,93.5,73,71.9,60.9,23.5,19.1,-12.8,-9.97,-2.02,7.62,14.8,19.9,23.5,22.7,16.8,8.76,-0.799,-9.65,44.3,57.3,0.0438,0.0693,0.121,0.251,0.675,0.1,0,1,9.3,11.8,11.4,8.5,5.7,4.5,3.5,1.1,0.4,17195.9,266,357.7,342,0.8,69.35,0.05,8.53,0,6.6,5.2,1.149096,35.11,40.44,24.45,1.86
247,17.6,471,11.4,-1.12,5.94,10.2,10.9,19.3,30.9,69.8,88.3,71.1,54.7,46.9,37.9,17.4,14.1,-12.6,-10.4,-2.71,6.48,13.8,18.9,23,22.4,16.1,7.74,-2.14,-10.1,24.5,19.4,0.00204,0.00546,0.0123,0.0408,0.178,0,0,0,1.4,3.6,4.7,3.7,3,2,1,0,0,1170.6,474,560.5,567,1.5,46.44,0.02,0.08,0,6.31,3.99,1.496568,29.02,48.86,22.12,1.15
248,16.9,522,11.1,-1.11,5.78,11.9,12,22.5,33.2,71.5,93.8,81.6,61.7,54.6,45.2,18.7,15,-13.6,-11.1,-3.23,6.63,14.1,19.1,22.9,22.4,16.2,7.87,-2.13,-10.7,25.9,26.1,0.018,0.0308,0.0554,0.103,0.319,0,0,0.1,2.3,4.3,5.7,5.2,3.7,2.7,1.8,0.3,0,12965.7,284,455.1,453,1.2,67.83,0.03,0.8,0,3.85,4.14,1.359408,33.66,45.61,20.73,1.22
249,17.3,567,10.6,-1.25,5.67,13.9,13.2,24.9,32.5,73.2,97.9,86.9,73,61.2,50.5,21.6,18.4,-14.1,-11.5,-3.47,6.66,14.2,19.1,22.7,22.4,16.2,7.94,-2.18,-11,24.5,29.3,0.00575,0.0142,0.0325,0.108,0.693,0,0,0,3.8,5.7,5.9,4.7,3.9,3,2,0.3,0,3217.6,275,372.2,354,0.5,82.91,0,1.25,0,1.5,4.62,1.164336,28.35,48.36,23.29,1.31
250,17.7,552,10.4,-1.28,5.42,14,13.2,24.3,30.4,71.5,101,86.2,69.2,55.3,47.5,21.9,17,-14.8,-12,-3.86,6.5,14.2,19.1,22.6,22.3,16.2,7.81,-2.48,-11.6,24.6,29.3,NA,NA,NA,NA,NA,0,0,0,3.5,5.8,5.9,4.9,4,3,2,0.2,0,1375.6,248,337.4,338,0.6,81.4,0,2.37,0,1.31,5.77,1.12776,29.51,46.55,23.95,1.2
251,18.5,533,9.89,-1.76,4.87,13.3,11.6,21.9,28.8,70.4,98.4,87,67.6,53.7,44.5,20.5,15.3,-15.3,-12.6,-4.53,5.93,13.6,18.6,22.1,21.8,15.7,7.27,-3.1,-12.1,22.7,26.4,0.0104,0.0214,0.039,0.113,0.592,0,0,0,2.5,5.1,5.4,4.7,3.7,3,2,0,0,1425.4,249,393.9,418,0.6,78.53,0.07,1.07,0,0.8,4.71,1.24968,26.79,48.99,24.23,1.16
252,19,541,9.57,-2.02,4.69,13.4,11.5,20.9,28.4,74.3,101,89.5,66.8,56.2,44,20.5,15,-15.5,-12.7,-4.76,5.71,13.4,18.4,21.9,21.7,15.5,7.12,-3.3,-12.3,20.6,25.7,0.0018,0.00663,0.0179,0.0833,0.655,0,0,0,1.8,5.3,5.4,4.7,3.7,2.8,2,0,0,1741.7,250,390.4,388,0.7,78.86,0.02,3.52,0,0.26,5.05,1.319784,26.04,48.74,25.22,1.2
253,18.4,485,10.4,-2.24,5.06,15.3,13.2,20.6,30.3,65.9,91.8,76,48.1,52,36.5,18.5,16.4,-14,-11.7,-3.94,6.02,13.3,18.3,22.2,21.9,15.6,7.05,-3.36,-11.6,25.9,21.8,7.77e-4,0.00306,0.00836,0.0343,0.131,0,0,0,1.8,4.3,5.4,3.9,3,2.3,1.1,0,0,2396.8,499,616.2,597,1.3,65.87,0.02,0.58,0,2.34,4.91,1.588008,26.37,46.9,26.73,1.18
254,17,469,11.4,-1.27,5.66,11.4,10.6,20.2,30.8,69.2,88.9,70,51.6,43.3,38.6,19.5,14.5,-13.6,-11.2,-3.19,6.49,13.9,19,22.9,22.4,16.1,7.66,-2.63,-10.9,24.5,18.6,0.00132,0.00425,0.0112,0.042,0.182,0,0,0,1.7,3.1,4.2,3.6,2.9,2,1.1,0,0,1509.8,461,509.6,494,1.2,67.38,0.11,0.53,0,4.25,4.53,1.453896,36.1,41.09,22.81,1.1
255,18.2,498,9.7,-2.76,4.63,13.4,12.3,20,29.6,65.4,101,74.9,59.1,47,39.4,19.6,15.7,-14.8,-12.5,-4.67,5.46,13,18.1,21.9,21.5,15.3,6.85,-3.6,-12.1,25.4,25.1,2.22e-4,0.00289,0.0103,0.052,0.267,0,0,0,1.5,4.8,5.9,4.6,3.9,2.6,1.7,0.1,0,3206.1,440,529.5,496,1.2,48.17,0.02,11.38,0,6.71,4.64,1.399032,31.91,44.71,23.38,0.97
256,17.9,850,12.7,1.64,6.99,19.3,21.4,42.5,78.5,109,123,112,108,93.4,69.4,42.6,29.8,-11.4,-8.77,-1.16,7.78,14.5,20,22.8,21.7,16.5,8.98,0.237,-8.18,52.9,152.3,0.028,0.0782,0.207,0.57,1.94,2,1,5.9,29,28.5,24.1,16.6,12.2,11,10,8,4,222.1,263,292.1,291,1.5,50.57,0.18,10.08,0,2.51,25.38,0.987552,30.78,44.05,25.17,5.55
257,17.4,860,12.9,1.96,7.09,19.7,20.8,44.6,81,110,120,114,110,93.2,70.9,44.2,31,-11.2,-8.64,-1.05,7.86,14.6,20.1,22.9,21.8,16.6,9.1,0.36,-8.04,52.6,148.6,0.0573,0.155,0.321,0.746,1.91,2,1,7.2,29,27.3,23.1,15.4,11.6,10.4,9.6,8,4,73,256,273.6,270,1.2,1.54,3.38,5.3,0,4.52,80.61,1.23444,60.16,26.16,13.68,7.86
258,14.7,898,13,1.84,7.73,23.4,22.2,51,87.5,108,134,119,113,95.2,67.6,44.8,32.1,-10.6,-8.06,-0.264,8.77,15.5,20.9,23,21.8,17.1,10,1.18,-7.52,50.6,156.3,0.00954,0.0387,0.197,0.6,2.25,2,1,6.9,30.1,29,24,16.3,13.1,10.8,10.6,8.5,4,336,305,327.9,323,0.5,87.63,0.03,0.63,0,1.07,5.79,0.859536,22.45,45.75,31.79,3
259,17.2,986,13.5,2.12,8.31,28.6,30.6,53,102,123,139,119,118,98.3,73.7,57.8,42.3,-8.87,-6.34,0.972,8.66,15.1,20.6,23.2,22.1,17.2,10.1,1.94,-5.67,48.6,247.5,0.223,0.351,0.555,1.06,2.6,4.1,2.8,14.6,50.6,43.2,33.3,22.4,19.6,16.8,16.3,15.5,8.3,3858.2,198,337.1,345,3.7,73.3,0.04,11.23,0,0.19,5.83,1.517904,22.52,54,23.48,1.35
260,16.7,980,13.2,2.02,8.12,27.4,28.8,53.4,102,125,142,120,117,98.4,72.1,53.1,40.2,-9.31,-6.81,0.771,8.67,15.2,20.7,23,21.9,17,10,1.68,-6.18,49.3,232.1,0.105,0.211,0.398,1,4.24,3.1,2.3,11.9,46,40.7,32.8,22.8,20.2,16.4,15.4,13.5,7,897,304,359.1,356,1.1,78.31,0.04,2.35,0,0.2,7.21,1.2192,39.47,39.19,21.34,2.09
261,16.1,981,14.3,2.89,9.06,29.2,34.5,55.5,97,120,138,116,118,93,76.4,59.2,44.4,-8.02,-5.4,1.98,9.49,15.9,21.3,23.6,22.7,17.8,10.8,2.69,-4.84,43.1,237.4,0.19,0.321,0.573,1.19,2.76,4.6,4,19.4,47,40.2,30.2,20.3,17,15.7,14.7,14.9,9.4,6049,185,292.1,298,1.6,80.7,0.05,3.45,0,0.41,7.45,1.289304,32.08,45.33,22.59,1.92
262,17.7,993,13.9,2.54,8.44,34.6,39.6,57.1,95.8,108,135,113,115,98.9,80,66.3,49.6,-8.14,-5.69,1.07,8.35,14.7,20.4,23,22,17.1,10.1,2.37,-4.85,60.3,257.9,0.434,0.549,0.712,1.01,2.01,5.6,4.4,20.9,54.6,40.8,32.6,20.1,14.6,16.4,17.7,18.6,11.6,3435.4,228,297.9,297,4.8,81.1,0.03,10.65,0,0.17,5.88,1.725168,10.03,59.75,30.22,1.04
263,18.4,974,13.9,2.6,8.41,37.5,39.9,55.8,94.9,105,128,108,111,96.7,79.5,66.2,50.2,-7.92,-5.61,0.926,8.16,14.6,20.2,22.8,21.9,17.1,10.2,2.55,-4.64,57.6,234,0.38,0.52,0.733,1.13,1.85,5.2,4.1,19.7,52.3,36.7,28.3,17.6,12.4,14.7,15.2,17,10.8,15744.8,220,279.9,275,2.7,72.07,0.09,8.6,0,2.05,9.53,1.466088,25.71,51.68,22.6,4.75
264,18.3,982,14.5,3.42,9.38,41.1,43.3,59.2,91.3,113,121,105,113,90.4,79.8,71.3,54.2,-6.61,-4.25,2.15,9.16,15.6,20.9,23.1,22.3,18,11.2,3.67,-3.39,44.8,243.7,0.202,0.332,0.55,1.01,2.67,6.4,5.7,24.8,55.1,38.3,27.5,17.2,12.8,13.7,12.3,17.3,12.6,2847,213,264.5,265,0.8,79.6,0.13,5.6,0,0.35,13.39,1.194816,23.32,52.99,23.69,1.55
265,18.3,975,14,2.77,8.62,38.2,40.5,56.5,94.1,107,127,107,112,95.6,79.5,67.2,51,-7.65,-5.33,1.19,8.38,14.8,20.3,22.9,22,17.3,10.4,2.78,-4.39,55,236.4,0.406,0.559,0.788,1.24,1.99,5.5,4.4,20.7,52.8,37.1,28.2,17.6,12.5,14.5,14.7,17.2,11.2,19962.2,211,275.6,271,2.3,72.67,0.09,8.22,0,1.73,10.99,1.423416,25.15,52,22.85,4.05
266,18.3,977,14.1,2.83,8.72,38.5,40.8,56.9,93.9,108,127,107,112,95.2,79.5,67.4,51.2,-7.56,-5.22,1.31,8.5,14.9,20.4,22.9,22,17.4,10.5,2.87,-4.3,54.1,237.8,0.367,0.501,0.725,1.13,1.85,5.6,4.5,21.3,53.1,37.4,28.3,17.5,12.5,14.4,14.6,17.2,11.4,21937.9,188,272.5,268,2.3,73.08,0.09,8.43,0,1.69,10.92,1.411224,24.69,52.32,23,3.79
267,18.2,980,14.2,2.9,8.81,38.7,41.1,57.7,94,109,127,107,112,94.9,79.5,67.7,51.6,-7.48,-5.13,1.45,8.64,15.1,20.5,23,22.1,17.5,10.6,2.95,-4.23,53.4,240.4,0.377,0.509,0.739,1.13,1.86,5.7,4.7,22,53.4,37.9,28.5,17.5,12.7,14.4,14.7,17.3,11.6,23951.1,176,267.8,266,2.2,74.2,0.09,8.16,0,1.61,10.57,1.38684,24.13,52.82,23.05,3.59
268,16.9,1010,15.4,4.14,10.3,41.4,46,65.1,94.2,122,125,102,115,90.6,80.8,73,55.8,-5.92,-3.39,3.45,10.4,16.8,21.8,24,23.3,18.7,11.9,4.3,-2.82,40.2,249.2,0.18,0.315,0.524,0.94,2.32,7.1,6.6,29.2,53.5,39.2,28,17,12.8,13.3,13,16.1,13.4,2575.7,182,216.8,210,1,87.14,0.02,5.85,0,0.38,6.19,1.075944,24.91,52.31,22.79,1.25
269,14.8,956,14.3,2.64,9.15,23.2,28,53.2,97.2,127,146,115,115,90.7,72,50.2,37.8,-8.1,-5.53,2.11,9.86,16.2,21.6,23.6,22.6,18.1,11,2.64,-5.17,41.4,189.7,0.0534,0.154,0.351,0.882,3.09,2.9,1.9,13.2,36.7,32.5,28.9,19,14.4,11.6,11.7,11.1,5.8,580.5,289,349.7,351,0.8,88.32,0.02,1.85,0,0.13,6.74,1.027176,31.05,43.34,25.61,2.88
270,15.1,952,14.3,2.95,9.15,25.5,30.5,53.7,96.5,123,137,115,112,92.6,72.8,54.2,39.5,-8.05,-5.48,2.09,9.75,16.1,21.6,23.7,22.7,17.9,10.9,2.69,-5.02,42.1,217.3,0.206,0.36,0.619,1.15,2.18,3.9,3.4,17.2,41,37.1,29.4,20.7,16.2,14.3,12.9,13.2,8,32364.8,176,303.4,301,1.6,79.22,0.05,3.28,0,0.77,8.69,1.246632,22.94,51.23,25.83,2.12
271,13.4,971,15.7,4.1,10.3,27.8,35.5,58.3,93.4,129,131,112,113,95,75.7,58.7,41.8,-6.29,-3.76,3.67,10.8,16.8,22.3,24.8,23.8,18.9,11.8,3.91,-3.44,31.5,214.7,0.0923,0.206,0.437,0.979,2.71,4.9,5.4,22.2,37.8,34.8,26,18.6,13.5,14.1,13.4,14.2,9.8,11165.4,162,257.8,247,2.1,76.66,0.04,6.78,0,0.45,7.36,1.179576,14.48,55.17,30.35,1.68
272,13.6,903,14.7,3.09,9.53,22,27.6,51.4,92.2,123,131,109,109,88.6,67.8,47.2,34.4,-7.55,-4.98,2.57,10.2,16.4,21.9,24.2,23.2,18.4,11.2,2.88,-4.82,40.8,173,0.0975,0.224,0.547,1.07,1.77,2.9,2.7,14.1,32.7,30.2,24.6,16.4,12.5,11.4,10.2,9.7,5.6,36286.3,179,344.1,348,1.8,79.15,0.05,7.53,0,1.35,7.43,1.106424,24.04,47.74,28.22,2.24
273,12.7,1020,16.7,5.26,11.2,33.2,44,63.7,93.2,139,130,121,103,99.1,83.1,66.3,47.6,-4.65,-2.15,4.8,11.3,17.2,22.8,25.5,24.6,19.5,12.4,4.9,-1.98,18.7,243.6,0.0218,0.0584,0.157,0.519,3.99,7.5,8.1,28.1,40.4,37.8,25.2,20.3,13.1,16,15.8,17.1,14.2,1027.6,157,231.6,227,2.6,67.26,0.04,20.09,0,0.67,4.93,0.9906,17.61,47.68,34.71,0.94
274,12.2,1050,17.3,5.79,11.9,38.1,48.8,67.4,97.2,140,123,115,103,99.3,87.3,75,53.9,-3.53,-0.926,5.64,11.9,17.7,23.3,25.9,25,20,13,5.62,-1.02,14.1,240.7,0.0181,0.0538,0.149,0.508,4.46,8.3,9.5,30.2,38.5,36.8,23.6,19.1,12.8,14.1,15.5,17.4,14.9,1567,154,226.6,223,2.4,73.03,0.05,15.89,0,0.82,4.04,0.9144,20.13,44.17,35.7,0.66
275,11.8,1100,18.2,6.33,12.7,52.9,58.1,80.6,108,136,121,107,94.4,94.1,86.1,91.8,73.2,-2.16,0.373,6.49,12.5,18.2,23.5,26.1,25.4,20.5,13.8,6.62,0.263,11.2,252.6,0.0149,0.0451,0.14,0.461,3.42,11.5,19.6,37.4,40.8,34.5,24.3,17.8,10.8,12.2,11.7,15.2,16.8,2407.4,144,221.6,226,2.1,68.91,0.07,23.6,0,0.36,4.7,0.707136,14.23,45.95,39.83,0.75
276,18.5,1060,15.5,4.65,10.4,57.5,56.1,66,93.8,113,115,113,106,89.9,93.7,85.8,68.6,-4.6,-2.67,3.26,10,16.3,21.4,23.4,22.5,18.6,12,4.97,-1.61,55.8,323,0.347,0.553,0.897,1.41,2.32,14.8,13.7,44.5,67,45.5,30.7,19.2,12.6,11.8,15,24.3,23.9,5949.1,187,221.5,217,0.4,72.22,0.07,10.71,0,0.76,8.88,0.88392,54.34,30.84,14.82,5.26
277,17.3,1030,15.9,4.65,10.9,54.5,51,69.2,93.6,116,120,116,97.4,81.7,85.9,80.1,65.9,-4.41,-2.22,3.99,10.8,17.2,22,23.8,22.8,19,12.6,5.33,-1.4,40.6,289.3,0.085,0.212,0.526,1.22,3.79,12.8,13.3,43.8,60.2,43.2,28.8,17.6,10.8,10.7,11.4,17.5,19.2,1746.3,191,209,207,0.2,86.38,0.1,6.25,0,0.26,6.05,0.810768,36.73,41.29,21.98,2.81
278,17,1030,16.3,4.85,11.1,50,50.5,71.1,97.5,118,115,112,97.4,82.6,87.9,83.1,66.6,-4.22,-1.94,4.32,11.1,17.5,22.3,23.9,23,19.2,12.8,5.54,-1.18,33.8,267.3,0.045,0.129,0.369,0.933,3.88,11.3,13,42.5,55.1,40.3,26.2,16.5,10.5,9.9,10,15,17,1158.8,191,217,214,0.3,92.96,0.01,0.94,0,0.07,5.61,0.755904,17.89,50.18,31.94,1.71
279,16.9,1030,16.1,4.71,11,52.1,50.7,69.5,94.3,117,118,113,95.7,81.7,86.6,81.3,66,-4.36,-2.14,4.12,11,17.3,22.2,23.9,23,19.2,12.7,5.43,-1.33,37.1,274.1,0.0722,0.193,0.492,1.18,3.78,11.7,12.5,42.2,56.9,40.9,27.1,16.9,10.5,10.7,10.8,16.2,17.7,5405.6,188,207.5,204,0.2,87.97,0.04,4.06,0,0.31,6.66,0.704088,31.48,42.18,26.34,2.21
280,17.6,1040,15.8,4.66,10.6,54.3,52.8,67.4,94.1,115,116,113,101,85.9,89.9,83.7,67,-4.54,-2.46,3.66,10.5,16.8,21.8,23.6,22.8,18.9,12.4,5.16,-1.53,44.9,294.6,0.224,0.412,0.767,1.38,3.13,12.9,12.9,42.4,60.9,42.8,28.7,18.1,11.5,11.3,12.8,19.9,20.4,13289.2,159,212.5,208,0.4,79.76,0.08,7.02,0,0.6,8.36,0.79248,41,37.69,21.31,3.48
281,18,1010,15,4.48,9.74,47.2,49.7,62.3,92.5,115,108,102,117,87.9,88.1,80.9,60.4,-5.57,-3.53,2.53,9.04,15.3,20.9,23.3,22.6,18.3,11.5,4.14,-2.52,33.6,255,0.449,0.653,0.99,1.8,5.01,9.3,9.3,34.3,56.2,37.4,23.9,15,11.9,11.5,11.1,18,17.1,290.6,195,221.5,219,0.9,0.3,0,3.42,0,1.63,91.59,0.920496,11.96,53.07,34.96,5.13
282,17.7,1060,15.5,4.91,10.2,53.7,52.5,65.9,98.7,116,117,112,108,90.2,91.6,87.7,64.6,-5.04,-2.96,3.16,9.79,16.1,21.3,23.5,22.5,18.5,11.9,4.65,-2.05,29.4,282.1,0.233,0.339,0.53,1.05,4.25,11.4,11.4,37.2,58.9,42.5,29.4,18.1,11.8,11,12.1,19.4,18.9,268.3,185,208.2,211,0.7,16.83,0.66,9.23,0,0.73,62.34,0.73152,17.32,48.55,34.13,3.41
283,18.2,999,14.8,4.69,9.73,47.3,49.4,62.7,95.3,113,107,101,110,89,87.5,78,59,-5.52,-3.55,2.45,8.99,15.3,20.8,23.3,22.6,18.4,11.5,4.23,-2.45,35.7,258.8,1.45,2.04,2.76,4.06,7.25,9.4,9.4,32.2,57.4,39.2,25.6,16.1,12,12.2,11.5,17.3,16.5,2925.8,166,208.5,207,0.8,11.82,0.11,7.39,0,1.99,71.72,0.832104,17.35,50.49,32.16,3.51
284,17.9,1010,15.4,4.38,10.1,47.7,49,63.2,95.5,114,112,107,110,86.5,87.5,81.6,58.4,-5.51,-3.25,3.04,9.78,16.1,21.4,23.5,22.7,18.5,11.8,4.39,-2.43,39.1,260.2,0.0816,0.247,0.582,1.39,4.16,9,8.8,33.8,56.2,38.5,25.5,17.5,13,12,12,17.9,16,24.7,199,211.3,212,0.5,8.43,0.05,7.23,0,1,68.84,1.075944,17.94,55.29,26.76,1.77
285,17.5,1020,15.4,4.42,9.98,49,49.7,64.2,96.5,115,112,107,111,88,88,82.8,60.9,-5.54,-3.33,2.91,9.61,15.9,21.3,23.5,22.7,18.5,11.7,4.32,-2.47,38.6,260.8,0.407,0.557,0.84,1.44,3.73,9.3,9.3,34.7,56,38.4,25.1,17,12.7,12,11.9,17.9,16.5,838.9,178,215.7,219,0.8,11.88,0.58,4.34,0,1.76,77.14,1.0668,21.17,51.08,27.75,3.29
286,17,1010,15.5,4.43,10.3,48.3,48.1,65.5,93.9,114,114,110,104,86.8,84.4,81.3,58.4,-5.3,-2.99,3.38,10.2,16.5,21.7,23.7,22.9,18.7,12.1,4.64,-2.22,41.3,234.4,0.066,0.173,0.398,0.951,3.89,7.5,7.4,30.6,50.1,36.3,24.2,16.2,10.8,10.9,10.9,15.6,13.9,445.1,160,191.6,188,0.4,88.34,0.78,1.66,0,0.15,7.66,0.70104,16.32,52.93,30.75,1.53
287,16.7,1000,16,4.58,10.8,49.5,46.5,68.4,91.4,115,114,107,97,84,83.6,80.3,62.7,-4.8,-2.54,3.84,10.8,17.2,22.1,23.8,23.2,19.2,12.6,5.16,-1.72,34.4,225.1,0.0244,0.107,0.31,0.836,3.62,8,9.1,34.1,47.7,34.2,23.3,15,9.1,9.6,9.2,13.4,12.4,1165.6,168,195,194,0.2,88.93,0.01,2.08,0,1.18,7.01,0.545592,16.3,50.72,32.98,1.61
288,19.1,971,14.2,3.33,8.99,44,44.9,57.9,94,108,113,102,107,91.9,79.9,71.7,55.5,-6.68,-4.59,1.48,8.37,14.8,20.3,22.8,22.1,17.7,10.9,3.46,-3.48,44.1,242.5,0.28,0.455,0.736,1.22,2.28,6.5,5.7,23.8,57.1,38.2,26.9,16.9,12.3,13.7,11.9,16.7,12.8,4445.6,185,257.8,256,1.7,40.93,0.55,13.77,0,4.27,31.64,1.243584,29.94,48.05,22.01,5.63
289,17.8,976,15.2,4.04,10,42.8,46.8,59.7,91.8,115,109,103,105,85.4,82.6,78.3,56.9,-5.75,-3.38,2.96,9.82,16.2,21.4,23.5,22.7,18.5,11.9,4.32,-2.6,41.6,264.2,0.165,0.288,0.492,0.91,2.37,8.4,7.6,32,57.3,39.5,26.4,18.2,14.1,13.6,13.1,18.7,15.3,182.2,188,219.1,216,0.8,51.42,0.36,6.62,0,1.03,35.23,1.042416,19.64,54.88,25.48,1.59
290,16.5,998,16.2,4.67,11,50.5,48.4,71.4,91.5,114,108,105,94.6,83.4,84.2,81.3,65.2,-4.58,-2.23,4.12,11,17.5,22.3,24,23.5,19.4,12.9,5.37,-1.51,30.3,226.5,0.043,0.129,0.356,0.858,3.18,7.8,8.9,34.9,47.8,34.7,23.5,15.4,9.9,9.6,8.8,12.8,12.4,3253.5,166,207.9,206,0.3,90.11,0.1,1.68,0,0.32,7.31,0.633984,12.13,54.37,33.5,1.67
291,17.3,1040,15.1,3.81,10.2,44.2,46.5,66.5,94.1,124,128,111,114,92.3,82.8,76.6,58.2,-5.69,-3.21,3.36,10.3,16.7,21.7,23.7,23,18.6,12,4.36,-2.65,38.9,243.6,0.0664,0.186,0.42,0.904,2.81,7.1,6.3,27.8,52.5,39.1,27.2,16.9,12.2,13.1,11.8,16.3,13.3,505.1,171,247.4,250,0.9,88.52,0,3.82,0,0.03,7.1,1.014984,6.86,65.19,27.95,1.27
292,16.7,1010,16.5,4.91,11.3,49.9,49.4,71.6,96,116,109,105,95.8,80.8,85.7,83.9,68.3,-4.05,-1.65,4.48,11.3,17.7,22.5,24.1,23.4,19.4,12.9,5.6,-1.05,34.4,247.5,0.0451,0.151,0.438,1.05,3.88,9.1,10.8,40.1,52,38.3,25,15.7,10.8,9,8.9,13.5,14.3,561,216,236.8,232,0.5,91.33,0,1.17,0,0.14,7.1,0.786384,15.17,54.6,30.23,1.59
293,16.3,1040,16.7,5.14,11.4,52.2,52.5,72.1,97.9,119,112,108,95.7,82.5,86.4,86.6,70.3,-3.91,-1.46,4.7,11.5,17.8,22.5,24.2,23.4,19.5,13,5.69,-0.926,35.4,262.9,0.0462,0.138,0.392,0.952,3.3,10.4,13,43.4,53.7,39.9,26.2,16.9,11.5,9,9,14,15.9,1426.5,196,226.2,222,0.5,88.35,0.01,2.41,0,0.24,8.46,0.9144,14.09,57.16,28.74,1.37
294,13.5,1040,17.7,6.23,12.3,55,54,74.4,105,121,117,93.6,82.6,80.5,88.9,95.6,73.3,-2.58,-0.0123,5.95,12.3,18.4,23.2,25,24.5,20.3,13.7,6.52,0.0562,23,265.9,0.0209,0.135,0.318,0.747,3.08,12.1,20.2,46.2,49,37.9,26.6,16.4,10.2,8.1,7.5,14.1,17.6,718.2,176,195.7,193,0.4,88.91,0.04,3.19,0,0.13,6.72,0.664464,8.57,61.55,29.88,1.23
295,14,1010,17.3,5.76,11.9,49.2,52.5,69.9,97.8,116,109,110,87.7,78.3,88.3,85.2,68.4,-3.31,-0.669,5.47,12,18.2,22.9,24.7,24.1,19.9,13.4,6.09,-0.521,34.5,250.7,0.0516,0.147,0.407,0.955,3.16,10.3,15.2,41.7,47.9,37.6,25.7,17.7,11.8,8.3,8.3,11.2,15,552.1,174,192.3,188,0.4,93.33,0.01,0.51,0,0.07,5.91,0.859536,8.25,63.49,28.26,1.23
296,15.1,1040,16.8,5.07,11.5,53.4,53.2,70.7,96.9,119,111,108,98.5,84.2,91.2,84.1,71.4,-3.86,-1.34,4.82,11.5,17.8,22.6,24.4,23.9,19.7,13.1,5.73,-0.961,36.1,249.4,0.0636,0.163,0.395,0.932,2.97,9.4,12.2,41,49.6,38,24.6,16.7,11.1,9.6,9.5,13.1,14.6,591.5,195,235.4,234,0.8,85.53,0.07,3.86,0,0.48,9.79,0.911352,11.5,60.6,27.9,1.17
297,15,1020,16.8,5.13,11.4,51.8,49.6,69.7,95.1,119,107,109,98,84.6,87.7,83.7,68,-4.08,-1.57,4.74,11.4,17.7,22.5,24.5,24,19.6,12.9,5.53,-1.23,34.8,253.5,NA,NA,NA,NA,NA,9.7,12.4,39.8,49.4,37.8,25.1,17.1,11.9,11.8,10.5,13.3,14.7,861.5,170,214.8,210,0.8,80.46,0.03,3.08,0,0.18,15.85,0.774192,8.05,63.06,28.9,1.19
298,15.2,1050,17.2,5.86,12,55.5,56.5,71.6,105,117,115,107,83.3,81.4,89.2,95,74.4,-3.06,-0.554,5.48,12,18.2,22.9,24.6,23.9,19.9,13.4,6.24,-0.22,33.6,289.2,0.0422,0.125,0.385,1.01,3.56,14.9,20.7,50.3,54.2,40.2,26.6,17.5,11.1,8.4,8,16.3,21,1227.6,189,207.4,206,0.2,88.64,0.03,1.07,0,0.09,9.68,0.6858,14.06,58.68,27.27,1.33
299,14.7,1050,17.4,6.01,12.1,56.1,55.7,72.9,107,117,116,105,82.2,80.1,90.1,96.4,75.2,-2.85,-0.316,5.67,12.1,18.3,23.1,24.7,24.1,20.1,13.5,6.35,-0.0745,31.1,278.6,0.0317,0.158,0.589,1.23,2.69,14.2,20.8,48.5,51.7,38.7,26.2,16.8,10.4,7.9,7.5,15.5,20.4,2742.2,169,205.9,205,0.3,84.71,0.02,4.96,0,1.82,8.05,0.71628,13.98,58.78,27.24,1.31
300,14.5,1060,17.5,6.08,12.2,56.9,56.1,73.6,107,118,116,104,81.7,79.8,90.4,96.9,75.6,-2.74,-0.205,5.76,12.2,18.3,23.1,24.8,24.2,20.1,13.6,6.43,0.015,29.1,279.6,0.042,0.188,0.598,1.18,2.56,14.3,21.3,48.9,51.7,38.7,26.3,16.7,10.3,8,7.5,15.5,20.4,3451.5,158,202.7,204,0.5,82.93,0.02,7.33,0,1.49,7.78,0.707136,13.31,59.14,27.55,1.25
301,14.4,1070,17.6,6.22,12.4,58.6,57.8,75.8,109,120,116,104,82.1,80.2,90.9,97.6,76.9,-2.49,0.0402,5.96,12.3,18.4,23.3,25,24.4,20.3,13.7,6.59,0.215,24.8,284.4,0.0559,0.204,0.54,1.09,2.7,14.6,22.4,50.4,52.2,39.4,26.9,16.8,10.2,8.1,7.5,15.3,20.6,5020.7,152,196.5,201,0.8,76.74,0.02,13.57,0,1.22,7.96,0.673608,12.38,59.9,27.72,1.08
302,14,1110,18.2,6.77,13,64.5,63.4,83.3,113,129,115,101,86.8,84.1,91.5,101,82,-1.6,0.884,6.65,12.7,18.8,23.8,25.8,25,20.8,14.2,7.12,0.9,13.1,295.9,0.0243,0.0724,0.198,0.463,4.01,15.1,24.8,53.8,53.3,42,28.6,17.1,9.9,8,7.6,14.7,21,394.2,144,179.3,179,1.2,70.09,0,22.04,0,0.27,7.35,0.59436,9.93,62.27,27.8,0.67
303,12.6,1160,18.3,6.88,13.3,70.3,67.6,94.5,114,130,118,104,90.8,86.7,93.9,107,86.5,-1.1,1.4,7.04,13,19,24.1,26,25.3,21,14.4,7.45,1.37,10.3,322.7,0.00358,0.0206,0.107,0.427,5.38,21.7,32.3,57.6,54.7,42.2,27.2,17.3,10,8.1,7,17.7,26.9,292.2,151,172.1,174,0.9,61.37,0,28.56,0,0.47,9.12,0.57912,11.42,59.85,28.73,0.68
304,39.8,552,10.2,-3.12,3.94,35.1,33.7,44.3,58.8,77.2,69.9,36,33.6,38.3,42.2,41.7,41.5,-6.21,-5.49,-1.92,2.23,7.44,12,16.6,16.2,11,4.35,-2.53,-6.9,75.3,202.6,0.127,0.193,0.25,0.315,0.765,1.4,0.8,1.4,9,40.4,50.2,38.1,24.8,16.2,11.8,5.7,2.8,38074.7,1194,2046.9,2048,16.6,6.3,0.28,34.95,0,0.46,1.43,1.740408,39.76,42.29,17.95,0.73
305,39.2,432,10.7,-3.57,4.8,23.8,27.5,38,55.1,71.6,38.3,23.8,19.7,36.9,35.8,33.2,28.2,-6.82,-6.07,-1.5,3.01,8.48,14.2,18.9,18.2,12.6,5.2,-2.19,-7.18,63.7,138.5,0.0678,0.0948,0.124,0.174,0.862,1.3,0.6,0.6,3,17.2,30.6,29.9,21.8,15.2,10.7,5.1,2.5,11522.4,1470,2340.1,2231,16.3,3.16,1.67,20.38,0.33,0.64,1.01,1.776984,38.9,39.91,21.19,0.54
306,30.9,365,12.1,-2.41,6.18,17.1,20.8,30,46.1,65.2,36.3,22.5,17.3,33,30.9,24.8,20.7,-6.79,-5.48,-0.151,4.78,10.4,16.3,21.1,20.2,14.4,6.75,-1.2,-6.96,58.5,86.6,0.0789,0.0951,0.126,0.179,0.363,0.8,0.4,0.4,2.5,11.8,19.1,18,13.1,9.3,6.7,3,1.5,19954.9,1431,2110.5,1889,11.8,3.27,1.34,12.18,0.19,0.75,0.94,1.78308,42.12,37.71,20.17,0.49
307,28.1,351,12.7,-1.97,6.93,14.7,17.7,27.4,43.6,64.2,38.8,22.9,16.5,34.1,31.1,22.2,18,-6.41,-4.98,0.613,5.7,11.3,17.2,22.1,21.2,15.3,7.48,-0.573,-6.49,54.7,69.6,0.0536,0.0707,0.0908,0.133,0.325,0.5,0.3,0.6,3,10.8,15.6,13.8,9.8,7.1,5,2.1,1,34255.4,1171,1955.6,1783,11.5,2.94,1.12,10.13,0.11,0.48,0.85,1.792224,38.02,40.12,21.86,0.55
308,28.3,352,12.6,-2.03,6.82,14.6,17.6,27,43.2,64.2,39.7,23.5,16.9,34.6,31.2,22,17.8,-6.36,-4.97,0.53,5.55,11.1,17,21.9,21,15.1,7.33,-0.633,-6.46,55.8,71.2,0.0566,0.0727,0.0917,0.128,0.336,0.5,0.3,0.6,3,11.1,16.4,14.3,9.9,7.1,5,2,1,40824.9,1120,1953.9,1777,12,3.27,1.42,10.05,0.09,0.43,0.84,1.789176,37.94,40.15,21.91,0.56
309,37.7,516,10.3,-2.69,4.25,35.1,36.5,40.1,54.5,73.1,51.6,32,25.2,41.4,42.4,43.9,40.6,-7.32,-6.36,-1.85,2.59,8.08,13.5,18.2,17.5,11.9,4.46,-2.81,-7.68,67.2,196.3,0.131,0.188,0.258,0.428,0.951,1.9,1,1,4.2,23.3,41.7,42.2,31.8,22.5,15.5,7.5,3.7,6192,1192,2184.5,2160,25,6.85,3.49,27.12,0.17,0.63,1.34,1.740408,43.48,38.69,17.82,0.65
310,25,474,14.1,-0.134,8.88,17.7,21.3,32.1,50,89.2,68.7,36.6,25,46.9,44.2,23.1,19.4,-2.66,-2.11,2.77,7.28,12.2,17.7,23.3,22.8,16.5,8.96,2.05,-2.87,63.6,45.2,0.0119,0.0204,0.0346,0.0774,0.201,0,0.2,2,9.3,11.7,9.2,4.4,2.8,2.7,2,0.9,0,319.8,1143,1373.9,1376,11.7,3.9,0.03,20.63,0,0.01,0.65,1.8288,21.56,53.57,24.88,0.89
311,42.2,549,10.6,-2.8,4.47,30.6,29.9,51.7,69,91.3,59.1,31.3,19.4,47.8,53.5,33.6,31.7,-5.41,-5.47,-1.59,2.22,7.19,12.8,17.7,17.2,11.5,4.52,-1.76,-5.99,65.9,197,0.114,0.151,0.198,0.401,2.01,1.3,0.8,1.1,5.4,32.5,57.6,42.6,22.5,14.1,11.2,5.3,2.6,1242.6,1112,2012.5,2256,14.8,3.9,0.18,40.53,0,0.06,1.29,1.8288,34.09,40.82,25.09,0.7
312,38.9,546,11.3,-2.56,4.29,27,28,49.6,71.5,91.9,61.3,32,19.9,48.2,54.8,33.2,28.2,-5.31,-5.46,-1.75,1.99,6.91,12.5,17.3,16.7,11.3,4.34,-1.82,-5.92,60.4,174.2,0.105,0.158,0.204,0.369,2.06,1.2,0.7,1.3,5.1,25.8,44.8,37.2,23.1,15.7,11.5,5.3,2.5,1016.8,1130,1955.4,1755,15.3,7.39,0.09,41.82,0,0.25,3.38,1.8288,39.24,39.13,21.62,0.67
313,20.3,449,14.8,-0.501,8.74,17.1,19.2,34.1,55.1,83.3,58.4,31.4,19.5,43.3,46.3,23,18.2,-2.21,-1.83,2.66,6.88,11.9,17.5,22.7,22.2,16.2,8.76,2.06,-2.58,62,17,0.0699,0.118,0.179,0.273,0.551,0,0,0.3,2,4.3,3.9,2,1,2,1.5,0,0,226.7,1126,1338,1334,9.4,9.24,0.01,5.74,0,0.03,2.78,1.8288,28.69,44.86,26.45,0.71
314,19.8,421,15,-0.369,9.48,14.8,17.2,29.4,49.4,78.4,59.2,33.4,19.7,41,42,20.5,16.2,-2.21,-1.56,3.31,7.82,12.8,18.6,24,23.4,17.2,9.53,2.51,-2.44,61.6,17.2,0.019,0.0346,0.0534,0.0809,0.167,0,0,0.2,2,4.3,3.9,2,1.2,2,1.6,0,0,933.7,1060,1286.7,1298,10.4,4.1,0.1,2.85,0,0.02,0.68,1.8288,26.78,46.22,27,0.63
315,32.7,495,12.6,-1.73,6.42,23.3,24.6,42.2,61.3,85.9,59.5,32.1,20,44.9,48.7,28.1,24.7,-4.07,-3.89,0.34,4.4,9.36,15,20.1,19.5,13.7,6.48,-0.0446,-4.52,63,120.2,0.066,0.104,0.139,0.225,1.08,0.8,0.5,0.8,4.1,19.6,32.9,25.1,14.3,9.8,7.5,3.2,1.6,3763,1046,1704,1358,13,4.58,0.17,26.17,0,0.11,1.63,1.8288,31.73,42.53,25.74,0.67
316,30.2,477,13.1,-1.4,7.06,21.4,22.9,39.1,57.9,83.6,59.6,32.9,20.6,43.6,46.5,26.1,22.8,-3.72,-3.43,0.957,5.13,10.1,15.7,20.9,20.4,14.4,7.12,0.482,-4.11,62.4,100.7,0.062,0.0833,0.134,0.222,0.775,0.6,0.4,0.7,3.8,16.7,27.5,20.7,11.8,8.2,6.4,2.6,1.3,4617.1,1025,1610.7,1318,12.2,3.77,0.6,21.77,0,0.2,1.39,1.8288,30.22,43.41,26.38,0.63
317,26.7,456,13.8,-0.888,7.93,19,20.5,35.3,53.5,81.2,60.9,34.3,21.9,41.8,43.2,23.5,20.3,-3.36,-2.88,1.76,6.18,11.2,16.8,22.1,21.6,15.5,8.02,1.17,-3.67,60.9,74,0.0433,0.0586,0.0933,0.146,0.513,0.4,0.3,0.7,3.2,12.6,19.9,14.7,8.5,6.2,4.8,1.8,0.9,6818.9,931,1467.2,1247,11.2,2.68,0.45,19.41,0,0.14,0.97,1.825752,28.48,45.18,26.34,0.62
318,18.7,418,15.2,0.382,9.62,14.7,15.6,27,46.4,76.2,67.5,40.8,26.9,35.6,34.5,17.3,15.6,-3.24,-2.15,3.16,8.46,13.7,19.3,24.7,24.1,17.6,9.84,2.35,-3.28,52.1,16.7,9.48e-4,0.00193,0.00315,0.00559,0.0134,0,0,0.4,2.1,3.8,3.9,2,1.3,1.9,1.3,0,0,1839.4,890,1130.7,1151,8.5,0.33,0.09,23.55,0,0,0.46,1.8288,19.84,54.11,26.05,0.82
319,16.5,416,15.1,0.463,9.58,15,14.3,25.9,47.3,77.3,66.1,40.5,27.3,37,33.7,16.9,14.8,-4.01,-2.69,2.92,8.61,14,19.7,25,24.3,17.8,9.89,2.25,-3.65,31.9,14.3,2.39e-5,1.85e-4,6.43e-4,0.00782,0.0919,0,0,0,2,3.1,3.3,2,1.2,1.7,1,0,0,1801.8,766,981.9,966,6.2,1.7,0.04,10.64,0,0.02,0.31,1.8288,23.2,49.91,26.89,0.64
320,22,431,14.6,-0.147,8.85,16.7,17.4,30.3,49.4,78.7,63.3,36.5,24.2,38.8,38.1,20.1,17.5,-3.58,-2.66,2.48,7.51,12.7,18.3,23.6,23,16.7,9.04,1.77,-3.59,50.3,43.8,0.015,0.025,0.0373,0.0657,0.241,0.2,0.1,0.4,2.6,7.9,11.5,8.2,4.8,3.9,2.9,0.9,0.4,13997.2,720,1228.5,1146,9.2,2.1,0.27,18.52,0,0.09,0.65,1.8288,25.88,48.05,26.07,0.65
321,22.6,361,13.6,-0.731,7.6,11.1,15.2,28.4,44.3,70.1,44.9,28.3,16.9,31.2,35.5,19,15.8,-5.17,-4.08,1.28,6.18,11.6,17.7,22.7,21.9,15.8,7.82,0.117,-5.46,62.1,29.1,0.00938,0.0244,0.0392,0.0653,0.187,0.1,0,0.7,3.7,8.6,6.8,3.6,2.1,1.7,1.5,0.2,0.1,7990,1335,1790.2,1702,8,0.36,2.59,6.34,0,0.02,0.37,1.810512,32.52,40.64,26.84,0.7
322,21.6,356,14.1,-0.54,8.11,10.3,14,26.6,43.4,70.2,46.2,29.8,17.5,30.7,34.7,17.7,14.6,-4.78,-3.63,1.78,6.73,12.1,18.3,23.3,22.5,16.3,8.31,0.565,-5.06,60.9,24.7,0.00485,0.0151,0.0285,0.0459,0.146,0.1,0,0.5,3.2,7.1,5.7,3.2,1.8,1.5,1.3,0.2,0.1,11111.9,1230,1689.6,1613,7.1,0.36,2.02,4.71,0,0.02,0.29,1.807464,31.36,41.47,27.17,0.67
323,21.4,384,13.8,-0.723,7.21,10.6,14.4,26,46.4,75.5,54.3,36.9,19.6,37.6,33.1,17.4,12.4,-4.18,-3.65,1.01,5.48,10.6,16.4,21.4,20.7,14.8,7.27,0.361,-4.52,59.9,30.9,0.00273,0.00757,0.0154,0.0286,0.153,0.1,0,0.3,2.8,8.2,8.2,4.7,2.5,2.2,1.5,0.3,0.1,2426,1152,1634.3,1445,8.5,0.68,0.23,15.43,0,0.05,0.53,1.801368,32.31,41.67,26.02,0.63
324,21,362,14.2,-0.473,8.14,10.3,13.9,26.1,43.9,71,48.5,31.7,18.5,32.2,34.3,17.3,13.9,-4.53,-3.47,1.82,6.72,12.1,18.1,23.2,22.5,16.3,8.31,0.706,-4.81,59.3,24.5,0.00485,0.0141,0.0244,0.0441,0.145,0.1,0,0.4,2.9,6.9,5.9,3.3,1.8,1.6,1.3,0.2,0.1,15343.2,1112,1636.7,1543,7.5,0.37,1.51,5.92,0,0.02,0.34,1.804416,31.53,41.72,26.75,0.67
325,18,402,14.9,0.191,9.24,11.7,14,25.6,47.8,75.2,58.8,39.1,27.3,35.5,37.1,16,14.2,-3.92,-2.68,2.78,7.97,13.3,19.4,24.8,24,17.6,9.37,1.68,-4.08,49.6,18.9,5.41e-4,0.00193,0.00338,0.00908,0.0397,0,0,0,2,5,4.3,2,1.9,2,1.7,0,0,647.6,1142,1355.6,1364,7.5,0.09,0.04,0.88,0,0.01,0.21,1.819656,29.58,44.25,26.17,0.57
326,25.7,457,13,-1.37,6.39,16.9,18.8,34.8,57,82.8,60.6,39.4,21.8,42.6,42.7,22.6,17.4,-4.52,-4.14,0.274,4.53,9.54,15.2,20.3,19.7,13.8,6.42,-0.235,-4.89,59,66.8,0.0156,0.0439,0.0673,0.108,0.565,0.4,0.2,0.4,2.7,11,16.5,13.1,8.8,6.7,4.4,1.8,0.8,2985.4,1082,1705.1,1402,12.5,1.97,0.11,19.89,0.04,0.61,0.93,1.792224,36.07,40.99,22.95,0.61
327,21.3,379,14.1,-0.512,8.04,11.4,14.5,27.2,46,72.9,51.5,33.8,19.8,34.2,35.6,17.8,14.4,-4.45,-3.46,1.73,6.58,11.9,17.9,23,22.3,16.1,8.19,0.711,-4.71,58.1,30,0.00721,0.0169,0.0287,0.0521,0.183,0.1,0.1,0.4,2.8,7.2,7.2,4.6,2.8,2.4,1.8,0.4,0.2,20793.5,1026,1599.7,1481,8.2,0.64,1.14,7.65,0.01,0.11,0.41,1.804416,32.04,41.96,26,0.66
328,16.9,398,15.1,0.163,9.22,10.7,13.2,23.3,46.5,75,61.1,42.6,29.7,33.7,34.8,13.9,13.6,-4.06,-2.81,2.65,8.02,13.3,19.4,24.8,24,17.6,9.36,1.75,-4.14,49,17.1,7.53e-4,0.00177,0.00343,0.0103,0.067,0,0,0,2,4.3,4.2,2.1,1.5,1.7,1.3,0,0,3204,1037,1247.8,1251,5.9,1.03,0.69,3.08,0,0.04,0.5,1.822704,34.5,41.94,23.56,0.68
329,19.3,386,14.6,-0.231,8.55,11.5,13.7,25.6,45.7,73,56.2,37.3,23.3,34.5,34.2,16.4,13.9,-4.45,-3.28,2.08,7.28,12.6,18.6,23.8,23,16.7,8.74,1.17,-4.5,50.2,23.9,0.0043,0.0101,0.0189,0.0427,0.13,0.1,0,0.2,2.5,5.7,5.7,3.6,2.2,2.1,1.5,0.2,0.1,33847.4,752,1390.4,1322,7.3,1.22,0.82,6.36,0,0.11,0.4,1.810512,30.87,43.16,25.98,0.65
330,16.3,463,12.3,-1.28,6.85,12.1,11.2,19.2,34.3,68.2,88.2,69,44.1,48.3,38.1,15.9,14.9,-10.4,-8.24,-0.965,7.17,13.7,18.8,23.3,22.7,16.4,8.21,-1.08,-8.35,18.9,16,8.41e-4,0.00229,0.0041,0.0126,0.272,0,0,0,1,3,4,3,2,2,1,0,0,191.5,614,707.5,708,5.3,19.78,0.15,8.34,0,0.14,0.77,1.825752,21.37,49.73,28.9,1.15
331,16.6,457,12.8,-0.837,7.3,10.4,11.2,21.3,39.5,68.9,83.9,65.2,49.8,43.6,35.4,16,12.4,-9.5,-7.33,-0.458,7.29,13.8,19.1,23.7,23,16.7,8.49,-0.521,-7.65,17.4,20.3,0.00573,0.0118,0.0239,0.0673,0.35,0,0,0,2,4.2,5,3.4,2.7,2,1,0,0,8583.9,508,714.1,708,2.9,47.26,0.19,0.87,0,0.53,4.1,1.810512,26.25,47.16,26.59,1.48
332,18.7,362,14.8,-0.186,8.72,8.66,14.4,25.4,44.1,71.7,50,36.8,22,28.4,32,15.8,12.5,-4.47,-3.08,2.4,7.48,12.9,19.1,24.1,23.2,17.1,8.94,1.04,-4.8,43.3,12.7,1.07e-5,2.52e-5,2.07e-4,9.43e-4,0.00466,0,0,0,1.5,3.3,2.9,2,1,1,1,0,0,3981.1,1320,1558.6,1549,3.9,0.01,1.56,0.63,0,0.01,0.1,1.825752,38.73,38.02,23.25,0.56
333,16.2,366,15.5,0.0896,9.35,7.37,12.9,23,44.1,70.6,53.8,42.1,26.9,29.7,30,14.8,10.6,-4.14,-2.56,2.98,8.2,13.6,19.8,24.9,23.9,17.9,9.59,1.61,-4.4,47.9,13.6,4.43e-5,1.58e-4,3.96e-4,0.0017,0.0153,0,0,0,1.8,3.3,3,2.1,1.2,1.2,1,0,0,13799.3,1095,1427.9,1426,3.9,0.28,1.34,1.26,0,0.02,0.21,1.822704,34.88,39.74,25.38,0.61
334,18.4,386,14.5,-0.309,8.57,9.67,13.7,25.9,45.3,74.7,56.9,39.9,25.4,30.7,34.7,16,13.4,-4.55,-3.26,2.17,7.29,12.7,18.8,24,23.2,16.9,8.72,0.962,-4.81,43.7,12.8,1.12e-4,4.88e-4,0.00153,0.00396,0.0121,0,0,0,1.5,3.2,3,2,1.1,1,1,0,0,1279.4,1391,1520.1,1517,3.3,0.82,0.28,0.02,0,0.02,0.67,1.8288,25.88,42.7,31.42,0.43
335,17.6,396,14.6,-0.167,8.78,9.8,14,24.8,45.9,75,59.3,42.3,29.1,30.5,35.4,15.8,13.6,-4.29,-3.06,2.31,7.49,12.9,19,24.2,23.4,17.1,8.93,1.26,-4.51,50.2,14.7,9.72e-4,0.00227,0.00394,0.00899,0.0513,0,0,0,1.8,3.6,3.4,2.1,1.5,1.2,1.1,0,0,4378.5,1251,1437.1,1435,4.1,1.01,1.45,0.69,0,0.03,1.55,1.8288,34.39,39.92,25.69,0.53
336,25.1,757,12.7,-0.604,6.75,31.8,36.4,53.1,85.5,124,99.2,78.6,59.4,49.6,67.1,37.8,34.5,-3.85,-3.71,0.434,4.77,9.98,15.7,20.4,19.6,14.1,6.68,0.454,-4.21,72.4,200.9,0.123,0.189,0.263,0.51,1.52,1.7,2.7,7.6,36.9,52.4,41.2,22.7,12.7,7,7.8,5.2,3,146.6,1122,1630.7,1658,18.7,0.04,1.28,73.33,0,0.44,4.68,1.810512,23.63,53.4,22.97,0.77
337,20.5,665,13.9,0.252,8.1,24.7,29.4,45.7,75.5,114,91.8,69.1,50.9,44.1,59.8,31.7,28,-3.11,-2.71,1.62,6.29,11.5,17.3,22.1,21.3,15.7,8.1,1.61,-3.34,67.7,127.6,0.053900000000000003,0.095,0.151,0.317,1.01,0.9,1.5,4.7,22.3,33.2,26.9,14.8,8.3,4.9,5.3,3.1,1.7,263.7,868,1360.6,1361,12.8,5.9,0.71,46.56,0,0.31,3.84,1.81356,24.3,50.03,25.66,0.74
338,13.5,831,14.1,2.3,8.81,17.5,20.4,48.8,88.2,115,128,97.4,101,87.1,60.9,39.3,27.4,-8.65,-5.99,1.68,9.65,16.1,21.5,23.8,22.6,17.9,10.5,1.92,-6.07,49.8,128.6,0.133,0.219,0.377,0.744,1.66,1.3,1,7,24.8,23.7,21.6,13.6,10.9,8.4,7.5,6,2.8,9120.5,315,423.5,426,2,83.35,0.02,2.48,0,1.47,6.32,1.35636,16.38,56.43,27.19,2.12
339,12.7,870,15,3.11,9.71,18.3,22.9,52.3,87,121,128,105,110,87.4,65.3,39.4,33.2,-7.25,-4.64,2.94,10.4,16.6,22.1,24.3,23.3,18.5,11.2,2.91,-4.73,47.7,153.4,0.175,0.259,0.39,0.671,1.51,2,1.3,11.8,28.2,28.7,24.4,15.5,11.7,10.2,8.8,7.3,3.5,2252.1,316,402,408,4.1,85.25,0.02,2.12,0,0.38,6.8,1.642872,4.93,68.75,26.32,1.55
340,47.6,583,11,-3.03,4.19,51.3,50.4,57.5,67.5,62.6,32.1,31.9,27.2,39.6,50.5,56.5,55.9,-7.7,-6.7,-2.38,2.35,8.16,14,18.1,17.1,12.2,4.86,-2.66,-7.75,57.5,198,0.0555,0.0807,0.11,0.27,1.05,1.5,0.7,0.8,10.1,40.4,43.6,36,25.2,17.3,12.9,6.4,3.1,11176.6,1962,2491.8,2482,10.1,5.1,0.64,30.28,0.32,0.35,0.79,1.725168,45.72,35.65,18.62,0.5
341,38.8,403,11.9,-2.06,5.97,20.5,24.5,35.6,51.7,63.8,35.7,30.2,20.6,28.8,34.7,30.2,26.7,-6.32,-5.22,-0.407,4.29,10,16,20.4,19.5,14.1,6.4,-1.29,-6.6,50.6,73.9,0.00622,0.0124,0.0214,0.0805,0.308,0.4,0.2,0.3,5,18.3,16.4,12.5,8.3,5.8,4.2,1.7,0.8,6060.9,1958,2223.4,2157,5.1,1.7,0.18,7.55,0,0.19,0.46,1.79832,40.43,38.95,20.62,0.53
342,38.9,447,11.9,-2.17,5.48,30.5,32.8,41.4,54.3,60.7,32.2,27.4,21.8,32.5,39.2,38.2,35.6,-7.06,-5.89,-1.06,3.83,9.61,15.6,20,19.1,13.7,6.03,-1.74,-7.17,54.8,106,0.0451,0.0621,0.0873,0.166,0.298,0.7,0.3,0.4,5.9,23.8,23.6,18.6,12.8,8.9,6.6,3,1.4,28307.5,1621,2283.3,2183,7.9,2.39,0.44,15.59,0.13,0.5,0.54,1.764792,44.67,36.35,18.98,0.51
343,35.4,427,12.4,-1.69,6.18,26,29.1,38.4,52.8,63.4,34.7,28,21.3,31.2,38.1,33.4,30.6,-6.36,-5.23,-0.305,4.56,10.2,16.3,20.8,19.9,14.4,6.65,-1.08,-6.52,53.5,89.6,0.0371,0.0468,0.0689,0.134,0.225,0.5,0.3,0.5,6.1,21.5,19.9,15,10.1,7,5.3,2.3,1.1,39195.6,1415,2153.3,2121,7.6,2.32,0.59,13.68,0.09,0.4,0.81,1.773936,44.02,36.19,19.79,0.56
344,14.8,508,16.7,0.863,9.78,15.9,17.3,39.9,58.2,68.6,56.2,71.5,68.4,37.4,32.6,22.8,19.2,-0.975,0.139,4.17,8.05,13.1,19.2,22.5,21.4,17,9.97,3.38,-1.24,44.4,30.9,0.026,0.04,0.0567,0.0953,0.234,0.2,0.2,1.7,4.1,6.8,4.9,4.3,3.8,2.1,1.5,1.1,0.2,1063.2,1589,1984.3,1977,4.4,0.57,0.1,7.41,0,0.43,21.73,1.789176,48.08,33.61,18.32,0.69
345,26.9,525,12.6,-2.71,4.88,19.6,22.7,43.3,56.9,62.3,48,73.9,74.7,40.7,34.2,25.5,23.1,-5.42,-4.61,-1.17,2.62,8.07,14.2,17.1,16,12.2,5.5,-1.13,-5.46,62.7,79.9,0.0246,0.0341,0.0545,0.117,0.282,0.6,0.3,1.2,6,16.1,15.2,13.3,11.2,7,5.2,2.6,1.2,10012.2,1579,2604,2681,14.5,0.34,1.44,40.19,0.28,0.58,8.56,1.789176,50.97,31.14,17.89,0.75
346,54.4,865,8.06,-4.28,0.196,64.2,69.9,84.9,105,94.3,49.6,72.5,62.1,57.5,62.8,73.1,70,-9.64,-9.06,-5.82,-2.35,3.13,9.06,12.3,11.4,7.35,0.781,-5.7,-9.65,66.9,412.4,0.0745,0.108,0.276,1.09,3.84,4.6,2.2,1.9,8.4,41,68.6,84.3,76.2,57.2,38.8,19.6,9.6,355.4,2286,3084,3099,35.4,0.3,13.36,54.32,8.78,0.31,2.78,1.670304,56.15,32.09,11.76,0.5
347,50.8,828,8.6,-3.89,0.582,58.9,64.6,80.6,100,92.2,49.4,72.5,61.4,56.3,59.4,68.1,64.8,-9.26,-8.68,-5.42,-1.96,3.51,9.46,12.7,11.7,7.74,1.16,-5.32,-9.27,67.3,362.7,0.0674,0.107,0.245,0.707,2.12,4,1.9,1.8,8.7,38.1,60.6,73.3,66,49.4,33.6,17,8.3,419,2272,3004.4,2986,33.2,0.32,11.52,54.73,7.46,0.43,4.35,1.685544,55.41,32.4,12.19,0.52
348,31.6,643,12.1,-1.57,4.27,32.4,37.2,58.3,77.4,86.8,52.6,68.5,54.2,50.1,45,43.5,36.9,-5.74,-5.09,-1.64,1.86,7.25,13.2,16.6,15.6,11.4,4.72,-1.76,-5.81,66.5,159.5,0.00743,0.016,0.0377,0.114,0.491,1.5,0.9,1.9,8.6,24.1,27.6,29.2,25.1,18.6,12.5,6.4,3.1,1386.1,1497,2468.7,2434,25.4,2.79,3.98,56.5,2.51,0.72,3.99,1.73736,51.09,33.87,15.04,0.57
349,28,486,12.2,-1.86,5.16,17.9,22.4,41.6,60.8,70.6,46.9,55.6,43.2,42.1,35.8,28.4,20.9,-5.48,-4.68,-0.782,3.15,8.53,14.4,18.1,17.1,12.5,5.41,-1.27,-5.7,60.5,56.1,0.00882,0.0141,0.026,0.0722,0.517,0.2,0.2,1.1,5.4,14.6,12.5,8.9,5.4,3.7,2.5,1.1,0.5,1399.3,1766,2384.5,2382,12.4,0.43,0.02,44.83,0.01,0.2,0.79,1.804416,51.91,29.81,18.28,0.91
350,35,570,11.5,-2.32,4.3,28.3,32.5,52.9,71.6,76.2,46.7,56.8,45.5,44.5,42.8,39.5,32.4,-5.99,-5.32,-1.67,2.13,7.5,13.4,16.9,15.9,11.5,4.62,-1.91,-6.16,62.2,144.4,0.00666,0.0182,0.0392,0.108,0.79,1.4,0.7,1.3,6,21.9,27,27.4,22.4,16.3,11.5,5.7,2.8,2920.8,1509,2511.2,2451,17.7,1.28,1.27,54.48,2.19,0.35,1.22,1.758696,52.48,31.4,16.11,0.73
351,24.9,520,13.8,-1.2,6.45,21,23.9,44.6,60.7,69.9,48.8,63.4,57.7,41.2,35.4,28.6,24.3,-4.22,-3.26,0.553,4.4,9.77,15.8,19.2,18.1,13.8,6.87,0.123,-4.36,61.7,85.5,0.0297,0.0548,0.0784,0.114,0.327,0.7,0.4,1.4,6,15.8,16.2,15,12,8.1,5.7,2.9,1.3,25015.6,1395,2302.3,2268,13.3,12.65,1.54,33.44,1,0.95,10.03,1.761744,49.21,32.79,18,0.65
352,11.8,784,15.9,3.38,10.2,15,18.5,48,80.6,117,127,84.3,93.8,79.4,60.7,34.4,25,-6.39,-3.77,3.68,10.7,16.9,22.6,25.1,24,18.9,11.4,3.13,-4.36,41.3,105.3,0.0702,0.107,0.153,0.25,0.764,1,1,7.7,16.9,21.7,19.3,12.2,8.7,6.5,5,3.3,2,953.9,374,465.1,468,3.2,81.51,0,1.66,0,0.19,4.61,1.609344,4.49,68.72,26.79,1.5
353,12.4,746,15.8,2.79,10.1,14.9,20,45.4,79.3,111,115,83.3,90.5,71.4,59.9,32.4,23.3,-6.03,-3.67,3.42,10.3,16.4,22.2,25.3,24.1,18.9,11.2,2.97,-4.36,56.3,80.7,0.0914,0.139,0.197,0.324,0.775,0.5,0.9,5.9,13.5,16.9,14.1,9.5,6.7,5.3,4,2.3,1.1,17988.7,340,537.2,521,1.8,57.38,0.05,1.28,0,0.59,4.25,1.50876,38.09,44.42,17.49,1.01
354,11.7,924,15.9,3.74,10.5,20.2,26.7,53.5,91.6,134,134,108,111,93,73.3,43.1,35.2,-6.14,-3.62,3.98,11,17.1,22.6,25,24,19.2,11.9,3.77,-3.69,43.4,176.5,0.182,0.276,0.438,0.793,1.91,2.8,2.9,16.6,30.8,30.4,25,17.2,12.7,13.6,10.4,8.9,5.2,7281.8,276,376,379,3.6,87.91,0.02,1.23,0,0.46,6.54,1.545336,5.94,64.98,29.08,1.55
355,11,949,16.3,4.12,10.9,20.6,29.3,55.8,89.7,138,132,115,111,96.5,74.6,50.2,36.5,-5.45,-2.87,4.55,11.3,17.2,22.8,25.3,24.3,19.4,12.2,4.26,-2.99,33.4,191.9,0.0898,0.154,0.306,0.644,2.36,4,3.8,17.7,30.3,31.1,24.8,17.9,13.5,16.6,13,11.8,7.4,3927.9,263,357.5,361,3.5,85.05,0.02,6.13,0,0.55,5.17,1.307592,9.84,57.06,33.1,1.76
356,10.3,1000,17,5.07,11.7,24.2,34,61.1,93,142,133,122,113,101,82.6,54.1,41.4,-4.11,-1.47,5.55,11.8,17.6,23.3,25.9,24.9,19.8,12.7,5.07,-1.85,20.3,223.6,0.0676,0.139,0.302,0.753,3.06,6,6.7,22.6,31,32.7,26.2,21.9,14.7,18.6,17.1,15.3,10.8,6178.8,240,324.4,318,3,78.71,0.04,9.72,0,1.43,6.69,1.216152,9.9,56.45,33.65,1.57
357,8.5,1060,18.6,7.06,12.9,31.2,42.4,65.3,103,146,141,109,115,114,90.7,60,46.4,-1.98,0.748,7.19,12.7,18.4,24,26.7,25.8,20.6,13.8,6.45,-0.0781,21.4,244.7,0.0985,0.162,0.298,0.68,3.8,9.5,11.2,23.1,29.5,32.5,29.7,22.2,13.1,20.4,20.7,18.7,14.1,150.5,230,294.3,300,3.6,22.11,0.05,11.75,0,0.72,62.77,1.03632,4.89,58.83,36.28,1.56
358,8.9,1090,18.6,7.05,12.8,33.2,44.1,65.3,105,152,146,111,116,114,92.9,62,47.6,-2.04,0.698,7.12,12.6,18.3,23.9,26.6,25.7,20.5,13.7,6.39,-0.114,21,258.7,0.294,0.371,0.538,1.06,5.57,10.7,12.3,24.5,31.7,34.4,31,22.8,13.7,21,21.1,19.9,15.6,167.5,250,300.2,301,2.7,6.09,0.01,2.68,0,0.14,90.47,0.993648,4.86,57.95,37.19,1.41
359,9.6,1130,18.5,6.86,12.9,34.2,46.5,71.9,108,156,148,115,119,116,102,66.1,49.6,-2,0.754,7.11,12.7,18.4,23.8,26.5,25.6,20.5,13.7,6.45,-0.0104,21.6,297.4,0.088,0.173,0.366,0.85,3.67,12.6,14.7,30.3,38.6,38.7,32.7,22.6,16,24.1,25,23.3,18.8,480.4,225,282.8,285,3.6,25.71,0.07,15.75,0,3.19,51.79,1.02108,4.6,61.43,33.97,1.38
360,11.7,1050,16.6,4.86,11.2,27.8,40.7,62.3,97.9,146,130,126,117,106,85.7,61.3,44.2,-4.57,-1.99,4.95,11.4,17.1,22.8,25.5,24.4,19.3,12.2,4.65,-2.1,16.4,226,0.0305,0.0694,0.151,0.389,3.02,6.9,7.1,24.4,35.5,34,23.3,20.7,12.9,16,16.3,16.2,12.7,954.2,226,294,298,3.5,75.58,0.04,16.04,0,0.48,3.98,1.091184,16.05,49.09,34.86,1.21
361,12,1040,16.6,4.9,11.2,29.4,41.7,62.8,98.4,141,133,125,115,104,84.4,64.1,44.6,-4.67,-2.1,4.85,11.3,17.1,22.7,25.5,24.5,19.4,12.2,4.67,-2.11,20.5,236.4,0.0867,0.219,0.426,0.792,2.86,7.1,7.8,26.2,37.9,35.7,24.9,21.1,13.5,16.5,16.3,16.4,13,4899.5,196,284.7,291,3.4,62.25,0.04,24.58,0,1.73,4.78,0.963168,17.66,47.03,35.31,0.96
362,11.7,1080,17.6,5.91,12.2,39.7,50.6,72.2,102,141,134,116,101,103,92.7,74.8,56.4,-3.23,-0.483,6.04,12.2,17.9,23.4,26.1,25.2,20.2,13.1,5.72,-0.873,18.1,256.9,0.0733,0.179,0.412,0.874,2.95,9.9,12,33.1,39.5,36.6,26.4,20.7,12.5,15,16.5,18,16.7,565,202,255.1,256,2.7,56.07,0.14,27.81,0,3.82,5.77,0.987552,22.28,42.2,35.51,0.67
363,7.3,1110,19.3,7.16,13.6,34.2,46.4,75.7,109,154,145,108,110,110,98.2,69.1,51.6,-0.848,1.96,8.04,13.3,18.9,24.3,27,26.2,21.2,14.5,7.27,0.875,17.2,260.9,0.0477,0.125,0.34,0.997,3.57,12.7,15.1,28.2,32,33.9,31,21.1,13.4,16.4,18.4,21.2,17.5,14338.5,225,295.5,295,2,63.37,0.08,12.09,0,1.45,5.64,0.950976,10.98,52.33,36.69,0.99
364,8.2,1210,19.5,7.16,13.7,55.9,63.3,97.1,119,149,124,104,103,111,103,101,82.1,0.161,2.94,8.15,13.3,18.7,23.6,26.1,25.7,21,14.4,7.72,1.94,34.1,333.3,0.0371,0.105,0.316,0.858,3.39,25,29.1,45.1,46.1,40.1,28.9,18.3,11,13.7,14.6,29.1,32.3,712.6,292,360.8,357,3.7,56.35,0.1,35.99,0,0.07,5.2,1.472184,19.39,42.41,38.21,0.48
365,8,1160,19.3,7.18,13.6,42.9,54.3,83.3,115,152,136,108,108,111,100,82.2,63.9,-0.562,2.23,8.05,13.4,18.9,24.1,26.7,26,21.1,14.5,7.44,1.24,23.7,295.1,0.0705,0.177,0.494,1.19,2.31,17.2,21,35.2,38.9,37.8,30.6,20.3,12.9,16.1,17.9,24.1,23.1,37907.9,162,288.8,284,3.2,53.02,0.15,29.69,0,2.3,5.82,1.200912,14.59,47.73,37.67,0.82
366,10.4,1220,19.3,6.74,13.5,62,71.9,107,124,142,112,97.4,102,99.5,95.5,112,88.9,-0.21,2.42,7.83,13.3,18.6,23.3,25.8,25.3,20.8,14.4,7.76,1.87,26.2,363.3,0.214,0.298,0.479,0.96,3.04,28.6,37,55,55,44.3,29.4,18.9,12.3,11.7,11.8,25.9,33.4,663.8,206,319.2,319,6.9,13.09,0.12,78.56,0,0.08,4.07,1.575816,24.6,37.91,37.48,0.33
367,10.2,1220,19.3,6.73,13.4,62.3,71.3,106,123,145,114,99.9,104,101,95.2,110,87.1,-0.29,2.36,7.78,13.3,18.5,23.4,25.8,25.3,20.7,14.3,7.66,1.78,26.5,349.9,0.211,0.291,0.491,0.905,2.54,26.8,35,52.8,52.5,43,28.6,18.8,12.2,11.7,12,24.8,31.7,3845.5,197,320,323,6,18.81,0.11,72.83,0,0.22,4.54,1.441704,25.59,37.75,36.66,0.34
368,10.6,1180,19.1,6.67,13.4,65,70.6,101,122,138,108,95.1,95.7,94.5,92.2,111,90.6,-0.456,2.12,7.61,13.3,18.6,23.5,26,25.5,20.9,14.4,7.61,1.69,29.3,324.1,0.151,0.234,0.447,0.895,3.32,24.9,33.5,51.3,49.5,39.6,26.3,16.7,11.2,10.3,9.5,21.5,29.8,1909.5,162,280.5,277,5.9,17.44,0.35,72.03,0,0.56,6.15,1.563624,16.03,46.77,37.2,0.54
369,10.7,1260,19.3,6.61,13.8,72.2,79,108,131,147,105,100,102,92.5,98.7,124,102,0.0523,2.66,8.03,13.6,18.9,23.7,26.1,25.6,21.2,14.7,7.97,2.21,26.7,397,0.0411,0.12,0.394,1.09,5.03,33.7,41.5,61.6,59.9,47.8,30.8,19,12.4,10.6,10.4,30,39.3,1712.4,148,287.9,284,7.1,21.39,0.19,69.71,0,0.51,5.33,1.411224,20.55,50.55,28.9,0.48
370,10.7,1310,19.8,6.77,14.2,78.2,84.8,116,135,146,103,98.6,104,97.6,103,131,108,0.583,3.24,8.5,14,19.2,24,26.4,25.9,21.5,15.1,8.37,2.67,30.6,418.5,0.122,0.248,0.517,1.22,4.5,38.5,45.9,66.3,63.5,49.1,30.2,18.6,11.6,10.1,10.2,31.3,43.2,491.9,126,257.9,250,9.4,6.5,0.32,87.04,0,0.3,2.7,1.438656,24.36,43.82,31.82,0.35
371,4.6,1310,21.8,10.5,16.6,92.7,112,127,137,148,85.4,84.3,69.8,76.3,111,132,139,3.59,6.24,11,16.2,21.8,26.6,28.2,27.7,23.7,17.3,10.8,5.56,27.8,456.7,0.0426,0.245,0.698,1.64,4.77,55.1,65.8,75.7,71.3,52.1,28.3,15.9,9.6,7.8,7.1,22.3,45.7,1390.7,61,76.9,73,0.5,76.28,0.12,9.1,0,2.39,5.36,0.530352,7.23,72.11,20.67,0.4
372,5.8,1380,20.1,8.62,14.7,76,80.6,123,138,175,127,94,99.8,120,126,123,96.8,2.27,4.93,9.58,14.2,19,23.5,26.1,25.9,21.6,15.5,9.16,3.72,32.3,470.3,0.0287,0.121,0.402,1.31,5.39,39.6,45.2,60.3,60.5,58.3,41.5,25.1,14.8,15.2,22.4,41.4,46,317.6,354,484.2,478,10.5,23.47,0.68,60.01,0,0.19,12.68,1.804416,33.57,36.92,29.51,0.95
373,5.7,1410,19.8,8.56,14.5,80.1,84.3,128,140,175,127,96.7,101,120,128,128,102,2.21,4.84,9.47,14.1,18.8,23.3,25.8,25.6,21.4,15.4,9.09,3.68,29.4,497.9,0.0327,0.145,0.525,1.46,4.82,43.5,49.1,64.6,63.9,63.3,43,25.3,14.9,14.7,22.7,43.8,49.1,1033,354,513.6,511,13.7,20.7,0.25,69.43,0,0.25,6.21,1.816608,33.87,36.67,29.46,0.95
374,5.7,1410,19.8,8.56,14.5,79.7,83.9,127,140,175,126,96.5,101,120,128,128,101,2.21,4.84,9.47,14.1,18.8,23.3,25.8,25.6,21.4,15.4,9.09,3.68,29.6,494.6,NA,NA,NA,NA,NA,43.1,48.7,64.2,63.6,62.9,42.8,25.2,14.8,14.6,22.5,43.4,48.8,1063.6,343,510.4,507,13.5,21.47,0.25,68.63,0,0.27,6.19,1.816608,33.87,36.68,29.45,0.95
375,6,1330,20,8.53,14.5,73.8,77.5,121,134,161,119,92.4,98,113,121,121,97.2,2.18,4.83,9.49,14.1,18.9,23.3,25.8,25.6,21.4,15.4,9.1,3.67,31.5,454.1,0.0286,0.101,0.313,0.978,4.18,39.5,44.7,60.5,61.3,57.6,39.8,22.8,13.6,12.4,18.7,39,44.2,361.5,347,484.4,483,11.4,35.79,0.03,58.12,0,0.02,3.57,1.822704,34,36.58,29.42,0.96
376,5.5,1310,19.9,8.49,14.5,74,78.4,120,132,157,115,94.4,95.7,110,116,122,97.5,2.16,4.78,9.42,14,18.8,23.3,25.7,25.5,21.4,15.3,9.06,3.67,31.1,441.8,0.062,0.136,0.385,1.08,4.09,39.3,44.3,60,60.6,54.8,37.9,21.7,12.9,11.8,16.7,37.7,44.1,690.2,361,490.6,478,10.5,35.08,0.02,57.97,0,0.04,4.55,1.801368,30.78,37.41,31.81,0.86
377,6,1290,19.8,8.26,14.4,72.3,78.4,119,129,152,111,94.1,94.7,109,112,119,95.2,1.97,4.59,9.26,13.9,18.8,23.3,25.8,25.6,21.4,15.2,8.9,3.51,33.3,397.6,0.0507,0.141,0.408,1.04,4.06,35.3,40.1,55.5,53.6,49.3,34.2,19.7,12.3,11.3,14,32.9,39.4,1367.2,302,483.2,464,12.5,25.81,0.04,67.46,0,0.06,4.12,1.801368,25.52,39.8,34.68,0.9
378,8.6,1230,19.4,6.97,13.9,62,68,106,120,145,123,105,93.1,116,101,106,88.6,0.637,3.39,8.36,13.5,18.7,23.5,26,25.6,21.1,14.6,8.04,2.36,36.2,353.7,0.163,0.269,0.53,1.08,3.37,27.5,31.2,48.6,49.7,42.4,30.5,19.3,11.2,13.2,13.5,31.1,35.5,1202.1,321,414.5,409,3.4,46.15,0.37,29.61,0,0.15,21.94,1.322832,17.35,43.32,39.32,0.47
379,9,1270,19.4,6.84,14,66.6,72.1,113,127,144,120,108,94.1,115,103,110,94.1,0.906,3.62,8.5,13.6,18.8,23.6,26,25.6,21.2,14.9,8.28,2.63,37.5,380.2,0.105,0.193,0.44,0.966,3.24,29.7,33.1,52.2,52.4,46.2,32.4,20.6,11.9,13.6,15,34.4,38.7,669.8,315,428.1,429,4.6,54.97,0.2,35.16,0,0.03,8.08,1.40208,18.62,41.75,39.63,0.47
380,8.5,1250,19.5,6.97,14,64.1,70,109,122,144,121,105,93.9,116,102,107,90.2,0.798,3.56,8.5,13.6,18.8,23.6,26.1,25.7,21.2,14.7,8.16,2.49,37.2,361,0.141,0.251,0.51,1.13,3.35,28.4,31.8,49.5,50.4,43.3,31.3,19.6,11.4,13.2,13.7,31.9,36.5,2568.9,283,409.1,404,4.2,51.23,0.24,32.6,0,0.12,13.92,1.389888,18.04,42.65,39.31,0.5
381,7.7,1250,19.7,7.33,14,64.9,68.5,107,120,149,124,97.4,95.5,120,104,107,89.8,1.02,3.83,8.72,13.6,18.7,23.5,26.1,25.8,21.1,14.7,8.18,2.57,42.8,385.4,0.136,0.237,0.452,0.872,2.84,29.6,34.1,52.2,52.9,46.9,36.5,21.3,12.9,14.1,15.6,32.5,36.8,711.4,298,417,427,6,49.86,0.13,42.56,0,0.03,5.39,1.572768,18.94,41.69,39.38,0.61
382,6.2,1230,20.2,7.93,14.5,67,74,111,125,141,109,99.9,91.6,106,103,110,90.3,1.76,4.5,9.27,14.1,19,23.7,26.3,26,21.6,15.3,8.84,3.34,36.8,355.6,0.13,0.233,0.42,0.921,3.27,30.1,35.3,50.1,47.3,43.9,32,18.6,12.3,11.6,12.3,28.9,33.2,136.1,304,394.5,395,5.5,70.09,0.13,22.48,0,0.01,5.33,1.712976,23.44,40.51,36.05,0.7
383,6.7,1440,18.8,8.33,14.2,88,91,137,140,174,118,96.8,99.7,113,126,141,110,2.18,4.64,9.22,13.8,18.4,22.8,25.2,25.1,21,15.2,8.99,3.7,25.7,524.2,0.0306,0.13,0.46,1.51,5.78,49.5,54.3,71.5,69.6,65.3,41,23.5,14.2,13.6,20.1,46.3,55.3,153,359,608.8,623,17.2,3.92,0,92.76,0,0.01,2.2,1.822704,34.01,36.57,29.43,0.96
384,8.9,1230,20,7.31,14.3,69.5,80.1,113,132,141,99,93.4,82.4,99.2,102,121,93.6,1.12,3.85,8.92,13.9,19.1,23.9,26.4,26.1,21.6,15.1,8.55,2.94,44.2,370.1,0.542,0.652,0.937,1.44,3.04,32.2,38.7,56.9,57,45.7,27.5,16.8,10.1,9.9,11.5,27.8,36,1456.4,188,327,327,6.3,26.92,0.07,67.67,0,0.08,3.38,1.639824,20.62,40.44,38.94,0.72
385,8.1,1230,20.3,7.48,14.7,71.9,82.1,115,129,138,99.5,92.5,84.3,100,101,121,96.1,1.56,4.32,9.36,14.3,19.4,24.3,26.8,26.5,22,15.5,8.93,3.34,42.8,361.2,NA,NA,NA,NA,NA,32.5,38.5,55.8,54.4,43.2,26.2,15.8,9.5,9.6,11,28.5,36.2,4684,166,296.4,298,7.3,26.65,0.12,65.12,0,1.84,3.97,1.639824,20.94,40.54,38.52,0.74
386,7.1,1260,20.2,7.74,14.7,71.5,78.9,116,127,144,109,94.9,90.2,106,105,117,95.6,1.84,4.56,9.43,14.2,19.2,24,26.5,26.2,21.8,15.5,9.01,3.49,37.1,382.7,0.222,0.516,0.866,1.37,2.38,33.6,39.2,55.4,53.8,46.5,31.1,18.2,10.9,10.9,13.1,31.8,38.2,25801.9,108,363.1,356,9.6,27.9,0.2,61.56,0,2.22,5.66,1.697736,21.99,40.86,37.15,0.78
387,7,1380,20.9,8.13,15.4,89,98.2,133,142,148,103,102,101,98.7,112,136,119,2.64,5.31,9.99,14.9,19.8,24.6,27.1,27,22.6,16.2,9.68,4.34,35,405,0.0638,0.109,0.235,0.578,2.48,40.7,48.1,63.8,57.9,46.1,27.3,14.9,9.2,9.4,12.3,32.4,42.9,150,169,289.1,294,13.7,1.17,0,95.25,0,0.07,2.8,1.792224,26.97,37.71,35.31,0.58
388,10.2,1280,19.4,6.66,13.8,69.5,80.1,112,130,150,109,97.4,106,102,103,126,100,0.207,2.85,8.11,13.6,18.8,23.5,25.9,25.5,21,14.7,8.06,2.28,30.8,409.1,0.314,0.429,0.673,1.36,4.37,35.6,42.9,62.2,60.8,47.9,31,19.4,12.4,12,11.7,31.9,41.3,1281.7,178,328.8,332,10.8,3.34,0.69,88.82,0,0.36,2.73,1.456944,19.17,46.54,34.29,0.4
389,9.5,1280,20,6.97,14.2,70.3,83.3,114,133,148,107,104,97.6,99.6,101,125,102,0.781,3.46,8.66,13.9,19.1,23.9,26.3,25.9,21.4,15,8.39,2.72,44.5,386.9,0.64,0.756,1.02,1.56,3.19,34.4,41,60.4,59.2,46.7,27.7,17.3,10.8,10.4,11.1,29.1,38.8,5318.6,107,297.3,307,8.2,12.02,0.07,82.17,0,0.2,3.38,1.591056,18.87,39.64,41.49,0.54
390,9.4,1370,20.7,7.8,15.1,89.7,101,126,143,147,95,108,95.9,94,107,136,124,1.65,4.31,9.35,14.7,20,25,27.5,27.1,22.6,15.8,9.06,3.52,52.3,421.1,0.196,0.28,0.485,1.12,4.97,43.6,52.7,73.5,66.5,48.9,26.4,16.2,9.8,8.1,7.8,25.3,42.3,502.8,95,171.5,175,4.2,13.8,0,79.42,0,0.36,2.83,1.328928,23.07,42.59,34.33,0.34
391,9,1250,20.2,7.16,14.6,73.1,82.9,114,131,141,94.6,100,86.1,93.3,104,126,103,1.34,4.04,9.06,14.2,19.4,24.2,26.6,26.3,21.8,15.3,8.76,3.18,51.7,403.8,0.433,0.558,0.791,1.15,2.17,37.9,45.1,64.2,61.9,48,27.4,16.2,9.9,9.2,11.1,31.7,41.2,2023.8,128,289.9,290,5.5,25.57,0.07,68.32,0,0.07,3.85,1.575816,16.5,39.97,43.53,0.69
392,6.2,1430,20.8,8.59,15.6,94.7,106,136,142,154,101,103,99.2,99.9,121,146,129,3.12,5.7,10.2,15.1,20,24.7,27.1,27,22.8,16.4,10,4.7,28.2,513.5,NA,NA,NA,NA,NA,53.4,61.4,79.3,72.3,59.4,34,19.1,12,11.7,15.6,40.1,55.2,2976.5,100,323.3,328,11.7,12.58,0.09,75.14,0,4.22,4.01,1.776984,32.78,38.16,29.05,0.97
393,5.3,1330,21.7,10.2,16.5,93.7,110,127,136,147,85.1,88,75.3,80.1,111,135,139,3.34,6,10.8,16,21.7,26.5,28.2,27.7,23.6,17.2,10.6,5.31,31.6,440,NA,NA,NA,NA,NA,53.3,63.3,74.7,67.8,49.1,26.5,15.1,9.1,7.3,7.2,22.7,43.9,1079.2,62,79.9,71,0.5,71.32,0.09,10.36,0,2.44,7.22,0.621792,12.23,61.98,25.79,0.65
394,30,476,12.2,-3.44,4.43,22,24.5,37.7,47.8,48.3,32.7,70,72.2,38.8,32.6,25.2,24.6,-6.04,-5.06,-1.52,2.45,7.8,13.7,16.5,15.4,11.7,5.17,-1.53,-5.94,62.7,101.7,0.0668,0.0908,0.115,0.214,0.584,1,0.7,1.6,4.5,12.6,17.1,20.4,18.2,11.6,8.2,3.9,1.9,10246.7,1535,2747.7,2722,20.9,1.58,4.8,45.62,0.23,0.27,1.47,1.78308,50.79,31.48,17.73,0.89
395,27.5,470,12.9,-2.8,5.28,20.8,23,36.6,47.8,48.9,33.9,70.2,72.8,37.8,31.5,23.9,23.1,-5.29,-4.24,-0.616,3.38,8.69,14.6,17.4,16.3,12.6,5.97,-0.761,-5.24,60.2,95,0.0181,0.0382,0.0809,0.193,0.481,0.9,0.6,1.6,4.4,12.2,15.9,18.8,16.9,10.7,7.5,3.7,1.8,11952.3,1445,2637,2647,19.5,1.42,4.21,42.77,0.2,0.35,1.66,1.789176,47.83,33.68,18.49,0.84
396,27.1,467,13.1,-2.66,5.48,20.5,22.6,36.3,47.5,48.8,33.9,69.9,72.5,37.4,31.2,23.6,22.8,-5.12,-4.06,-0.409,3.59,8.91,14.8,17.6,16.5,12.8,6.16,-0.586,-5.09,59.8,92.9,0.00928,0.0199,0.0538,0.142,0.439,0.9,0.6,1.6,4.4,11.9,15.6,18.3,16.5,10.4,7.4,3.6,1.7,12259.3,1416,2610,2627,19.1,1.4,4.13,41.7,0.19,0.35,2.21,1.789176,47.1,34.16,18.74,0.83
397,27.6,618,11.2,-3.83,3.34,18,20,45.4,67.9,69.2,61.7,99,111,50.8,33.7,21.1,20.4,-6.9,-5.78,-2.18,1.52,6.62,12.5,15.3,14.1,10.3,3.73,-2.65,-7.05,49.5,205.9,0.0628,0.0845,0.119,0.198,0.455,1.8,0.9,1.1,9.9,38.2,38.3,35.5,33.7,21.2,14.5,7.2,3.6,264.2,1873,2775.2,2790,26.9,0.04,3.54,75.56,0,0.72,3.93,1.78308,54.77,33.61,11.62,0.69
398,22.1,606,13.5,-1.76,6.1,19.5,21.4,48.5,70.4,71.9,59.7,88.5,94.6,46.5,35.7,26.3,22.7,-4.3,-3.19,0.559,4.32,9.43,15.4,18.3,17.1,13.1,6.39,-0.0269,-4.51,51.5,119.6,0.0349,0.0497,0.0734,0.149,0.524,1.3,0.9,3.4,16.1,28.7,20.1,15.1,13.2,7.9,6.6,4.1,2.2,213,2029,2459.4,2493,12.7,0,0.23,62.22,0,0.31,8.09,1.773936,55.04,31.92,13.04,0.66
399,18.5,571,14.2,-1.18,6.88,17.2,19,43.9,64.1,69.1,58,85.9,93.7,44.1,32.3,23.5,20.4,-3.52,-2.4,1.37,5.14,10.2,16.2,19.1,17.9,13.9,7.16,0.759,-3.75,50.7,84.5,0.0491,0.0692,0.0897,0.148,0.448,0.8,0.5,2.4,11,19.9,14.3,11.3,10.1,5.7,4.5,2.7,1.3,466,1907,2352.6,2231,10.8,0.1,0.31,56.19,0,0.55,12.72,1.792224,54,32.09,13.91,0.65
400,12.2,505,15.8,0.284,9.58,12.4,12.7,33,51.4,63.9,57.2,82.7,92,40.6,27.1,17.4,14.3,-1.01,0.159,4.11,7.99,13.1,19,21.9,20.7,16.6,9.83,3.37,-1.27,50.6,32.3,0.132,0.18,0.229,0.309,0.842,0.1,0.1,1.1,3.6,7,5.6,5.4,5,2.1,1.6,0.6,0.1,51.4,1925,2106.4,2098,4.1,0,1.16,12.44,0,0.04,51.39,1.8288,64.22,23.56,12.21,0.88
401,17.7,563,14.4,-1.01,7.13,16.7,18.3,42.7,62.6,68.5,57.9,85.4,93.5,43.7,31.7,22.8,19.7,-3.28,-2.15,1.63,5.41,10.5,16.4,19.3,18.1,14.1,7.41,1.01,-3.51,50.7,78.3,0.0606,0.0812,0.108,0.181,0.473,0.7,0.5,2.3,10.1,18.3,13.2,10.6,9.5,5.3,4.2,2.4,1.2,529.2,1903,2323.8,2208,10.3,0.09,0.38,51.44,0,0.49,17.04,1.795272,55.18,31.08,13.74,0.68
402,16.6,551,14.7,-0.751,7.21,16,17.4,41,60.5,67.5,57.2,84.5,92.4,43.1,30.7,21.9,18.7,-3.2,-2.07,1.72,5.49,10.6,16.5,19.4,18.2,14.2,7.48,1.09,-3.43,50.4,70.1,0.0793,0.105,0.129,0.195,0.534,0.6,0.4,2.1,9,16.2,11.9,9.7,8.7,4.7,3.7,2.1,1,613.5,1822,2279.5,2174,10.1,0.08,0.37,46.49,0,0.44,22.95,1.801368,56.81,29.69,13.5,0.72
403,19.5,573,13.6,-1.67,5.9,16.5,18.1,41.9,62.5,68.3,59.1,89.8,99.1,46.1,31.5,21.1,18.8,-4.45,-3.32,0.405,4.15,9.24,15.2,18,16.8,12.8,6.21,-0.171,-4.65,50,106.7,0.0585,0.0802,0.109,0.196,0.536,0.9,0.5,1.7,9.3,22.2,18.9,16.7,15.5,9.2,6.6,3.5,1.7,1017.9,1799,2430.9,2289,16.8,0.06,1.22,56.65,0,0.46,17.17,1.795272,55.91,30.83,13.26,0.69
404,18.9,567,13.8,-1.5,6.11,16.2,17.7,41.1,61.5,67.8,58.8,89.3,98.4,45.7,31.1,20.7,18.4,-4.25,-3.12,0.622,4.38,9.46,15.4,18.2,17,13.1,6.43,0.0366,-4.45,50,102.3,0.132,0.171,0.211,0.295,0.67,0.9,0.5,1.7,8.9,21.2,18.1,16,14.9,8.8,6.4,3.3,1.6,1072,1779,2402.7,2261,16.2,0.06,1.16,54.06,0,0.46,20.73,1.79832,56.36,30.36,13.28,0.7
405,17.1,548,14.4,-1.01,6.78,15.1,16.3,38.4,58.3,66.3,58,88.2,96.9,44.3,29.8,19.4,17,-3.66,-2.51,1.29,5.09,10.2,16.1,19,17.8,13.8,7.09,0.663,-3.87,50.2,87.6,0.126,0.161,0.2,0.28,0.618,0.7,0.4,1.6,7.7,18.1,15.5,13.8,13,7.4,5.4,2.7,1.3,1316.8,1719,2320.1,2175,14.1,0.06,1.06,45.44,0,0.4,24.99,1.804416,56.76,29.36,13.88,0.73
406,14.8,524,15.2,-0.381,7.61,13.8,14.9,34.9,54,64.1,56.3,87,95.1,42.9,28.1,17.7,15.2,-2.98,-1.79,2.12,5.99,11.1,17,19.9,18.7,14.6,7.93,1.42,-3.2,49.7,71.4,0.0872,0.125,0.163,0.226,0.54,0.5,0.3,1.4,6.4,14.7,12.4,11.4,10.8,6,4.4,2.1,1,1768.5,1634,2211.5,2079,12.5,0.19,0.83,37.74,0,0.43,20.91,1.810512,48.96,31.94,19.09,0.68
407,13.3,497,15.9,0.164,8.5,12.7,13.7,32,50.4,61.1,53.9,84.1,91.7,40.1,26.6,16.5,13.9,-2.28,-1.04,3,6.95,12.1,18,20.9,19.7,15.6,8.82,2.21,-2.51,49.1,60.9,0.0416,0.0865,0.123,0.176,0.411,0.4,0.3,1.4,5.6,12.4,10.4,9.8,9.4,5,3.7,1.7,0.8,2194.8,1517,2111.3,1981,10.7,0.54,0.71,30.82,0,0.39,17.2,1.810512,44.89,33.81,21.29,0.62
408,12.9,483,16.3,0.404,8.92,12.2,13.2,31,49.2,59.7,52.5,82,89.5,38.6,26.1,16.1,13.4,-1.95,-0.671,3.43,7.42,12.5,18.5,21.4,20.2,16,9.24,2.57,-2.2,48.8,56.7,0.0366,0.0818,0.12,0.169,0.397,0.4,0.2,1.3,5.2,11.5,9.7,9.2,8.8,4.6,3.5,1.5,0.8,2404.4,1436,2062,1932,10,0.58,0.65,28.13,0,0.37,16.68,1.807464,43.18,34.41,22.41,0.6
409,23.8,470,14,-1.78,6.45,19,20.9,35.9,48.4,51,37,71.8,74.9,37,30.4,22.5,21.1,-4.27,-3.13,0.659,4.68,9.95,15.9,18.7,17.6,13.7,7.05,0.291,-4.31,57,86.2,0.0423,0.0552,0.0883,0.171,0.421,0.9,0.6,1.9,5.1,12.2,14.2,16.1,14.7,9.1,6.5,3.3,1.6,16200.6,1389,2463.5,2475,16.9,1.42,3.23,38.07,0.15,0.37,4.63,1.792224,44.88,35.17,19.95,0.76
410,16.6,421,16.8,0.283,9.55,14.8,16.5,31.7,43.5,49.7,37.6,66.5,66.5,30.9,27.6,18.7,16.8,-1.96,-0.461,3.91,8.18,13.5,19.4,22.4,21.1,16.9,10,3,-2.07,49,50.4,0.00215,0.00477,0.00835,0.0188,0.0735,0.5,0.4,1.6,3.6,7.6,8,9.2,8.3,4.9,3.7,1.8,0.8,37084.8,1187,2034.9,1824,9.6,2.61,1.64,20.81,0.06,0.31,3.21,1.807464,40.75,37.77,21.48,0.6
411,11.4,426,18.8,1.88,11.4,14.3,16.2,32.5,40.8,48,40.7,64.9,65.9,34.8,30.2,19.9,17.3,-0.0612,1.55,5.96,10.2,15.4,21.3,24,22.7,18.6,11.9,4.98,-0.0835,27.2,29.1,0.00149,0.00421,0.00736,0.014,0.0577,0.2,0.2,1.7,3.5,5.3,3.9,4.4,4.2,2.1,1.8,1.5,0.3,8939.2,1186,1829.7,1717,8.4,1.19,0.31,21.02,0,0.07,0.57,1.822704,26.96,48.82,24.21,0.49
412,7,816,19.8,6.47,13.9,19.2,29.2,62.6,73.1,125,116,97.2,96.1,66.8,65,35.9,30.2,-0.925,1.67,7.89,13.3,19.3,25.3,28.2,27.2,22.2,14.7,6.82,0.196,24.6,91.8,0.0114,0.0194,0.0326,0.0901,1.53,1.8,2.4,11.5,11.2,16.1,13.9,10,6.7,6.5,5.4,3.8,2.5,2003.4,425,470,464,0.5,62.8,0.01,2.93,0,0.53,6.48,1.609344,15.88,52.73,31.39,1.05
413,6.9,831,19.9,6.59,13.9,19.3,29.8,63.2,73.2,126,119,98,98.4,69.6,66,37.9,30.9,-0.82,1.8,7.97,13.3,19.3,25.3,28.2,27.2,22.3,14.8,6.92,0.309,25.3,98.4,0.0177,0.0289,0.0447,0.107,1.44,2.2,2.9,12,11.9,17.2,15,10.3,6.9,6.6,5.6,4.6,3.2,3200.4,416,461.2,457,0.5,66.23,0.01,2.68,0,0.51,7.14,1.456944,17.84,48.99,33.18,1.01
414,6.1,770,20.4,6.55,14.2,18.1,27.6,58.3,69.6,117,113,88.8,90.8,63.3,63.9,31.8,28.8,-0.333,2.22,8.19,13.5,19.6,25.6,28.5,27.5,22.5,14.8,6.98,0.595,34.5,59.9,0.0334,0.0639,0.096,0.144,0.457,1.2,1.6,7.7,7.7,9.7,9.1,6.2,4.5,4.4,4,2.4,1.4,2078.9,448,547.7,544,0.4,52.46,0.01,1.13,0,0.7,4.52,1.414272,54.4,28.01,17.59,0.38
415,6.6,1250,19.9,7.6,14.3,59.5,63.5,100,124,162,133,95.4,96.2,126,106,106,81.1,1.19,4.03,9,13.8,19,23.9,26.5,26.1,21.4,15,8.41,2.73,48.9,356.1,0.258,0.411,0.671,1.15,2.77,25.9,29.8,44.5,46.6,44,35,20.2,12.2,15,17.5,32.2,33.2,1110.4,290,375.4,372,2.7,59.78,0.14,30.54,0,0.04,7.69,1.146048,17.8,44.04,38.16,0.53
416,6.5,1270,20.2,7.79,14.6,65.5,69.9,109,124,158,124,97.8,95.8,120,109,107,91.8,1.71,4.53,9.41,14.1,19.1,23.8,26.4,26.2,21.6,15.3,8.83,3.22,44.2,387.9,0.0786,0.167,0.393,0.778,2.45,31.2,35.2,51.8,51.6,47.6,36.7,21.4,13,13.5,17,32.2,36.7,367,298,403.6,402,7.2,38.66,0.04,52.89,0,0.01,5.47,1.624584,20.62,40.73,38.65,0.5
417,6,1250,20.5,8.05,14.8,64,69,107,122,159,121,91.5,93.9,118,110,106,88.2,1.89,4.73,9.64,14.3,19.3,24,26.7,26.4,21.8,15.5,9.04,3.39,44.6,383.5,0.184,0.307,0.557,1.07,2.99,31.4,35.5,50.9,50.4,48.3,37,20.9,12.6,13,15.9,31.1,36.5,505.7,263,371.2,376,5.9,28.74,0.23,51.64,0,0.71,15.72,1.673352,21.19,40.31,38.5,0.53
418,6.4,1260,20.3,7.76,14.5,61.6,63.9,102,125,163,130,96.6,93.4,124,109,108,82.2,1.3,4.25,9.32,14.1,19.2,24,26.7,26.3,21.7,15.3,8.63,2.87,51.1,354.5,0.175,0.263,0.466,0.864,2.56,27.1,30.2,44.7,46.6,43.5,33.8,19.6,11.9,14.2,17.5,32,33.4,616.9,256,363.3,369,3.6,60.92,0.19,31.7,0,0.02,5.43,1.26492,18.72,42.49,38.78,0.53
419,6.3,1250,20.4,7.92,14.7,63,66.7,105,123,160,125,94.1,93.2,121,109,107,85.9,1.62,4.51,9.51,14.2,19.3,24,26.7,26.4,21.8,15.4,8.86,3.16,47.7,369.3,0.125,0.242,0.479,0.988,3.06,29.5,32.9,48.2,48.8,45.6,35.2,20.1,12.2,13.6,16.6,31.5,35.1,2200.7,232,365.6,370,5.9,38.89,0.22,50.21,0,0.2,7.6,1.566672,20.42,40.86,38.72,0.53
420,6,1280,20.5,8.07,14.7,59,65.4,98.5,131,171,134,97.6,94.1,128,113,108,77.2,1.33,4.36,9.54,14.3,19.5,24.2,27,26.6,21.9,15.5,8.76,2.92,50.9,348.8,0.0639,0.136,0.288,0.696,2.95,26.1,28.9,43.1,45.4,43.1,33.2,19.1,11.7,15.2,19,31.8,32.2,237.6,241,335.8,344,4.3,47.11,0.09,42.8,0,0,7.73,1.481328,20.09,40.87,39.05,0.54
421,5.8,1240,21,8.49,15.1,61.6,67.2,104,124,159,124,88.7,88.7,124,111,107,82.1,1.81,4.81,9.97,14.6,19.8,24.5,27.3,26.9,22.3,15.9,9.21,3.37,47.7,347.8,0.22,0.304,0.418,0.625,1.48,28.1,30.9,44.9,45.9,42.9,33.1,18.1,11.1,13.2,15.9,29.8,33.9,20.9,287,311.1,310,1.5,83.97,0.63,8.72,0,0.26,6.2,1.38684,17.5,48.1,34.4,0.58
422,5.6,1250,21,8.5,15,62.7,67.9,105,124,159,125,88,90.5,124,113,107,83.6,1.84,4.79,9.92,14.6,19.7,24.4,27.2,26.8,22.2,15.8,9.19,3.38,46.8,353.5,0.181,0.266,0.436,0.77,2.36,29.2,31.8,45.8,46.1,43.8,33.7,18.6,11.6,13.4,15.5,29.7,34.3,126,246,319.5,322,2.9,72.6,0.13,21.03,0,0.06,4.8,1.536192,20.18,43.4,36.42,0.57
423,6,1270,20.7,8.32,14.9,65.4,68.5,108,126,162,122,88.6,95.7,119,117,107,90,2.04,4.84,9.76,14.4,19.4,24,26.7,26.4,21.9,15.7,9.17,3.51,44.8,383.3,0.218,0.301,0.462,0.79,2.33,32.1,35.5,49.9,49.8,47.9,36.7,20.5,12.6,13.7,16.1,31.2,37.3,230.4,298,376.4,376,4,51.72,0.16,40.03,0,0.09,6.21,1.655064,21.4,40.79,37.81,0.57
424,5.9,1270,20.8,8.35,14.9,65.5,68.5,108,126,162,122,88.5,95.8,120,117,107,90.2,2.05,4.85,9.78,14.4,19.4,24.1,26.8,26.5,21.9,15.7,9.19,3.52,44.9,382.4,0.224,0.308,0.47,0.809,2.42,32,35.4,49.7,49.7,47.7,36.6,20.4,12.6,13.7,16.2,31.1,37.3,267.6,282,374.3,374,4.1,51.7,0.19,39.97,0,0.09,6.26,1.648968,21.37,40.87,37.76,0.57
425,5.8,1270,20.8,8.42,14.9,65.6,68.5,108,126,161,122,88.3,95.8,120,118,107,90.3,2.08,4.89,9.83,14.5,19.4,24.1,26.8,26.5,22,15.7,9.23,3.55,45.1,380.1,0.152,0.252,0.463,0.85,2.53,31.8,35.1,49.3,49.4,47.3,36.2,20.2,12.6,13.7,16.3,31.1,37.1,339.1,276,367,368,4.2,52.09,0.18,40.11,0,0.09,5.77,1.642872,21.34,40.96,37.7,0.57
426,5.6,1270,20.9,8.49,15,65.7,68.6,108,125,161,122,88.1,95.5,121,118,106,90.4,2.12,4.95,9.9,14.5,19.5,24.2,26.9,26.6,22.1,15.8,9.29,3.59,45.2,377,0.196,0.298,0.464,0.839,2.66,31.6,34.8,48.7,48.9,46.8,35.8,19.9,12.5,13.7,16.3,31.1,36.9,421,272,359.2,361,4.1,53.82,0.16,38.79,0,0.07,5.52,1.627632,21.24,41.22,37.53,0.57
427,5.1,1250,21.1,8.69,15.1,65.1,68.7,106,123,158,124,86.3,92,122,117,105,88.1,2.03,4.94,10,14.7,19.7,24.5,27.2,26.9,22.3,15.9,9.32,3.53,44.7,353.4,0.0706,0.146,0.32,0.728,2.81,29.5,32.1,45.8,45.6,43.4,33.3,18.3,11.8,13.3,15.8,29.8,34.7,153.8,240,322.5,323,3,63.49,0.05,30.29,0,0.02,4.5,1.545336,20.43,43.06,36.51,0.58
428,5.4,1310,20.7,8.8,15,71.1,74.5,115,133,165,123,91.8,94.4,116,120,114,90.8,2.53,5.25,9.96,14.6,19.4,23.9,26.5,26.4,22,15.8,9.48,3.96,36.7,416.5,0.0804,0.157,0.312,0.815,3.3,34.3,39.9,54.3,54.8,52.7,37.7,22.4,13.4,13.4,18.6,35.3,39.7,433.9,316,396.3,379,5.6,54.19,0.1,36.53,0,0.44,6.98,1.63068,27.31,40.46,32.23,0.78
429,5.3,1260,20.6,8.28,14.8,64.9,69.7,108,125,156,121,92.8,95.2,116,114,108,88.7,2.16,4.93,9.75,14.4,19.3,23.9,26.5,26.3,21.8,15.6,9.2,3.61,42.4,381.7,0.472,0.62,0.824,1.25,2.84,31.3,35.9,50.4,50.6,48.1,37.2,21.3,12.9,12.3,15.2,30.3,36.2,335.6,327,389.2,390,2.1,53.82,0.88,11.48,0,0.12,33.22,1.453896,20.45,43.79,35.76,0.57
430,5.2,1280,20.7,8.61,15,67.7,71.3,110,128,160,122,91.6,94.4,115,117,110,89.5,2.41,5.16,9.93,14.5,19.4,24,26.6,26.4,22,15.8,9.41,3.85,40.3,391.7,0.252,0.364,0.573,1.02,3.21,32.2,37.1,51.1,51.7,49.4,36.6,21.3,13.1,12.7,16.7,32.4,37.4,1469.5,284,380.2,378,4.1,52.94,0.41,28.52,0,0.27,16.35,1.572768,23.28,41.76,34.96,0.65
431,5.2,1280,20.8,8.65,15,67.9,71.5,111,129,161,122,91.7,94.4,116,118,110,89.8,2.45,5.2,9.97,14.6,19.5,24,26.7,26.5,22,15.8,9.44,3.88,40.4,392.1,0.215,0.327,0.543,1.03,3.23,32.3,37.1,51,51.7,49.5,36.6,21.2,13,12.8,16.8,32.5,37.6,1630,279,377.7,375,4.1,53.31,0.38,28.98,0,0.26,15.5,1.572768,23.28,41.81,34.9,0.65
432,5.3,1290,20.9,8.6,15.1,67.4,69.4,108,127,163,123,90.6,97.8,121,121,108,92.8,2.35,5.14,10,14.6,19.5,24.2,26.9,26.6,22.1,15.9,9.43,3.79,45.6,384.2,0.174,0.284,0.489,0.901,2.34,32.1,35.1,48.9,49.9,47.7,36.6,20.1,13,13.8,17.2,31.9,37.9,147.2,291,373.3,369,2.7,59.81,0.24,28.09,0,1.21,7.47,1.591056,21.07,41.75,37.18,0.57
433,5,1280,21,8.8,15.3,67.2,69.7,108,126,163,123,90.2,96.6,119,122,107,91.9,2.5,5.31,10.2,14.8,19.7,24.3,27,26.8,22.3,16.1,9.58,3.94,45.2,382.7,0.272,0.417,0.619,1.09,4,32,34.3,48.1,50,47.7,36.2,20,13,14,17.4,32,38,49.6,299,347.8,349,1.5,54.28,0.21,14.45,0,0.04,29.08,1.43256,20.28,44.12,35.61,0.57
434,5.1,1290,21,8.74,15.2,67.4,69.7,108,126,162,124,89.8,97,121,121,107,92.6,2.43,5.24,10.1,14.7,19.7,24.3,27.1,26.8,22.3,16,9.52,3.86,45.6,379.6,0.213,0.312,0.541,0.998,2.95,31.9,34.6,48,49.3,46.9,35.9,19.6,12.8,13.9,17.2,31.8,37.7,298.9,264,354.5,352,3.1,52.49,0.17,31.7,0,0.62,9.97,1.56972,20.97,42.06,36.97,0.57
435,5.1,1290,20.9,8.78,15.2,67.9,71.1,110,128,162,123,91.4,95.1,117,119,109,90.4,2.52,5.3,10.1,14.7,19.6,24.2,26.9,26.7,22.2,16,9.54,3.95,41.2,384,0.194,0.314,0.562,1.09,3.31,31.8,35.9,49.5,50.3,47.9,35.9,20.4,12.7,13,17,32.3,37.3,2454.3,207,358.7,358,4.7,46.07,0.29,37.24,0,0.33,12.31,1.609344,22.82,41.88,35.3,0.63
436,5.2,1350,20.6,9,15.1,74.6,77.6,120,137,172,124,94.5,97,118,125,118,94.2,2.69,5.39,10.1,14.7,19.5,24,26.6,26.5,22.1,16,9.61,4.1,34.1,476.3,0.0313,0.121,0.373,1,3.81,40.4,45.9,61.6,60.1,60.2,41.9,24.3,14.2,16.5,23.7,42.2,45.3,106.4,307,407.7,404,8.2,48.5,0.16,45.86,0,0.02,3.75,1.795272,33.66,37.32,29.02,0.96
437,4.8,1340,21.1,9.17,15.6,72.4,73.9,116,134,171,126,95.2,97,120,123,115,93.8,3,5.74,10.5,15.1,19.9,24.5,27.2,27,22.6,16.4,9.97,4.39,37.4,412.3,0.118,0.235,0.504,1.09,3.77,34.6,38.7,52.8,53.2,52.5,37.4,21.6,12.8,14.6,19,35.6,39.5,808.4,218,346.3,338,6.5,38.03,0.08,50.68,0,0.05,4.47,1.703832,24.83,40.66,34.5,0.68
438,11.2,471,17.3,0.378,9.83,15.5,17.3,27.7,31.4,44.6,46.6,78.6,85.6,51.2,35.3,19,18.6,-0.902,0.692,4.48,8.57,13.7,19.2,21.4,20.2,16.5,10.4,3.97,-0.698,48.8,40.2,0.00167,0.00431,0.00794,0.0182,0.0732,0.5,0.6,2.2,4,5.9,4.5,5.7,7,4,3.2,1.8,0.8,15403.6,1380,2165.1,2067,10.1,0.7,0.09,32.93,0,0.36,0.58,1.825752,23.34,43.75,32.91,0.43
439,8,437,19.3,2.38,12.1,13.1,13.9,23.3,27.1,43.5,46.9,70.3,79.7,49.7,35.1,17.3,16.6,0.842,2.79,6.9,11.1,16.2,21.8,23.9,22.7,18.8,12.5,5.91,1,39.3,29.7,1.93e-4,2.35e-4,2.85e-4,0.00351,0.0128,0.3,0.3,1.6,2.6,4.2,3.4,4.6,5.4,3.1,2.4,1.4,0.4,29030,1150,1864.1,1836,7.5,0.52,0.07,18.88,0,0.43,0.56,1.825752,31.43,39.88,28.69,0.43
440,3.7,410,22.9,6.29,15.8,12.2,10.8,20.9,23.5,44.1,50.7,57.5,72.7,44.3,40.8,16.2,16,3.54,6.31,10.9,15.4,20.5,26.1,28,26.9,22.5,15.9,9.02,3.63,23.9,18.8,3.5e-4,0.0017,0.00521,0.0184,0.179,0,0.1,1,1,2,2.4,3.6,3.6,2,2,1,0.1,2083.8,1135,1305,1294,3.3,4.15,0.52,0.54,0,0.06,1.27,1.8288,37.26,37.02,25.72,0.51
441,6.5,432,20.3,3.52,13.3,12.6,12.3,23.4,26.6,46.4,50.3,66.2,77.7,47.5,37.1,16.5,15.9,1.69,3.89,8.24,12.6,17.7,23.3,25.4,24.2,20.1,13.6,6.93,1.81,30.1,25.5,2.14e-4,6.66e-4,0.00168,0.00557,0.0229,0.2,0.2,1.4,2,3.6,3.2,4.2,4.6,2.6,2,1.2,0.3,49264.4,914,1636.2,1489,5.3,3.72,0.11,11.26,0,0.3,0.99,1.825752,34.06,38.5,27.44,0.44
442,5.1,530,21.5,5.73,15.1,14.7,16.5,36.4,44.3,70.1,78,63.1,69.7,47.6,47,21,21.7,2.06,4.51,9.63,14.5,20.1,25.9,28.4,27.5,22.7,15.4,8.02,2.29,21.3,29.7,0.00168,0.00351,0.00747,0.0208,0.051,0.2,0.6,2.3,3.2,5.6,4.6,4,3.3,2.4,1.9,1.2,0.4,34279.7,410,960.5,928,1.2,30.97,0.1,1.06,0,0.24,4.02,1.79832,33.02,40.48,26.5,0.44
443,5.1,537,21.6,5.79,15.2,15,16.9,36.9,45.1,71.3,78.9,63.2,70.1,48.3,47.8,21.6,22.1,2.07,4.53,9.65,14.5,20.1,25.9,28.4,27.5,22.8,15.4,8.05,2.32,21.5,31.3,8.79e-4,0.00275,0.00712,0.0177,0.0567,0.3,0.7,2.5,3.4,5.9,4.8,4,3.4,2.5,2,1.3,0.5,34927.9,378,950.3,922,1.2,31.43,0.1,1.11,0,0.28,4.18,1.79832,32.84,40.63,26.53,0.45
444,5.1,543,21.6,5.85,15.2,15.2,17.3,37.4,45.7,72.3,79.6,63.3,70.3,48.9,48.5,22.1,22.5,2.09,4.55,9.67,14.5,20.1,25.9,28.4,27.6,22.8,15.4,8.07,2.34,21.7,32.8,0.0032,0.0064,0.0131,0.0297,0.101,0.5,0.8,2.7,3.5,6.1,5,4.1,3.4,2.6,2.1,1.4,0.6,35430.5,344,942.2,917,1.2,31.14,0.1,1.17,0,0.29,5.05,1.79832,32.81,40.65,26.55,0.46
445,5.1,546,21.6,5.87,15.2,15.4,17.5,37.7,46,72.7,80,63.4,70.4,49.2,48.8,22.3,22.7,2.1,4.56,9.68,14.5,20.1,25.9,28.4,27.6,22.8,15.4,8.09,2.35,21.7,33.7,0.00797,0.0118,0.0199,0.0395,0.12,0.5,0.9,2.8,3.6,6.2,5.1,4.2,3.5,2.6,2.1,1.5,0.7,35653.8,327,938.5,915,1.2,31.06,0.1,1.3,0,0.29,5.15,1.79832,32.88,40.61,26.51,0.46
446,3,1420,22,9.23,16.5,86.6,94.5,125,133,176,121,103,86,108,128,138,123,4.38,6.98,11.6,16.1,20.8,25,27.4,27.4,23.3,17.4,11.1,5.8,19.7,450,0.0121,0.0509,0.256,0.985,5.18,45.6,49.3,59.9,59.3,57.9,37.1,22.1,12.5,10.1,14.7,32.8,48.7,525.4,177,265.3,249,7.6,21.53,0.09,66.13,0,1.15,5.33,1.331976,21.24,50.56,28.2,0.68
447,3,1420,22.1,9.25,16.5,86,93.4,124,133,177,121,103,85.9,109,128,138,121,4.41,7.01,11.7,16.1,20.8,25.1,27.5,27.4,23.3,17.4,11.2,5.82,19.7,450,0.0107,0.0532,0.225,0.872,4.84,45.1,48.8,59.6,59.4,58.3,37.2,22,12.4,10.3,15.1,33.3,48.5,694.4,160,262.1,243,8.2,19.89,0.07,68.35,0,0.95,4.92,1.338072,21.44,50.45,28.11,0.69
448,3.9,1540,21.1,8.61,15.9,89.7,102,132,143,196,126,122,86.4,120,140,150,128,3.99,6.53,11.1,15.5,20.1,24.2,26.6,26.6,22.6,16.9,10.6,5.37,20,608.2,0.01,0.0841,0.436,1.31,6.13,58.8,63.1,74.6,76.9,74.8,50.8,30.8,16.8,15.1,27.3,51.9,67.3,244.3,214,395.4,350,15.1,4.03,0,90.73,0,0.02,3.44,1.740408,20.74,49.73,29.53,0.51
449,3.2,1340,22.3,9.5,16.6,81.5,85.6,118,127,168,116,93.3,84,109,123,131,108,4.3,7.06,11.8,16.2,21,25.4,27.9,27.8,23.5,17.4,11.1,5.7,20,396.6,0.0143,0.0551,0.218,0.775,4.25,37.4,41.3,54,53.4,52.7,31.9,19,11,9.6,14,31.4,40.9,379.5,148,229.3,201,6,33.17,0.16,51.79,0,0.81,4.54,1.210056,24.22,48.61,27.17,0.83
450,4.5,1360,21.2,9.27,15.9,77.1,80.3,121,135,171,121,94.4,97,120,124,122,96.5,3.47,6.16,10.8,15.4,20.2,24.7,27.3,27.1,22.8,16.7,10.3,4.87,27.9,434.1,0.0147,0.0854,0.392,1.28,5.11,37.6,42.6,57.3,55.3,55.7,36.4,21.3,12.5,13.5,20.1,38.9,42.9,1124.8,136,342.4,330,12,12.33,0.08,78.82,0,0.16,2.71,1.81356,33.5,36.72,29.78,0.94
451,3,1480,22.1,9.55,16.5,95.8,118,141,143,161,110,101,91.4,98.5,127,150,143,4.35,6.9,11.5,16.1,20.9,25.3,27.7,27.6,23.5,17.2,11,5.89,21,514.4,0.00276,0.03,0.272,1.12,5.51,59.5,64.9,77.4,71.5,60,36.7,20.6,12,9.4,14.5,33.3,54.6,119,123,244.8,240,9.2,0.1,0,93.16,0,0.16,4.38,1.761744,21.14,49.66,29.2,0.49
452,3,1460,22.2,9.68,16.6,94.4,117,140,142,159,107,99.6,89.4,96.9,126,149,142,4.42,6.95,11.5,16.1,20.9,25.4,27.7,27.6,23.5,17.3,11,5.96,21.1,505.9,0.00138,0.0366,0.269,1.07,6.22,58.5,64.5,76.4,71.1,59.1,35.6,20,11.7,9.1,13.6,32.6,53.7,185.5,98,220.5,222,9.7,1.85,0,90.38,0,0.17,4.18,1.758696,21.24,49.69,29.08,0.49
453,2,1400,23.3,11.8,18.1,123,132,129,135,133,102,95.3,71.3,78.5,109,131,156,6.04,8.56,12.9,17.6,23.1,27.2,28.7,28.5,25,18.8,12.6,7.82,34.6,532,0.028,0.116,0.337,1.29,7.39,68.7,83.4,89.2,80.6,56.8,32.8,20.3,10.5,9.8,7.3,22.6,50,1301.3,30,40.3,41,0.1,87.46,0.01,0.06,0,0.69,4.26,0.466344,8.81,42.75,48.44,0.18
454,2.3,1480,23.2,11,17.8,127,139,136,146,140,112,105,84.1,87,111,130,162,5.95,8.48,12.7,17.3,22.5,26.7,28.2,28,24.5,18.4,12.4,7.78,26.3,568.6,0.397,0.638,0.922,1.66,3.14,75.1,86.3,94,85.2,59.8,35.4,21.7,11.9,9.4,8.3,25.3,56.2,34855.9,15,72,59,1.6,49.14,0.08,22.31,0,3.31,5.65,0.859536,13.91,51.94,34.14,0.27
455,2,607,24.5,9.32,18.8,22.4,28.8,37.1,54.9,83.7,84.9,48,61.3,68.8,59.9,32.9,24.6,6.47,9.09,14,18.7,23.7,28.4,30.4,30.2,25.7,19.4,12.3,6.85,22.3,37.3,NA,NA,NA,NA,NA,1,2,2,3.1,6,5,3,3,4.1,4.1,2,2,1267.2,484,586.8,572,1.4,17.11,0.1,0.41,0,0.05,3.54,1.8288,40.52,32.06,27.43,0.51
456,2,614,24.8,9.56,18.9,22.6,30.3,37.3,54.2,82,84.9,49.5,60.4,70.5,64,33.8,25,6.42,9.11,14,18.7,23.9,28.6,30.6,30.5,26,19.5,12.3,6.83,19.8,36.9,NA,NA,NA,NA,NA,1.1,2,2,3,5.9,4.9,3,3,4,4.1,2,1.9,158.2,475,537.8,538,2.8,0,0.05,12.72,0,0.02,0,1.8288,18.97,44.29,36.74,0.9
457,2,613,24.6,9.51,18.8,22.6,30.2,38.1,54.5,86.1,84.4,47.7,59.9,68.8,61.9,33.8,25.1,6.24,8.9,13.8,18.5,23.7,28.5,30.6,30.4,25.8,19.3,12.2,6.64,21.4,38.1,0.00793,0.0136,0.0194,0.03,0.136,1.2,2.3,2.3,3.2,6.1,4.9,3,3,4,4.1,2.1,1.9,2456.6,417,547,536,1.8,12.47,0.06,3.84,0,0.33,2.35,1.8288,30.06,37.58,32.36,0.72
458,1.6,606,24.6,9.31,18.9,21.7,28.3,37.2,51.6,84.4,84.6,49.6,59.7,67.4,61.8,33.5,26.5,6.65,9.34,14.1,18.7,23.8,28.3,30.3,30.1,25.7,19.4,12.4,7.04,18.4,36.3,NA,NA,NA,NA,NA,1,2,2,3,5.9,4.3,3,3,4.1,4,2,2,568.8,487,602.1,596,3,0.55,0.11,1.17,0,0.02,1.95,1.8288,25.73,48.79,25.48,0.71
459,1.6,606,24.6,9.31,18.9,21.7,28.3,37.2,51.6,84.4,84.6,49.6,59.7,67.4,61.8,33.5,26.5,6.65,9.34,14.1,18.7,23.8,28.3,30.3,30.1,25.7,19.4,12.4,7.04,18.4,36.3,8.72e-4,0.00141,0.00222,0.00784,0.0408,1,2,2,3,5.9,4.3,3,3,4.1,4,2,2,568.8,487,602.4,596,3,0.55,0.11,1.17,0,0.02,1.95,1.8288,25.74,48.78,25.47,0.71
460,1.5,607,24.8,9.56,18.9,21.9,29.8,37.7,51.7,84.4,83.8,49,58.5,68.2,62,33.9,25.8,6.42,9.13,13.9,18.6,23.9,28.5,30.5,30.3,25.8,19.4,12.3,6.83,18.1,35.6,6.7e-4,0.00311,0.00898,0.0249,0.184,1,2.2,2.2,2.9,5.6,4.3,2.8,3,4,4,2,1.6,1438.1,409,549.6,541,3,1.15,0.08,8.12,0,0.03,1.22,1.8288,21.18,45.99,32.83,0.86
461,1.8,617,24.8,9.67,18.8,22.7,31.2,38.8,53.1,87.4,84.8,47.9,58.1,69.3,62.7,35,25.9,6.29,8.97,13.8,18.6,23.9,28.6,30.7,30.5,25.9,19.4,12.2,6.69,19.6,37.5,0.00244,0.00574,0.0113,0.0327,0.276,1.2,2.4,2.5,3.2,5.9,4.7,2.9,3,4,4,2,1.7,4771.7,353,524,525,2.1,10.38,0.07,5.63,0,0.2,1.88,1.8288,24.73,41.02,34.25,0.8
462,1.8,623,24.8,9.76,18.8,23,32,39.4,52.9,88.4,85.8,47.9,57.4,70.1,63.4,36,26.5,6.27,8.96,13.8,18.6,23.9,28.6,30.7,30.5,26,19.4,12.2,6.68,19.1,38.2,2.11e-4,4.11e-4,0.0161,0.0733,0.293,1.2,2.4,2.7,3.3,6,4.8,2.9,3,4,4,2.1,1.8,5275.7,326,509.4,515,2,9.93,0.35,5.57,0,1.14,1.97,1.8288,23.76,41.12,35.12,0.82
463,1.9,652,24.8,10,18.8,24.9,34.9,43.2,55,92.4,89.1,48.1,56,72.4,67.2,39.3,29.7,6.12,8.82,13.6,18.4,23.8,28.6,30.9,30.7,26.1,19.3,12.1,6.55,16.8,44.6,0.00718,0.0121,0.02,0.0526,0.3,1.7,3.1,3.7,4.2,7.2,5.4,3.1,3.1,4.2,4.2,2.5,2.2,8146.3,290,456.2,445,1.6,11.87,0.6,3.85,0,1.19,2.77,1.825752,21.33,41.88,36.8,0.84
464,3,858,22.7,9.08,16.8,31.7,40.1,64.8,79.6,127,112,60.3,74,86.4,87.4,50.8,43.6,3.63,6.34,11.3,16.1,21.7,26.8,29.5,29.3,24.4,17.3,10.1,4.33,26.1,107.4,0.0374,0.0695,0.136,0.298,1.1,6,7.3,11.7,12.6,19.6,12.7,6.9,5,5.5,6.8,6.6,6.7,18574,209,451.3,424,2.7,26.02,0.09,10.28,0,1.11,4.78,1.804416,29.59,46.1,24.31,0.81
465,3.8,1660,21,8.78,16.4,106,118,144,158,196,130,136,89.8,121,150,157,149,4.61,7.14,11.6,16,20.5,24.7,26.9,26.9,23.1,17.4,11.1,5.95,22,710,0.14,0.258,0.661,1.65,7.49,72.4,75.8,91.6,89.8,84.4,56,35.2,18.6,18.4,31.1,58.9,77.8,230.4,247,400.8,384,17.3,0.58,0,95.25,0,0,2.01,1.810512,14.68,57.27,28.05,0.45
466,2.7,1490,22.8,9.93,17.5,100,120,139,144,161,110,111,80.3,95.4,138,141,148,5.68,8.16,12.6,17.1,21.7,25.9,28.1,28,24.2,18.3,12.1,7.1,22.5,546.1,0.189,0.391,0.778,1.84,5.07,62.3,68.9,77.7,74.7,62.8,38.3,23,12.9,11.3,16,37.9,60.3,13843.4,30,164.2,137,5,10.97,0.08,68.97,0,2.25,4.96,1.328928,23.51,47.84,28.65,0.66
467,3,1580,21.8,9.09,16,102,125,148,152,173,122,110,97.7,107,137,158,152,3.89,6.44,11,15.6,20.4,24.8,27.1,27,23,16.8,10.5,5.41,19.9,577.9,0.00517,0.0386,0.307,1.28,6.5,66.5,71.6,84,78.6,66.2,41.1,23.4,13.4,10.8,18.1,40.6,63.6,69.8,243,350.5,347,10.6,0,0,96.01,0,0.01,3.46,1.770888,20.57,49.48,29.95,0.52
468,2.1,1400,23.1,11.3,17.6,105,126,138,143,130,92.6,91.7,81.2,81.1,126,128,156,5.47,7.94,12.3,16.9,22,26.6,28.7,28.5,24.7,18.2,11.9,7.05,30.9,487.1,0.0262,0.128,0.541,1.66,4.8,63.5,73.7,80.2,71.8,52.6,28.7,18.3,10.3,8.2,9.5,22.8,47.5,1049.6,49,64.5,60,0.5,41.84,0.01,28.07,0,1.76,9.42,0.658368,14.16,49.03,36.81,0.67
469,2.1,1420,23.2,11.3,17.8,111,133,138,141,132,95.2,89.1,81.1,79.1,127,131,160,5.74,8.17,12.5,17.1,22.2,26.7,28.8,28.6,24.9,18.4,12.1,7.33,32,498.8,0.0791,0.233,0.737,1.89,4.8,65.8,76.9,82.7,73.4,52.2,29,18.4,10.3,8.9,9.9,23.5,47.8,1416.1,40,65.6,61,0.8,27.92,0.06,38.65,0,1.19,6.93,0.70104,17.3,52.22,30.48,0.63
470,0,1620,25.6,14.2,20,161,128,110,117,142,161,137,128,129,130,130,144,10.3,12.5,15.8,19.5,24,27.1,28,28.2,25.8,21,15.8,11.8,24.9,547.3,0.0775,0.411,1.14,2.55,6.19,85,86.6,72.7,63.3,50.1,33.1,22.3,14.3,13.2,17.9,28.4,60.4,3576.3,1,15.3,14,0.1,56.6,0.04,6.96,0,0.5,8.5,0.515112,12.01,58.3,29.69,1.04
471,0,1640,25.4,13.3,19.7,152,138,125,125,136,151,132,112,118,138,148,165,9.63,11.9,15.5,19.1,23.6,26.9,28.1,28.3,25.7,20.6,15.2,11,33.5,570.6,0.306,0.408,0.651,1.31,4.89,86.1,85.7,76.7,64.6,54,34.9,21.8,14.2,13.2,18,33.2,68.2,1305.1,15,60.7,57,1.5,3.34,0.26,51.09,0,0.13,5.38,0.932688,29.32,45.86,24.82,0.78
472,0.3,1270,25.3,12.9,19.6,105,103,111,93.2,130,125,72.1,75.2,86.7,127,117,121,8.97,11.4,15.3,19.1,23.5,27.1,28.8,29.2,26,20.6,14.8,10.2,21.9,321.3,0.0377,0.0923,0.33,0.946,2.61,43.4,46.9,42.7,40.7,33.2,21.7,11.8,7.5,7.4,11.1,19.7,35.2,9406.1,31,108.5,106,2.4,21.47,0.12,36.96,0,1.8,7.34,1.210056,36.92,35.66,27.42,0.57
473,1,930,24.7,11.5,19.1,45.4,63.4,78.7,77.7,129,111,53.3,57.8,80.4,108,66.8,58.8,6.96,9.6,14,18.4,23.6,28,30.6,30.8,26.3,19.8,13.1,7.77,11.8,121.3,0.051,0.066,0.108,0.286,1.24,7.6,11.2,14.2,16.6,19.4,12,6.6,4.6,5.1,8.1,6.9,9,7908.3,152,280.2,288,2.4,7.72,0.35,14.15,0,2.08,19.3,1.801368,28.63,37.81,33.57,0.79
474,1.1,995,24,11.2,18.7,46.9,67.6,84.4,89.5,138,108,60.4,57.8,86.9,115,73.2,66.8,6.4,9.01,13.5,17.8,23.2,27.7,30.4,30.6,26,19.4,12.7,7.24,12.4,164.7,0.00803,0.0245,0.0779,0.245,2.03,11.5,15.2,20.3,22.3,25.2,15.1,8.3,5.6,6.8,9.9,11.8,12.7,763.4,183,281.4,281,2.9,17.03,0.12,13.22,0,0.65,4.68,1.789176,23.42,43.03,33.54,0.78
475,1.1,1040,24.1,11.7,18.9,54.1,71.4,88.3,94.2,143,107,60.1,58.7,83.2,122,81.7,75.4,6.66,9.26,13.7,18,23.4,28,30.5,30.8,26.3,19.7,13,7.58,12.3,186.5,0.0659,0.113,0.208,0.708,1.73,13.1,18.1,23.6,26,28.8,17,9.2,6,7,10.2,12.7,14.8,4337.6,142,229.8,218,1.7,28.43,0.12,10.58,0,5.92,11.79,1.694688,20.39,40.27,39.35,0.9
476,1,1090,24.5,12.3,19.4,66.5,79.8,94.2,93.4,149,112,57.1,52.9,78.6,131,89.7,83.6,7.19,9.85,14.1,18.5,23.8,28.2,30.7,31,26.6,20.2,13.6,8.25,15,195.4,0.103,0.253,0.467,0.936,5.65,14.7,19.6,24.3,29.9,28.5,18.2,9.8,6.1,6.8,9,11.4,17.1,173,148,197.2,197,1.3,2.62,0,1.42,0,0.08,92.87,1.81356,9.77,41.58,48.66,1.66
477,1,982,24.5,11.7,19.1,50.7,67.6,83.7,84.8,135,110,56,57.8,81.1,115,73.3,66.9,6.95,9.57,14,18.3,23.6,28,30.6,30.8,26.4,19.8,13.2,7.82,12,148.2,0.0861,0.114,0.231,0.593,1.51,10,14.1,18,20.8,23.2,14.1,7.7,5.1,5.8,8.7,9,11.7,16226.8,119,249.9,246,2.1,14.37,0.25,12.57,0,3.2,22.34,1.746504,23.96,38.68,37.36,0.9
478,1,1010,24.5,11.8,19.2,54.7,70.2,86.7,87,136,110,56.2,57.5,80.3,118,77.3,72.2,7,9.63,14,18.3,23.6,28.1,30.6,30.9,26.4,19.9,13.3,7.93,12.7,166,0.0815,0.109,0.241,0.658,1.68,12.2,16.8,20.4,23.4,25.3,15.5,8.3,5.5,6,9,9.9,13.7,21047.8,100,231.9,221,1.9,16.89,0.26,12.39,0,3.46,23.19,1.719072,20.92,38.9,40.18,1.05
479,1,1030,25.2,12.5,19.6,66.2,75.1,91.9,85.5,127,106,49.5,59.8,80.2,122,82.2,81.8,7.81,10.4,14.4,18.7,23.9,28.2,30.6,31,26.9,20.5,14,8.87,11.8,183.5,0.00145,0.00761,0.0837,0.507,2.17,16.5,20.8,21.9,25.3,27.3,16.6,8.4,5.7,5.6,8.2,9.3,17.9,2135.6,109,182.8,182,1.6,36.8,0.19,12.17,0,1.45,8.1,1.575816,12.76,37.65,49.59,1.45
480,0,1080,25.5,12.7,19.9,74.5,83.1,96.7,89,132,105,47.4,59.7,75.2,123,93,96.8,8.57,11.1,14.9,19,23.9,28,30.1,30.7,26.9,20.7,14.5,9.68,11.3,225.4,3.79e-4,0.00254,0.0161,0.0795,2.09,24.8,29.1,28.2,28.2,28.2,17.6,8.7,6.2,6.7,9.1,13.1,25.5,369.2,93,133.2,134,1.2,40.95,1.07,13.88,0,0.32,6.75,1.484376,20.89,41.86,37.25,1.16
481,0.8,1040,24.8,12.2,19.4,64.3,76.7,92,87.2,132,110,54.2,58,77.9,121,84.6,82.4,7.59,10.2,14.4,18.6,23.7,28,30.4,30.7,26.6,20.2,13.8,8.6,12.6,193.1,0.0635,0.102,0.236,0.71,1.64,17.6,22.4,24.2,26.4,26.9,16.4,8.6,5.7,6.1,9.2,11.5,18.1,35967.2,57,189.6,176,1.8,26.68,0.41,14.28,0,3.45,16.63,1.581912,22.83,37.46,39.7,1.09
482,0,1260,26.3,14.5,20.6,97.6,84,91.5,85.3,139,124,83.9,100,106,131,121,98.8,10.9,13.2,16.4,20,24.3,27.4,28.5,29,26.5,21.6,16.3,12.1,16.4,269.6,0.053900000000000003,0.0893,0.171,0.493,3.41,35.9,40.2,30.2,28.7,26,18.7,10.4,7.8,8.8,12.8,20.6,29.5,1046.3,28,68.8,68,0.8,19.18,0.48,28.15,0,0.6,26.21,0.97840800000000006,47.92,29.66,22.42,0.55
483,0,1320,25.9,13.9,20.3,111,94.2,97.2,88.6,135,137,78.6,94.3,110,131,128,116,10.5,12.8,16.2,19.8,24,27.1,28.3,28.7,26.2,21.4,16,11.7,24.1,346,0.0531,0.0904,0.193,0.533,3.16,47.8,49,40,37,31.3,26.2,14.4,9.6,10.6,16.7,24.8,38.6,989.4,20,80.8,85,1.5,11.34,0.18,45.72,0,0.62,7.59,0.89916,39.84,31.82,28.34,0.39
484,0,1140,26.9,14.8,21.1,87.9,69.6,85.1,84.3,125,121,75.2,77.5,100,131,100,85,11.6,13.9,16.9,20.8,24.9,27.6,28.7,29.4,27.1,22.3,17.1,12.9,12.3,191.4,0.00201,0.0227,0.0858,0.36,3.23,21.4,24.9,19.1,19.7,21,17.1,8.8,6.6,8,12.8,14.5,17.5,764.4,20,61.8,58,0.4,45.29,0.36,31.23,0,0.26,3.14,1.466088,41.23,31.77,27,0.77
485,0,1230,26.9,15.1,21.3,95.2,73.4,85.8,83,131,129,92.9,92,121,134,107,88.8,12,14.2,17.1,20.9,24.9,27.7,28.6,29.3,27.1,22.6,17.5,13.4,11.6,200.2,0.00671,0.035,0.11,0.366,4.36,21.9,26.1,19.7,18.7,19.7,17.2,9,7,10.8,16.3,15.6,18.2,444.9,17,36.4,35,0,82.49,0.21,4.19,0,0.21,3.58,1.639824,32.12,33.8,34.08,0.88
486,0,879,26.7,13.8,21.4,53.3,50.1,67,60.8,109,106,60.8,52.8,91.8,104,66,57.2,11.5,14,17.4,21.6,25.8,28.4,29.5,30,27.2,22.3,16.7,12.4,27.1,99.2,0.0249,0.0441,0.0695,0.118,0.803,9.8,10.9,8,8.2,11.5,9.5,4.9,4.3,5.8,9.1,8.3,8.9,505.8,167,290,285,3.1,0.15,1.25,24.3,0,0.12,61.03,1.804416,11.67,42.54,45.79,1.87
487,0,859,26.6,13.3,21.4,47.8,47.7,65.3,59.4,115,101,65.3,55.8,90.7,99,61.3,51.1,11.4,14,17.5,21.7,25.8,28.4,29.4,29.9,27,22.1,16.5,12.3,40.7,93.4,0.087,0.131,0.194,0.309,0.932,8.5,10,8.1,7.7,10.3,9.2,4.7,4.6,5.8,8.5,7.4,8.6,4528.5,124,349.1,323,5.1,8.55,0.39,32.49,0,0.89,25.16,1.804416,15.14,42.62,42.24,2.05
488,0,840,27,13.9,21.7,50.2,47.7,65.3,61.4,106,96.3,64.1,55.3,88.8,92.6,60.5,52.6,11.9,14.4,17.7,21.9,26,28.5,29.5,30.1,27.3,22.6,17.2,12.9,32.4,91.6,0.0531,0.0806,0.12,0.203,0.738,8.6,10.1,7.2,7.8,10,8.5,4.3,4.3,6.6,8.5,7.5,8.2,10120.1,34,247.8,192,3.3,24.66,0.39,21.62,0,0.67,15.98,1.776984,24.95,37.55,37.5,1.56
489,0,881,26.7,13.8,21.4,56.1,50.9,68.2,63.9,111,98.5,63.8,57.4,89.8,98.4,66.6,56.5,11.7,14.1,17.4,21.6,25.6,28.3,29.3,29.9,27.1,22.4,17,12.7,33.6,108.9,0.0718,0.105,0.148,0.204,0.248,9.9,12.5,8.9,9.9,11.9,10.4,5.2,4.7,7.1,9.7,8.8,9.9,26220.9,1,237.5,167,3,24.98,0.25,22.86,0,0.7,10.62,1.746504,25.18,37.45,37.37,1.45
490,0,809,25.6,11.6,20.6,38,41.3,56.9,56.2,115,98.5,67.5,57.7,92.5,90.1,53.4,42.6,10.6,13.3,17,21.5,25.2,27.7,28.6,28.9,25.8,21,15.6,11.3,48.8,80.9,0.0931,0.137,0.201,0.326,0.778,6,7,6.5,7.1,7.7,9.4,4.9,5.5,5.9,7.3,6.2,7.4,1028.3,372,599,622,11.9,0.11,0.02,47.01,0,0.1,2.27,1.8288,10.96,44.51,44.53,2.77
491,35.5,506,12.4,-3.58,5.25,33.8,38.3,44.7,42.8,35.3,21.4,54.7,65.6,47.6,42.8,40.9,38.2,-5.88,-4.53,-0.817,3.57,8.89,14.6,17.3,16.3,12.7,6.28,-0.619,-5.44,64,166.3,0.0393,0.0538,0.0741,0.12,0.293,2.1,1.2,2.8,10.4,24.4,27.3,27.7,24.2,17.4,15.8,8.7,4.3,16910.6,1854,2782.2,2691,15.5,5.69,1.36,38.62,0.01,0.23,1.3,1.712976,42.45,37.87,19.68,0.75
492,9.9,430,19.5,2.57,12.5,16.4,14.9,21.9,22.8,35.3,39.1,71.7,75,51,38.9,20.1,22.7,1.07,3.26,7.47,11.7,16.8,22.4,24.1,22.9,19.1,12.8,6.2,1.18,40.2,45.3,0.0149,0.0175,0.0197,0.0276,0.192,0.6,0.6,2,3.3,5.3,5.1,6.6,8.6,5.2,4.3,2.6,1.1,10462.7,1324,1925.2,1852,7.5,0.16,0.07,25.95,0,0.15,0.78,1.822704,39.04,36.29,24.67,0.39
493,64.3,944,6.23,-5.24,-0.881,82.4,79.7,96.4,114,90,45.4,75.5,74.2,58.2,66,77.3,85.3,-10.5,-9.99,-7.12,-3.58,2.04,7.97,11,10,6.4,-0.156,-6.66,-10.6,63.4,621.6,0.171,0.234,0.443,1.11,5.77,7.3,3.8,1.5,3.5,44.2,100.3,137.3,129.2,91,59.1,29.8,14.6,27.3,2919,3426.8,3430,35.6,0,12.64,43.54,17.84,0,5.23,1.572768,55.02,32.89,12.08,0.85
494,56.9,850,7.72,-4.76,2.76,73,70.8,86.5,104,83,40.9,69.2,64.7,53.1,58.1,69.9,76.5,-6.98,-6.4,-3.51,0.0537,5.72,11.7,14.7,13.8,10.1,3.48,-3.09,-7.05,64,441.8,0.0986,0.124,0.168,0.326,3.6,3,1.8,1.1,13.2,74.3,111.9,97.9,58.9,35.2,25.1,12.8,6.6,51.8,2651,3185,3176,25.1,0,5.97,71.08,10.35,0.03,0.07,1.648968,56.86,31.75,11.39,0.5
495,57.3,764,8.44,-5.05,1.29,64.5,63.1,75.5,90.8,72.9,38.3,63,59.8,50.3,54.1,63.6,68,-8.51,-7.9,-4.98,-1.39,4.31,10.2,13.3,12.4,8.67,2.03,-4.6,-8.58,63.3,381.5,0.152,0.213,0.383,1.11,2.63,2.9,1.5,0.8,8,54.3,86.9,85,60,38.1,25.1,12.7,6.2,580.6,2538,3065.7,3039,23.6,0.44,4.73,70.43,7.09,0.14,1.87,1.609344,54.86,29.44,15.7,0.5
496,52.9,689,10.3,-4.38,2.62,73.4,67.1,65.8,78,63.7,29.1,37,31.2,41.8,56.4,71.2,74.6,-8.81,-7.68,-3.67,1.03,6.59,11.8,15.4,14.7,10.3,3.43,-3.68,-8.64,59.7,233,0.0274,0.046,0.0803,0.377,2.51,1.2,0.6,2.5,18.7,59.7,53.7,39.8,24.1,14.4,10.1,5.6,2.6,375.5,2297,2647.4,2629,13.4,2.3,0.08,38.35,0,0.24,0.9,1.786128,36.66,37.1,26.24,0.5
497,52.9,680,9.09,-5.13,1.98,55.6,55.8,63.1,76.9,66.1,35.7,57.3,53,47.2,51.3,58.7,59.3,-8.34,-7.58,-4.32,-0.373,5.29,11,14.2,13.3,9.47,2.76,-4.04,-8.31,66.3,253.8,0.171,0.213,0.301,0.499,1.14,1.9,0.9,0.8,7.1,40.9,57.3,53.8,37.8,24.5,16.6,8.2,4,6148.4,2248,2928.4,2870,23,1.77,4.92,53.74,4.44,1.28,1.5,1.712976,47.99,32.92,19.09,0.77
498,62.8,713,7.67,-5.94,-0.186,63.5,60.9,73.9,83.8,60,31.3,60.1,58.5,42.9,48.9,64.3,64.9,-10.6,-9.63,-6.27,-2.28,3.14,8.79,11.9,11.1,7.25,0.635,-6.2,-10.5,66,301.8,0.11,0.138,0.187,0.422,2.35,2.3,1,0.5,2.2,31,73.8,76.3,51.3,30.3,19,9.5,4.6,195.3,2672,3289.5,3299,26,0,5.85,65.04,0.23,0.43,0.92,1.627632,56.23,32.23,11.54,0.6
499,60.2,836,8.14,-4.58,0.997,74.2,74.4,86.6,95.6,74.9,38.6,63.6,58.5,54.6,60.8,76.9,77.1,-9.45,-8.45,-5.12,-1.11,4.36,9.92,13.1,12.3,8.42,1.82,-5.03,-9.34,63,389.5,0.164,0.207,0.322,0.983,6.34,2.8,1.6,1.4,12.8,65.1,98.9,86.5,51.4,30.1,21.4,11.6,5.9,263.4,2360,3134.1,3147,34,0.04,7.18,64.6,2.52,0.1,3.64,1.679448,55.92,31.49,12.6,0.78
500,58.7,828,9.42,-5.15,1.32,73.7,79,85.8,93.2,68.1,35.6,62,57.7,58.5,64.1,73.8,77.1,-8.87,-7.99,-4.7,-0.848,4.41,10.1,13.2,12.4,8.68,2.12,-4.52,-8.72,64.8,334,0.251,0.304,0.421,0.68,2.08,3.4,1.6,1.6,7.9,36,62.2,72,58.6,41.6,28.2,14,6.9,2224.4,1977,3084.6,3123,34,1.19,10.83,59.19,0.44,0.3,1.22,1.72212,47.38,35.14,17.48,0.76
501,53.6,811,10.3,-3.99,2.49,71.7,77,82,86.7,67.6,34.8,58.4,55.5,61.5,66.6,72.4,76.3,-7.99,-6.94,-3.49,0.519,5.72,11.3,14.5,13.7,9.91,3.32,-3.44,-7.79,64.4,326.5,0.277,0.333,0.463,0.785,2.59,3.5,2,4.2,16,43.5,60.4,63.3,49.7,35.9,27,14.1,6.9,3762.7,1753,2925.6,2934,31.6,2.14,8.65,60.26,0.26,0.24,1.3,1.746504,43.51,36.43,20.05,0.8
502,46.9,676,10.9,-3.36,3.7,56.6,57,64,73.2,62.2,32.6,51.7,48.8,52.6,56.9,59.8,60.3,-7.24,-6.03,-2.32,1.85,7.17,12.7,16.1,15.3,11.2,4.46,-2.46,-7.05,64.9,226.1,0.177,0.213,0.284,0.454,1.45,1.9,1.4,3.6,13.3,38,47.1,43.1,30.6,20.5,15.1,7.8,3.7,20698.6,1468,2721.6,2702,25.3,2.44,4.57,55.76,1.5,0.55,1.32,1.76784,41.73,37.48,20.79,0.7
503,45.5,661,12.2,-2.01,5.87,56.2,57.4,65.4,64,54.6,25,44.2,44.8,59.5,67,62.2,61,-6.13,-4.29,0.0434,4.5,9.57,15.1,18.8,18,13.6,6.68,-0.541,-5.63,61.3,287.8,0.0964,0.13,0.17,0.267,1.15,3,2,6.5,24.2,52.9,56.2,47.9,32.8,22.9,21.7,11.9,5.8,1536.9,1477,2499,2488,16.6,6.74,0.9,67.3,0,0.51,0.8,1.825752,27.94,42.87,29.19,0.75
504,60.8,846,8.47,-6.1,0.925,86.4,93.4,81,81.5,57.8,27.4,62.3,62.1,63.4,63,78.9,89,-9,-8.36,-5.18,-1.41,3.89,9.64,12.7,11.8,8.27,1.77,-4.78,-8.84,70.2,363.4,0.202,0.25,0.397,1.21,5.05,3.3,1.6,0.9,5.2,47.7,85.6,80.8,54.8,36.6,26.7,13.5,6.7,638.3,2579,3196.6,3186,31.4,0.79,9.63,49.88,0.01,0.13,1,1.786128,42.48,39.56,17.96,0.7
505,59.4,792,8.86,-6.03,1.34,80,86.1,74.3,75.2,54.4,26.4,60.4,60.4,60.4,58.8,72.9,82.4,-8.67,-7.99,-4.79,-0.968,4.35,10.1,13.1,12.3,8.73,2.21,-4.4,-8.51,70.5,322.6,0.183,0.237,0.388,1.11,4.44,2.8,1.3,0.8,4.8,45.6,77.3,70.7,47.6,31.6,22.9,11.5,5.7,749,2446,3129.7,3117,29.4,1.7,7.88,49.83,0.01,0.09,0.99,1.773936,41.08,39.68,19.24,0.68
506,50.7,634,10.1,-5.19,2.09,63,68.9,52.1,52.7,43.3,23.1,53.4,58.1,55.1,47,53,64.8,-8.51,-7.53,-4.1,-0.0104,5.37,11.1,14.2,13.4,9.68,3.03,-3.9,-8.28,69.1,167.3,0.0794,0.108,0.157,0.517,1.4,1.1,0.6,0.4,4.8,35.6,42.9,31.8,20,12.7,10,5,2.4,415.9,2371,2917.8,2887,19.7,7.06,3.83,58.27,0,0.03,0.38,1.749552,32.14,40.53,27.34,0.77
507,56.4,669,9.06,-6.34,1.52,62.2,66.2,60.1,62.6,49,25.9,59.6,58.6,52.1,49.8,57.7,65.1,-8.65,-7.92,-4.69,-0.747,4.61,10.4,13.4,12.6,8.95,2.41,-4.29,-8.49,70.9,230.9,0.191,0.237,0.381,0.796,2.16,1.9,0.9,0.4,3,32.2,56.4,50.9,34.8,22.7,16,7.8,3.9,2617.1,2343,3112.2,3106,24.9,2.33,6.75,55.41,0.09,0.36,0.6,1.773936,45.27,36.44,18.29,0.7
508,45,463,10.4,-5.41,2.99,34,35,37.3,42.1,37.9,21.1,54.8,55.5,41.2,34.3,33.1,37.1,-7.6,-6.75,-3.35,0.854,6.31,12.3,15.2,14.2,10.5,3.94,-2.92,-7.39,73.2,114.6,0.0477,0.0678,0.0947,0.172,0.476,0.8,0.4,1,4.8,21.2,25.3,21.9,15.7,9.9,8.1,3.7,1.8,2743.5,2328,2966.7,2941,19.3,2.68,1.65,50.55,0.01,0.04,0.65,1.764792,40.29,39.97,19.75,0.82
509,41.1,540,12.3,-2.96,4.87,42.8,45.1,47.8,48.9,42.7,21.8,50.1,52.5,51.3,47.3,44.1,45.7,-6.24,-4.92,-1.2,3.01,8.28,14,17.4,16.5,12.4,5.7,-1.26,-5.92,66.1,162.2,0.137,0.182,0.225,0.317,0.728,1.9,1.6,4.6,12.6,27.6,31.1,27.4,19.8,13.7,12,6.6,3.3,20560,1412,2668.6,2695,20.2,5.16,3.52,54.26,0.01,0.38,1.1,1.804416,33.95,40.99,25.06,0.68
510,42.4,591,12.1,-2.65,4.82,48.1,49.2,54.4,59.2,51.2,26.4,49,48.9,51.2,51.9,50.5,51.2,-6.4,-5.03,-1.19,3.04,8.3,14,17.4,16.6,12.4,5.59,-1.4,-6.11,65.6,184,0.151,0.187,0.223,0.337,0.963,1.8,1.4,4,12.6,31.3,36.9,33.1,23.7,16.1,12.9,6.9,3.3,46273.9,1337,2618.9,2637,22.2,4.12,3.78,53.79,0.67,0.46,1.49,1.789176,37.34,39.64,23.02,0.67
511,53.6,477,9.53,-5.73,3.2,43.4,42.9,42.1,44,58.1,34.1,23.7,24.3,38.2,35.9,44.7,45.6,-7.64,-7.03,-3.21,1.12,6.61,12.1,16.7,16,10.9,3.71,-3.52,-8.06,64.6,154.2,0.099,0.134,0.201,0.419,1.34,1.3,0.6,0.3,1.4,19.2,36.7,34.2,24.5,16.5,11.5,5.4,2.6,9895.1,1990,2562.2,2394,13.3,6.24,1.04,19.24,0.11,1.03,0.6,1.70688,44.36,37.16,18.48,0.48
512,52.8,470,9.66,-5.64,3.41,42.8,42.4,41.5,43.6,57.3,33.2,23,23.7,37.6,35.4,44,45.1,-7.51,-6.86,-3,1.36,6.85,12.4,17,16.3,11.1,3.92,-3.34,-7.91,65.2,147.2,0.164,0.196,0.238,0.361,0.965,1.2,0.6,0.3,1.5,19.1,35.3,32.4,23.1,15.5,10.8,5,2.4,10861.7,1949,2562.2,2394,13.3,5.87,1.21,18.59,0.1,1.1,0.58,1.712976,43.85,37.7,18.45,0.49
513,40.8,355,11.3,-4.23,5.12,26.4,27.3,29.8,34.9,48.6,27.2,20.1,20.2,32.7,29.2,29.2,29,-7.36,-6.15,-1.52,3.42,9.15,15,19.7,18.9,13.4,5.74,-2.12,-7.44,60.4,72.5,0.0669,0.084,0.103,0.158,0.421,0.6,0.3,0.1,1.2,10.1,16.9,15.5,11.2,7.7,5.5,2.3,1.1,25211.5,1847,2321,2183,8.3,2.84,1.24,8.74,0.05,0.56,0.73,1.7526,46.21,36.52,17.27,0.4
514,39.6,353,11.6,-3.86,5.3,24.5,25.8,29.9,35.9,47.3,26.3,21.3,22.3,33.7,30.3,28.4,27,-7.25,-6.01,-1.35,3.6,9.33,15.2,19.9,19.1,13.6,5.97,-1.91,-7.26,60.3,73.7,0.0676,0.0831,0.106,0.144,0.24,0.6,0.3,0.2,1.9,11.4,16.9,15,10.9,7.6,5.5,2.3,1.1,39136.6,1727,2321,2183,8.3,2.69,1.57,11.22,0.03,0.8,0.82,1.749552,44.29,37.51,18.2,0.42
515,55.6,757,10.3,-4.26,3.39,78.4,70.4,72.7,84.6,69.8,34.9,43.2,38.8,48.9,60.8,75.7,79,-7.59,-6.61,-2.7,1.69,7.03,12.3,16,15.2,10.9,4.08,-2.76,-7.49,63.3,374.5,0.138,0.179,0.243,0.641,3.56,3.1,1.5,1.9,21.3,69.2,77.1,70.7,51.3,33.6,25.3,13.1,6.4,1460,2054,2676.7,2660,16.6,6.75,0.52,65.62,0,0.57,1.24,1.789176,43.86,36.42,19.73,0.59
516,50.6,704,11.6,-3.05,5.05,71.5,64.2,65,77.1,65.5,34.9,37.5,35.9,49.5,60.6,68.8,73.1,-6.42,-5.31,-1.22,3.25,8.66,14.2,18.2,17.6,12.9,5.78,-1.4,-6.28,59.2,307,0.0666,0.0994,0.147,0.594,2.43,2.4,1.2,3,27.3,64.3,61.3,50,36.6,26.1,19.6,10.3,4.9,5503.9,1868,2436.2,2368,15.6,7.32,0.61,50.5,0,0.41,1.11,1.795272,36.7,38.17,25.13,0.73
517,47.2,641,12.2,-2.79,5.69,61.9,55.7,58.7,71,60.8,33.4,35.5,34.4,48,57.1,61,63,-6.22,-4.88,-0.591,4.01,9.42,15,19.2,18.5,13.7,6.43,-0.915,-5.99,60.1,249.6,0.0451,0.0767,0.118,0.457,1.96,1.9,0.9,2.8,24.1,53.9,50.1,39.7,28.6,20.3,15.4,8.1,3.8,8753.7,1800,2364.2,2267,15.5,6.09,0.57,45.33,0,0.33,0.98,1.804416,37.46,37.51,25.04,0.76
518,35.7,378,13.2,-1.15,7.02,31.7,27.7,33.4,41.7,43.3,21.3,21,17.7,32.8,38.1,38.7,30.9,-6.46,-4.89,0.231,5.49,11.4,17.6,22.2,21.2,15.7,7.69,-0.447,-6.24,59.3,46,3.39e-4,5.68e-4,0.00138,0.0166,0.0686,0,0,1.3,11,14.4,7.6,4.4,2.8,2.2,1.8,0.4,0.1,2612.9,1910,2123.6,2094,5.8,0.05,0.57,0.94,0,0.04,0.44,1.825752,38.09,39.65,22.26,0.37
519,40.9,525,12.8,-1.93,6.5,48.4,43.6,48.3,57.8,52.5,28.1,28,26.8,41.8,49.7,50.6,49.5,-6.28,-4.72,0.0244,4.93,10.6,16.4,20.8,20,14.8,7.22,-0.513,-5.99,58.9,157.6,0.0265,0.0435,0.0682,0.249,1.06,1,0.5,2.3,18.1,36.4,31.7,24,16.5,11.6,9,4.4,2.1,20551.9,1715,2229.4,2118,11.2,3.43,0.57,27.59,0,0.22,0.63,1.807464,42.52,35.84,21.64,0.58
520,42.3,504,12.2,-2.31,5.78,43.6,46.4,45.2,45.5,44.8,23.3,30.2,37.1,49.3,49.4,42.9,46.9,-6.04,-4.58,-0.274,4.08,9.24,15.1,19.4,18.5,13.5,6.45,-0.741,-5.9,69.5,141.6,0.0273,0.0483,0.0723,0.112,0.386,1.2,0.8,1.3,7.6,24.4,30.5,26.3,18.8,12.9,10.4,5,2.4,9771.9,1451,2402.9,2352,17.2,7.56,5.42,45.94,0,1.1,1.36,1.72212,43.25,38.35,18.4,0.89
521,61.7,831,9.12,-4.3,2.67,88.2,80.5,86.6,98.5,74.6,36.4,40.8,36.2,53.6,68.3,83.2,84.4,-7.85,-6.96,-3.3,0.784,5.86,11.2,15.1,14.4,10,3.25,-3.39,-7.79,68.7,548.4,0.562,0.637,0.77,1.19,3.61,5.9,2.9,2.1,14.8,71.7,105.5,110.5,89.2,64,46.7,23.5,11.6,671.2,2137,2909.7,2923,20.5,0.67,1.33,73.64,0,0.51,0.35,1.8288,40.59,40,19.41,0.46
522,66.1,871,8.51,-4.18,2.03,91.1,84.1,89.3,99.7,77.1,35.9,42.7,42.4,58.6,73.9,86,90.3,-8.86,-7.67,-3.86,0.334,5.42,10.8,14.6,13.8,9.5,2.67,-4.16,-8.73,66.5,610.4,0.494,0.593,0.724,1.15,5.54,6.7,3.2,2,13.4,71.8,113,129.1,105.8,72.9,52.7,26.6,13.2,462.3,2131,3004.2,3105,22.8,1.19,0.58,67.9,0,0.27,0.01,1.8288,34.44,43.52,22.04,0.6
523,58.7,785,9.81,-3.66,3.33,78.7,72.4,79.7,92,71.6,34.8,40.7,38.5,54.6,67.5,77.5,77.2,-7.61,-6.47,-2.61,1.58,6.68,12.1,16,15.3,10.9,3.95,-2.91,-7.5,69.9,472,0.243,0.404,0.499,0.733,2.81,4.8,2.5,3.1,20.4,71.8,92.4,91.2,71.3,49.7,36.5,18.9,9.4,1667.3,1953,2812.3,2805,21,2.04,0.72,72.43,0,0.35,0.33,1.8288,35.52,41.93,22.54,0.63
524,50.7,683,11.3,-2.86,4.81,63.6,58.5,66.9,80.1,64.4,32.7,38.7,37,51.4,61.5,65.4,63,-6.55,-5.23,-1.17,3.14,8.31,13.8,17.8,17,12.5,5.45,-1.61,-6.38,68.9,334.7,0.25,0.326,0.394,0.574,1.9,3.1,1.8,3.7,21.5,56.1,64.6,60.9,47,32.8,24.3,12.7,6.2,2655.9,1813,2578.4,2524,19.6,6.27,0.53,64.19,0,0.23,0.86,1.8288,33.18,42.45,24.37,0.7
525,29.4,557,14,-0.0263,7.08,39.3,39.5,48.9,59.4,57.4,27.5,39.7,41.7,55.6,57.8,47.2,43.1,-5.16,-3.33,1.26,5.71,10.8,16.5,20.6,19.8,15,7.69,0.321,-4.91,56.1,71.7,0.0176,0.0286,0.0415,0.0601,0.137,0.9,2.5,8.8,18.6,15.4,8.4,5.2,4,2.9,2.8,1.6,0.6,1311.1,1852,2259.9,2261,19,2.76,1.62,57.55,0,0.01,0.43,1.8288,33.78,44.66,21.56,0.95
526,29.5,538,14.2,-0.0837,7.39,37.7,37.7,46.9,58,55.7,27.4,38.6,40,53.5,56,45.4,41.1,-4.88,-3.05,1.54,6,11.1,16.8,21,20.1,15.3,8,0.614,-4.62,56.7,66.8,0.0135,0.0241,0.0378,0.0566,0.129,0.8,2.3,8.1,17.5,14.3,7.8,4.9,3.8,2.8,2.6,1.4,0.5,1689.3,1750,2223.7,2226,18.1,2.48,1.65,56.57,0,0.01,0.42,1.8288,33.9,44.93,21.17,0.93
527,26.2,438,14.8,0.471,8.47,28.2,27.9,35.1,46.5,48.3,25.9,32.4,32.4,47.8,49.9,33.2,30.5,-4.04,-2.23,2.5,7.06,12.3,18.2,22.4,21.5,16.5,9.03,1.57,-3.79,59.1,25.2,0.00486,0.00657,0.00845,0.0107,0.0144,0.1,0.5,2.3,5.6,4.7,2.6,2.1,2.3,2,2.1,0.8,0.1,678.7,1689,2096.8,2049,12.6,0.37,2.83,37.65,0,0,0.08,1.8288,34.57,45.66,19.77,0.84
528,37.5,552,13.3,-1.19,6.84,44.4,42.2,50.1,62.1,55.1,28.9,35.4,35.1,49.2,54.8,48.9,45.6,-5.28,-3.64,0.856,5.35,10.6,16.3,20.4,19.6,14.8,7.45,0.13,-5.04,63.2,162,0.108,0.148,0.176,0.254,0.781,1.5,1.4,4.3,15.3,28.4,29.3,26.7,20.8,14.6,11.2,5.8,2.7,6559.3,1646,2294.7,2211,17.1,3.5,1.12,51.61,0,0.11,0.55,1.8288,33.31,43.63,23.06,0.77
529,32.6,490,14.1,-0.354,7.57,36.8,35.9,42.7,53.5,49.8,26.6,33.1,32.9,47.1,51.4,41.3,38.7,-4.97,-3.16,1.58,6.19,11.4,17.3,21.4,20.5,15.6,8.19,0.716,-4.68,62.1,111.7,0.0575,0.0855,0.11,0.163,0.466,1,1.1,3.4,11.1,19.5,19.7,17.9,14.1,10.2,7.9,4,1.8,10098.2,1504,2184.7,2101,17.1,2.45,1.8,48.64,0,0.1,0.58,1.8288,33.37,43.82,22.81,0.79
530,37.9,649,14.4,-1.77,7.16,55,58.3,56,46.4,39.1,20.8,59,75.4,64.2,58.6,58,57.8,-4.47,-2.86,1.2,5.49,10.8,16.7,19.6,18.6,14.9,8.2,1.13,-3.95,62.4,201.7,0.134,0.167,0.213,0.323,0.745,3.2,2.7,7.8,19.5,30.7,30,28.5,24.5,18.7,18,11.9,6.2,8372.7,1728,2485.2,2336,20.1,3.24,1.79,55.55,0,0.9,0.8,1.78308,31.5,39.99,28.51,1.19
531,61.2,1050,7.42,-6.87,-1.08,92.5,101,107,103,72.1,28.8,80.6,95.5,84.7,89.7,98.2,98.4,-10,-9.61,-6.95,-3.6,1.22,6.95,9.92,9.11,5.59,-0.3,-6.08,-9.78,65.7,577,0.352,0.454,0.749,1.8,7.04,8.7,4.4,2.3,6.3,43.9,84.5,116,106.5,83.5,67.8,35.5,17.6,378.2,2807,3542.4,3589,44.6,0,25.37,29.25,0,0.22,1.23,1.8288,42.31,38.6,19.09,0.84
532,39.9,717,13.3,-1.93,5.92,64,66.4,63.6,55.2,45,20.5,62.9,79.3,68.3,63.1,65.1,64,-5.32,-3.78,0.231,4.19,9.27,15.2,18.2,17.3,13.3,6.72,-0.0156,-4.85,62,259.1,0.127,0.192,0.292,0.635,1.99,4.3,3,6.7,17.6,34.5,39.7,41,35.1,27.4,25.4,16.1,8.3,3545.7,1609,2653.5,2606,25.4,4.9,5.53,53.65,0,0.34,2.46,1.801368,37.68,39.62,22.7,0.63
533,25.4,425,16.9,0.524,10.1,34.8,34.9,34.3,30,25.7,14,44,53,44,37.8,35.8,36.5,-2.5,-0.267,4.35,8.68,14.1,20.1,23.1,21.9,17.9,10.9,3.67,-1.85,51,87.1,0.0435,0.0649,0.0865,0.146,0.354,1.3,1.1,3.5,7.7,12.4,12.5,12.8,11.4,8.5,8.1,5.3,2.5,33180.1,1494,2163.9,2040,11.5,2.51,1.66,26.35,0,0.35,1.08,1.804416,39.55,36.38,24.07,0.58
534,24.9,415,17.1,0.828,10.3,34.6,34.1,33.5,29.2,25.4,13.4,42.6,51.7,43,37.1,34.7,35.8,-2.36,-0.0809,4.59,8.94,14.3,20.4,23.4,22.3,18.1,11.1,3.87,-1.68,51.3,80.6,0.0418,0.0603,0.0795,0.137,0.325,1.2,1,3.4,7.3,11.5,11.4,11.8,10.5,7.8,7.5,4.9,2.3,37641.3,1423,2135.4,2027,11.5,2.42,1.65,25.64,0,0.32,1.05,1.804416,38.75,37.21,24.04,0.56
535,26,384,17.8,1.84,10.6,33.5,32.9,32.6,26.6,26.3,11.6,35.3,42.2,42.9,36.1,32.4,31.4,-2.05,0.16,4.85,9.22,14.5,20.6,24,23.1,18.6,11.4,4.05,-1.43,58.1,29.3,0.0436,0.0737,0.109,0.167,0.31,0.2,1,5.2,6.1,4.1,2.1,2.4,2.5,1.9,2.2,1.3,0.3,897.1,1496,1955,1946,10.5,18.15,0.39,29.98,0,0.35,3.48,1.801368,28.49,44.03,27.48,0.41
536,30,520,17.6,2.7,10.8,58.5,63.8,63.4,39.7,26.4,9.85,35.3,44.2,37.8,44.1,44.1,52.8,-0.514,0.943,4.83,8.98,14.2,20.1,23.8,22.9,18.5,11.5,4.52,-0.589,76.2,73.1,0.0687,0.0903,0.124,0.197,0.452,1.5,5,11.1,12.7,13.2,9.5,6.6,4.8,3,2.5,1.9,1.3,2454.7,1067,1962.2,1936,23.5,0.43,5.51,58.52,0,0.05,1.14,1.8288,43.81,34.63,21.56,0.6
537,29.4,514,17.8,2.84,11,57.9,63.2,62.7,39.2,26.1,9.72,34.9,43.7,37.4,43.6,43.6,52.2,-0.367,1.1,5,9.15,14.4,20.3,24,23,18.7,11.7,4.68,-0.444,76,71.4,0.0282,0.0387,0.0502,0.0879,0.251,1.5,5,11,12.4,12.8,9.2,6.4,4.6,2.9,2.4,1.9,1.3,2541.4,914,1937.5,1920,23.2,0.46,5.35,56.9,0,0.05,1.25,1.8288,43.79,34.65,21.56,0.59
538,17.7,390,20.3,5.6,13.8,44.6,49.5,46.6,28.2,17.4,7.19,27.2,34.8,29.6,33.8,31.9,38.7,2.14,3.9,7.94,12.1,17.4,23.3,27,26.1,21.7,14.5,7.2,2,68,41.1,0.0138,0.0214,0.0326,0.0546,0.109,1.5,4.3,7.9,6.8,5.6,3.6,3.1,2.6,1.7,1.5,1.4,1.1,12571.1,541,1575.5,1558,15,0.59,2.08,28.27,0,0.08,1.32,1.825752,43.84,36.78,19.38,0.53
539,11.2,249,22.3,7.98,16.6,37.2,42.8,27.9,11.4,7.15,2.67,21.2,18.6,15.3,17.3,18.9,28.1,5.95,7.44,10.9,14.9,19.9,25.6,29,28.2,24,17,10.2,5.69,21,17.9,0.00647,0.00782,0.00895,0.0106,0.0442,1.2,1.9,3,2,1.6,1.2,1.7,1.9,0.9,0.6,1.2,0.7,2640.6,520,1345.1,1207,14.2,0.01,4.26,11.63,0,0.01,18.45,1.819656,47.13,40.15,12.72,0.19
540,11.5,469,19.9,3.24,13.6,35.2,32.2,25.9,12.8,13.4,13.7,84.9,89.5,52,37.5,31.1,40.6,3.2,5.13,8.52,12.5,17.2,22.8,24.4,23.1,20.2,14.3,7.88,3.23,52.1,50.3,0.0082,0.0164,0.0279,0.0622,0.195,5.2,6.4,6.8,4.1,2.7,1.9,4.4,4.9,3.2,3.7,2.8,4.2,20424,936,2049.8,2121,16.3,0.16,0.42,51.43,0,0.01,0.46,1.819656,34.6,34.58,30.82,0.33
541,17.7,584,19.6,3.71,12.5,61.4,53.3,50.3,20.4,15.8,10,83.6,94.4,50.4,39.9,44.8,59.6,2.63,4.05,7.11,10.8,15.5,21.1,23.3,22.4,19.4,13.5,7.23,2.7,47.4,125,0.0328,0.0485,0.0758,0.207,0.536,11,13.9,19.6,14.8,10.8,7.3,8.8,9.8,6.5,7.1,6.7,8.7,11102.9,686,1885.5,1837,16.8,0.01,0.27,67.71,0,0.09,0.59,1.822704,33.15,37.23,29.62,0.55
542,13.7,569,21,5.26,13.9,63.8,55.8,52.2,20.2,14.8,8.18,75,85.7,47.7,38.7,45.4,61.1,3.93,5.38,8.47,12.2,16.9,22.5,24.8,23.9,20.9,14.9,8.52,3.91,43.6,115.3,0.00101,0.0254,0.104,0.212,0.407,11.9,14.5,19.9,13.5,9.1,5.9,7.2,8.1,5.2,5.8,5.6,8.6,16022.5,433,1690.1,1708,18.2,0.01,0.28,55.79,0,0.66,0.57,1.819656,39.25,34.87,25.87,0.47
543,15.5,441,20.9,3.67,13.4,44.4,46.6,40.5,19.3,12.7,6.48,58.4,70.1,41.4,30.2,32.8,38,2.92,4.48,7.91,11.6,16.5,22.2,25.1,24.3,20.7,14.3,7.63,2.85,31,52.7,0.0206,0.022,0.0234,0.0268,0.119,3.6,7.2,10.3,7.7,4.6,2.7,3.7,4,2.5,1.9,2,2.5,8198,1107,1708.2,1658,8.1,0.16,0.29,36.78,0,0.03,1.8,1.8288,33,36.09,30.91,0.63
544,25.2,669,17.8,3.12,11,80.3,79,66.6,28.5,18.4,7.61,74.5,84.1,55.8,44.8,55.5,73.7,1.02,2.54,5.65,9.33,14,19.4,22.2,21.3,18,11.9,5.62,0.934,34.8,175.9,0.056,0.0631,0.0712,0.117,0.746,15.6,28.9,39.5,30.8,16.8,8.2,6.9,6.5,3.7,3.9,4.9,10.2,614.9,1111,2018.2,2075,10.6,0,0.07,83.44,0,0,0.97,1.8288,33.72,31.91,34.37,0.59
545,14.7,490,21.2,4.46,13.7,52.6,53.6,47.3,21.7,13.8,6.16,59.7,71.7,45.1,34.1,37.7,47.1,3.37,4.92,8.26,12,16.8,22.4,25.2,24.4,21,14.7,8.06,3.28,32.5,77,0.0169,0.027,0.0386,0.0716,0.276,6.5,11.4,16,11.9,6.8,3.7,4.2,4.4,2.7,2.4,2.7,4.3,14242.6,639,1649.6,1634,11.5,0.15,0.38,42,0,0.03,2.02,1.822704,37.26,33.72,29.01,0.55
546,14.1,488,21.4,4.77,14,52.7,53.6,47.5,21.4,13.6,6.01,58.9,70.7,44.8,34.1,37.8,47.3,3.6,5.15,8.48,12.2,17,22.7,25.5,24.7,21.3,14.9,8.29,3.51,32.4,77.5,0.0137,0.0249,0.049,0.0971,0.281,6.9,11.5,16.1,11.8,6.7,3.6,4.2,4.4,2.7,2.4,2.7,4.5,15081,488,1618,1615,12.1,0.15,0.36,40.24,0,0.1,1.94,1.822704,38.13,33.47,28.4,0.53
547,48.8,723,12.9,-1.15,5.92,75.8,68.8,74.6,75.2,71.1,37,25.4,29.9,51.6,61.3,73.5,79.2,-5.02,-3.96,-0.187,3.86,8.85,14.4,19.1,18.6,13.6,6.63,-0.419,-4.98,66,257.3,0.03,0.0575,0.106,0.277,0.661,2.7,3.2,13.3,38.3,59.7,51.5,34.1,19.9,12.7,10.6,7.5,3.8,5371.4,1289,2125.6,2117,21.9,4.61,0.45,55.4,0,0.51,4.33,1.734312,31.16,43.8,25.03,1.37
548,53.6,1060,12.2,1.61,4.35,113,105,121,117,98.5,43.2,33.8,42.3,69.7,89,105,122,-8.12,-6.08,-1.64,2.7,7.76,13.6,18.4,17.6,12.5,5.19,-2.49,-7.83,70.9,560.5,0.0592,0.111,0.291,0.793,4.64,9.1,6.9,11.5,31.7,75.8,95.7,97.3,81.2,59,47.5,29.6,15.2,116.9,1295,2292,2454,36,0.13,7.86,47.48,0,0.08,29.27,1.789176,45.93,34.95,19.12,1.31
549,41.1,619,14.8,1.02,7.65,63.6,61.9,65,65,58.4,27.9,24,29.2,45.5,54.3,58.1,66.2,-4.45,-2.64,1.55,5.79,11,16.8,21.5,20.8,15.7,8.49,0.982,-4.25,73.2,161.4,0.0193,0.0313,0.0376,0.0431,0.0508,1.8,2.6,8.3,23.5,37.4,31.6,21.1,12.9,8.4,6.8,4.7,2.3,9095.5,1291,1962.5,1917,20.3,8.86,1.16,46.1,0,4.37,9.81,1.755648,32.39,43.93,23.68,1.04
550,39.8,928,12.9,1.75,6.15,99.9,86.9,103,107,92.7,44.2,28.3,32.4,58.3,75.3,91.6,108,-6.12,-4.2,0.225,4.49,9.4,15,20,19.4,14.2,6.98,-0.519,-5.75,72.1,249.1,0.169,0.213,0.269,0.61,1.59,5.1,11.1,36.2,64.5,56,30.5,15.9,8.4,6.2,6,5.2,4,18.7,1664,2094.2,2086,38.4,0,0,86.32,0,0,0,1.8288,36.59,38.99,24.42,0.96
551,39.8,412,16.8,1.42,9.48,66.6,63.9,56.7,27.5,24.1,12.3,6.44,6.56,12.4,26.8,47.4,61.8,-0.184,0.552,3.62,6.98,11.8,17,21.6,21,16.8,10.6,4.02,-0.466,65.2,163.8,0.00142,0.0317,0.217,0.419,0.632,10.9,13.4,17.8,18.7,22.7,20.8,17,12.7,8.9,6.7,7,7.2,4489.5,1238,1797.9,1676,16.2,3.34,1.73,13.7,0,0.84,4.12,1.694688,48.38,31.63,19.99,0.76
552,67.1,1130,12.3,-0.519,4.56,185,183,165,83.9,50.4,20.2,7.26,9.57,25,72.6,142,186,-3.26,-3.56,-1.57,1.37,5.99,11.1,15.4,14.9,11.4,6,0.0956,-3.63,67.6,685.5,0.126,0.294,0.79,2.34,6.33,40.5,39.4,46.2,61.8,90.5,95.2,87.9,67.8,46.3,34.8,38.1,37,139.6,1903,2319.9,2347,22.3,0,2.95,50.47,0,1.29,8.51,1.694688,71.99,22.15,5.86,2.04
553,57.6,1320,12.6,0.644,5.92,214,216,198,93.7,56.2,22.8,3.04,8.29,26.4,81.7,168,229,-1.42,-1.83,-0.103,2.66,7.16,12.1,16.3,15.8,12.6,7.36,1.61,-1.76,65.1,864.8,0.122,0.199,0.602,2.3,9.65,71.7,76.9,93.7,104.4,114.5,101.8,77.6,52.1,35,28.5,48.3,60.3,19.6,1903,2185.5,2219,19.3,0,0.37,78.38,0,0.23,0.51,1.69164,68.35,25.4,6.25,2.29
554,59.2,1550,12.2,0.693,5.77,252,254,230,111,67.8,26,3.18,8.56,30.5,97.2,198,274,-1.41,-1.88,-0.252,2.45,6.93,11.9,15.9,15.5,12.5,7.27,1.56,-1.74,64.7,720.1,0.173,0.319,1.03,3.76,12.1,54,60.1,78.3,91.2,103.5,92.1,67.4,43.2,26.6,22,37.4,44.3,29.8,1921,2216.4,2212,28.4,0,1.37,70.15,0,0.02,0.85,1.746504,57.32,31.66,11.02,3.14
555,61.2,1480,12.1,0.477,5.8,240,243,220,105,63.3,24.4,2.93,8.44,30.5,93,190,261,-1.41,-1.83,-0.188,2.51,6.96,11.9,15.9,15.6,12.6,7.31,1.57,-1.73,64.3,755.6,0.0922,0.252,0.894,3.22,11.1,54.5,58.3,73.7,87.2,103,94.3,75.3,52.7,34.8,29.4,44.4,48,24.7,1908,2218.4,2183,24.6,0,1.08,77.39,0,0,1.72,1.72212,62.71,28.6,8.69,2.76
556,64.7,1090,10.8,-0.96,4.11,178,190,161,76,50.7,19.1,4.55,6.66,20.2,61.7,132,190,-4.38,-3.94,-1.47,1.47,5.9,10.9,15.4,14.9,11,4.98,-1.06,-4.77,73.8,565.8,0.247,0.344,0.501,1.01,3.41,31.9,31.2,41.1,54.1,80.3,82.3,73.1,55.6,36.4,26,27,26.8,19.8,1909,2523.2,2550,25,0,5.83,36.35,0,0.3,20.82,1.673352,38.49,38.77,22.73,0.9
557,57.8,972,11.9,-0.422,5.79,160,169,144,66.1,45.6,17.7,3.93,5.96,18.6,56.4,116,168,-2.7,-2.31,0.146,3.12,7.56,12.5,17,16.5,12.7,6.69,0.637,-3.08,74.3,345.8,0.469,0.627,0.868,1.67,3.38,24.8,28.4,44.7,52.3,61.2,47,28,16.3,9,7.1,10.8,16.2,13.3,1905,2362.7,2381,23.1,0,0.41,43.31,0,0,14.04,1.789176,68.74,21.58,9.68,1.1
558,51.9,790,14.7,0.662,7.6,127,131,115,53,37.3,16.6,5.54,7.48,18.4,48,96.8,133,-0.932,-0.536,1.9,4.84,9.39,14.4,18.8,18.3,14.5,8.65,2.55,-1.28,67.7,368.6,0.191,0.237,0.325,0.655,1.16,26.2,30.3,40.5,45.9,53.1,46.1,35.3,24.5,16.5,13.6,16.9,19.7,3804,1304,1970.7,1911,16.3,0.38,0.78,34.19,0,14.61,9.8,1.728216,49.61,32.61,17.78,1.32
559,7.1,473,23.5,8.86,16.3,99.9,109,72.7,28.5,11.5,2.59,4.03,3.62,7.13,21.7,39.6,72.1,9.55,9.88,11.7,14.2,17.4,21.7,24.6,24.5,22,17.5,12.8,9.29,34.7,178.7,0.08,0.0992,0.138,0.204,0.535,24.6,35.8,39.8,26.3,15.8,9.2,5.8,3.7,2.6,1.8,4.3,9,3726.5,137,858,551,16.8,2.59,1.04,12.65,0,0.57,40.95,1.740408,57.66,29.66,12.68,0.48
560,1.4,511,23,6.94,16.5,108,104,90.2,32,12.4,2,0.912,0.524,4.68,23.1,47.8,85.6,9.73,10.1,11.5,13.9,17.6,22.1,24.9,24.5,22.4,18.3,13.1,9.58,32.8,128.3,6.35e-4,0.00673,0.0162,0.0518,0.387,21.6,31,30.3,17.9,8.6,4.1,2,1,0.9,1.1,2.6,7.2,11555.7,26,490.8,466,14.9,7.39,3.66,12.45,0,0.37,5.25,1.807464,31.92,42.11,25.97,0.92
561,68.5,970,10.9,-1.91,2.74,177,167,153,70.8,46.3,13.5,8.91,6.34,17.4,60.3,101,149,-4.03,-4.54,-3.28,-0.727,3.58,8.9,12.7,12,8.98,4.08,-1.12,-4.16,59.6,714,0.0789,0.251,0.691,2.45,8.44,56.6,49.8,55.3,60.5,77.5,83.2,84.8,71.8,52.7,40.7,37.1,44,468,1227,2746.1,2784,30,0,22.18,42.03,0.16,0.67,0,1.679448,67.33,26.06,6.61,1.38
562,1.3,441,22,9.55,17.2,87.6,81,69.6,30,15.5,3.62,0.0228,0.319,5.54,21.8,51.7,74.7,9.4,10.3,11.9,14.4,18.4,23.3,26.9,26.2,23.8,18.9,12.9,9.14,29.8,85.7,0.00643,0.0377,0.0717,0.146,0.577,15.2,21.1,19.7,11.1,5.3,2.5,1.1,0.7,0.7,1,2.4,4.9,469.4,19,405.1,404,20.9,6.06,0.18,19.12,0,0.11,1.23,1.819656,32.31,43.22,24.47,0.74
563,36.3,3120,10.2,2.08,5.36,449,335,362,241,144,103,56.6,55.6,117,303,503,453,0.149,-0.0533,1.03,3.16,6.88,9.53,12.7,12.9,10.2,5.99,1.89,-0.496,53,2991.2,1.2,3.3,6.36,10.5,25.6,356.4,313.6,314.5,299.2,275.8,247.6,214.8,189.2,192.3,284.7,346.5,356.6,147,239,990.6,1001,53.1,0,2.12,82.06,2.7,0.15,0.37,1.789176,51.14,33.74,15.12,2.14
564,8.9,1110,15.4,6.53,11.1,147,107,118,85,62.3,49,24.3,26.6,48.6,108,173,161,4.37,4.97,7.31,9.78,13.4,16.2,19.2,19.3,16.1,11.4,7.1,3.94,66,457.9,0.238,0.368,0.559,0.908,1.86,95.1,87.9,74,45.9,24.2,13.2,6.3,4,3.9,5,27.1,71.3,31.3,10,98.5,102,4.6,0,0,3.51,0,0.12,96.06,1.24968,59.39,34.82,5.79,1.52
565,44.6,731,13.4,1.93,8.61,113,83.2,76.7,48.8,40.4,28.6,9.7,10.2,25.2,63.8,112,119,-0.585,0.765,4,7.16,11.5,15,19.2,19.4,15.2,9.24,3.11,-1.26,67.1,363.4,0.206,0.3,0.444,0.727,1.34,21.9,24.7,32.7,39.4,43.7,42.3,35,27.4,22.5,24,28,21.8,14536.2,142,869,815,17.2,15.07,0.69,31.28,0.05,0.53,5.18,1.734312,32.67,49.49,17.85,0.92
566,51.6,770,10.8,-3.21,4.7,90.3,72.5,71,69.8,78.3,57.9,28.9,27.9,40.4,58.9,79.4,95.1,-7.01,-5.75,-1.67,3.17,8.72,13.4,18,17.7,12.7,5.68,-2.1,-7.14,79.3,386.6,0.298,0.43,0.55,0.678,1.57,3.7,1.9,2.2,15.2,65,81.3,68.3,54.4,41.4,30.4,15.4,7.4,8336.9,1470,2438.4,2450,19.3,20.32,0.43,38.7,0,0.94,1.61,1.700784,33.71,50.01,16.28,0.86
567,51.3,763,11.3,-2.44,4.56,82.5,76.5,71.1,72.9,81.8,46,25.1,33,48.7,60,79.7,85.8,-6.87,-5.69,-1.66,2.86,8.04,13,17.9,17.6,12.5,5.38,-2.02,-6.86,81.7,263.5,0.125,0.165,0.239,0.583,1.3,1,0.8,5.8,28,75.6,67.5,38.2,20.1,11.8,8,4.6,2.1,863.4,1914,2137.7,2102,17.6,0.41,0.01,45.62,0,0.01,0.41,1.636776,24.76,50.98,24.27,1.01
568,35.6,429,15,1.41,9.14,45.9,37.7,43.7,46.8,51,27,10.1,13.2,20.1,31.1,44.3,57.9,-3.63,-1.71,3.34,7.71,12.7,18,23.6,23.1,17.3,9.95,2.13,-3.44,76.1,67.3,0.17,0.238,0.37,0.523,0.801,0.7,1.8,7.7,14.3,17.8,10.9,5.2,3.3,2.2,1.7,1.4,0.3,664.4,1106,1584.9,1515,14.1,24.55,0,2.57,0,0.06,3.44,1.8288,26.88,50.49,22.63,1.14
569,59.2,795,12.4,-1.05,6.21,110,95.5,96.7,67.1,60.7,33.3,11.4,11,25.7,52.7,100,130,-3.65,-2.78,0.596,4.09,8.74,13.4,18.7,18.6,13.4,6.82,0.0631,-3.96,71.4,374.8,0.0777,0.114,0.252,0.683,1.19,5.1,8.2,22,53,79.4,74,52.7,33,19.6,13.7,9.1,5,7182.2,796,1803.2,1768,30.3,0.2,0.31,42.04,0.07,0.5,0.94,1.819656,57.09,31.54,11.36,0.97
570,50,667,13.9,0.298,8.03,90.6,77.6,80.9,57.8,54.5,29.3,10.1,9.51,22.7,44.5,82.3,107,-2.7,-1.24,2.56,6.17,10.9,15.6,20.9,20.8,15.4,8.67,1.64,-2.85,68.3,274.8,0.136,0.194,0.285,0.525,0.85,4.2,6.7,17.3,39.3,57.7,53.3,37.7,23.6,14.3,10,6.8,3.9,10124.2,673,1538,1537,22.5,10.21,0.23,30.01,0.05,0.72,5.25,1.764792,49.07,36.84,14.09,0.88
571,32.5,2220,14.1,2.67,9.31,289,249,254,207,141,94.4,24.1,27.6,78.5,181,328,344,3.16,3.4,5.02,7.2,10.8,14,17.6,17.6,14.8,10.1,5.28,2.54,63.5,1594.9,0.386,0.779,2.79,5.79,14.8,177.9,188.5,207.7,206.3,186,127.2,69.1,36.8,23.3,53.6,147.3,171.2,62.4,435,982.7,968,33.3,0,0,93.6,0,0,0,1.807464,31.64,49.34,19.02,3.05
572,9.4,1170,17.3,6.55,12.4,157,129,133,98.7,70,49.4,15.7,14.9,43.6,104,175,179,6.53,7,8.69,10.6,13.8,16.5,19.5,19.7,17.5,13.3,8.81,5.93,50.8,639.2,0.0195,0.0592,0.349,1.33,6.65,126.8,117,101.5,67.7,39.5,20.5,9.8,5.6,4.4,6.7,43.2,96.5,38.9,44,71,66,1.4,87.88,0.02,1.33,0,0.18,7.19,0.600456,12.26,60.6,27.15,1.4
573,20.5,1760,14.7,5.06,10.3,270,210,201,130,75.4,49,12,17,53.2,152,284,304,4.27,4.99,6.89,8.88,11.9,14.4,17.2,17.6,15.5,11.3,6.82,3.72,49.7,1097.8,0.406,0.794,1.92,3.7,8.81,188.2,190.3,175.6,124.8,73.9,39.7,20.3,11.3,7.6,17.7,94.8,153.6,100.5,62,372.3,374,18,0.9,1.44,49.57,0,2.58,2.79,1.8288,13.93,51.52,34.55,2.04
574,19.7,1710,14.9,5.14,10.5,263,205,196,126,73.7,47.9,11.8,16.7,52,147,276,297,4.37,5.11,7.04,9.04,12.1,14.6,17.4,17.8,15.6,11.4,6.94,3.82,49.8,1060,NA,NA,NA,NA,NA,184.2,185.2,169.7,119.6,70.3,37.6,19.2,10.7,7.3,16.4,90,149.8,112.6,55,347.4,339,17.8,1.48,1.33,49.12,0,2.4,3.16,1.776984,13.52,51.41,35.07,2
575,18.7,1660,15.3,5.33,10.6,254,199,191,122,72.6,47.5,11.9,16.3,50.7,142,266,287,4.41,5.2,7.18,9.2,12.3,14.8,17.7,18,15.8,11.6,7.04,3.86,49.4,1042.6,0.687,1.1,1.58,3.45,8.65,183.7,181.8,166.5,117.1,68.6,36.5,18.4,10.2,7.1,16.2,87.5,149,324.8,51,310.9,243,16.2,15.05,0.55,49.93,0,0.85,4.55,1.658112,14.13,50.55,35.32,2.17
576,21.4,1670,14.5,4.53,10.2,242,190,191,132,82.8,57.4,17.7,21.6,58.6,143,258,272,4.34,5,6.85,8.82,11.8,14.2,16.9,17.3,15.3,11.2,6.78,3.78,49.5,1216,0.271,0.444,1.17,3.08,7.67,208.3,210.2,197,138.7,77.5,40.5,19.7,10.7,7.3,20.2,112.4,173.5,87.5,97,403.6,422,16.2,0.57,0.29,58.62,0,0.02,2.42,1.664208,17.18,49.04,33.79,2.76
577,9.9,1150,17.1,6.49,11.8,159,125,127,91.6,66.9,47.7,15.1,16.4,44,101,172,182,4.96,6.07,8.35,10.6,13.8,16.4,19.4,19.7,17.1,12.6,7.85,4.39,45.5,602.9,0.131,0.234,0.621,1.52,5.64,124.9,113.9,95.4,61.4,34.1,17.9,8.3,5,4,5.4,38.8,93.8,80.7,39,100.9,83,5.9,0.71,0,8.26,0,0.04,89,0.722376,11.4,63.55,25.05,1.98
578,19.8,1700,15.4,4.43,9.91,233,192,195,147,101,66.9,18.5,19.3,57.8,139,256,271,4.12,4.47,6.04,7.98,11.2,14.1,17.3,17.5,15.2,10.8,6.32,3.54,53.8,1121.9,0.709,0.989,1.88,3.64,8.07,169,160,151.7,122.5,94.2,65,40.1,26.4,20,32.8,96.4,143.8,28936.9,2,558.2,403,18,20.44,0.81,54.07,0.03,0.77,7.24,1.536192,23.17,48.15,28.68,2.43
579,55.7,753,9.06,-4.47,1.56,66,65.4,78.9,87.8,66.2,33.7,57.3,53.2,49.6,57.1,68.7,69.2,-9.23,-8.01,-4.48,-0.313,5.09,10.5,13.7,13,9.03,2.38,-4.58,-9.07,64.5,288.2,0.134,0.174,0.247,0.773,3.88,2.1,1.1,1.1,8.6,43.2,69.7,65.5,41.8,25,17.1,8.7,4.3,1571.9,2097,3033.1,3071,29.6,0.19,7.36,58.49,1.03,0.25,2.65,1.709928,48.27,34.47,17.26,0.72
580,64.5,942,6.99,-5.22,0.284,79.8,83.2,93.9,115,96.4,47.3,67.9,59.6,57.4,70.8,86.7,84.4,-9.62,-9.03,-5.8,-2.26,3.28,9.2,12.4,11.5,7.5,0.905,-5.64,-9.63,65.3,597.8,0.0874,0.147,0.41,1.37,5.82,7.7,3.6,2.2,6.4,44.8,88.7,123.5,120.1,91.5,62.6,31.2,15.5,104.8,2444,3234.3,3301,38.9,0.49,17.2,45.08,15.5,0.36,0.8,1.633728,56.54,32,11.46,0.57
581,44,1810,5.53,-4.19,0.701,133,110,139,129,180,207,211,195,142,110,121,131,-9.52,-7.72,-3.85,-0.452,3.69,7.72,10.4,10.3,6.76,2.9,-3.84,-8.52,74.9,1830,1.56,2.24,3.8,6.66,12.6,59.5,47.7,70.9,129,311,332,238,189,157,130,95.7,69.7,66.6,1014,1894,1907,39.3,4.7,27.9,16.9,0,0,2.3,0.49,40.1,39.6,39.6,1.5
582,37,1810,6.97,-2.51,2.32,129,108,136,130,183,207,206,196,146,113,123,129,-7.81,-6.15,-2.29,1.07,5.5,9.54,12,11.8,8.27,4.41,-2.2,-6.75,75.9,1630,1.53,2.61,3.76,5.9,9.13,76.3,66.4,93.2,126,223,245,212,168,139,113,88.3,77.5,1281,434,1610,1670,36.5,6.4,18.4,35,0.5,0.4,4.4,0.54,45.5,35.8,35.8,1.5
583,37,1690,5.94,-2.72,1.72,109,92,117,129,168,192,193,189,142,119,128,114,-8.24,-6.85,-3.02,0.363,4.7,8.91,11.5,11.3,7.71,3.71,-2.73,-7.19,76.8,1160,1.25,1.83,2.5,4.05,6.9,51.8,48.1,61.2,83.1,158,188,155,114,98.2,81.7,64.1,54.8,6301.1,394,1769,1845,34.3,11.7,23.5,27.5,0.6,0.3,3.2,0.89,62.2,24.5,24.5,1.1
584,14,1740,11.5,2.25,6.91,119,101,126,124,183,198,199,193,144,108,117,124,-3.02,-1.82,2.08,5.88,10.9,14.4,16.5,16.1,12.4,8.44,2.21,-1.77,50.1,1150,0.618,1.1,1.97,3.6,9.36,63.2,57.1,102,119,123,130,119,110,98.2,72.5,72.5,79.4,195.6,395,760,673,19,24.3,0.9,45.9,0,0,20.9,0.79,46.9,37,37,1.4
585,9,1610,12.3,3.97,8.13,124,101,123,116,161,168,175,160,131,104,119,129,-1.54,-0.751,3.19,7.39,12.2,15.6,17.6,17.3,13.5,9.35,3.49,-0.128,42.8,1060,0.466,0.825,1.48,3.16,10.4,91.2,80.3,121,82.3,80.8,96.8,85.5,73.7,77.4,71.5,86.4,110,102.4,397,634,611,8.9,62.3,0,31.7,0,0,5.9,1.24,47,29.8,29.8,0.5
586,39,1880,6.17,-3.49,1.33,132,110,140,131,194,223,227,210,149,112,120,132,-8.6,-7.01,-3.28,0.0145,4.24,8.35,10.9,10.8,7.28,3.45,-3.19,-7.58,65.3,1700,0.871,1.41,2.87,6.59,13.6,37,30.7,66.9,141,347,322,241,167,134,98.3,68.9,47.4,247.9,1109,1938,1950,38.1,1.9,22.6,16.1,0,0,0.8,0.34,37.3,41.3,41.3,1.9
587,24,1780,9.01,-0.387,4.35,121,101,129,130,193,213,217,199,146,104,110,121,-5.4,-4.23,-0.528,3.05,7.91,11.7,13.8,13.6,9.96,6.06,-0.159,-4.12,66.3,1260,1.06,1.66,2.64,4.36,8.08,70.5,58.4,112,141,168,144,129,116,100,78.6,70.7,73,198.1,807,1275,1237,27.4,20.3,4.3,46.8,0,0.7,4.2,0.72,38.5,39.2,39.2,1.5
588,29,1780,7.84,-1.86,3.03,100,89.7,123,124,196,215,223,223,156,116,107,104,-7.02,-5.36,-1.65,1.67,6.43,10.4,12.5,12.3,8.83,4.97,-1.39,-5.84,79.1,1140,1.09,1.55,2.55,4.31,6.68,40.9,33.1,49.5,87.4,166,176,158,128,105,82.3,62.4,50.4,203.6,957,1769,1765,47.8,0.2,47.1,27.8,0,0,0.2,0.31,38.2,40.4,40.4,1.9
589,29,1770,7.99,-1.99,3.1,99.1,88.6,120,124,199,217,225,223,156,112,104,101,-7.08,-5.38,-1.56,1.84,6.61,10.4,12.6,12.3,8.89,5.07,-1.27,-5.81,71.9,957,0.674,1.05,1.98,3.67,6.33,26.7,22.3,48.9,99.6,170,143,119,105,82.5,58.8,45.8,34.6,45,1184,1782,1731,40.6,1.2,31.8,40.7,0,0,0,0.3,36.8,42.2,42.2,2
590,48,1640,4.15,-5.37,-0.534,117,97.1,123,115,159,189,199,182,129,103,111,116,-10.7,-8.94,-5.12,-1.58,2.48,6.33,9.15,9.09,5.52,1.62,-5.12,-9.7,72,882,0.621,0.864,1.61,3.29,6.79,22.4,19.2,29.9,53,143,184,143,99.7,70.7,53.4,36.4,26.9,727,775,2125,2200,38.5,3.9,35.6,18.9,1.1,0,2.1,0.55,55.7,28.3,28.3,1.3
591,43,1360,3.18,-5.79,-1.22,69.2,62,81.8,103,138,166,178,169,111,103,105,76.1,-11.4,-10,-6.23,-2.46,1.88,6.08,8.72,8.52,4.93,0.8,-5.7,-10.3,60.2,1650,0.241,0.345,1.13,7.37,17.2,9.67,7.28,8.72,20.2,144,341,448,390,175,65.5,24.3,13.9,72.5,1879,2776,2825,35.6,0.2,55.1,0.6,26.8,0,0,0.4,72.3,18,18,1.5
592,46,1420,3.61,-5.3,-0.746,90.2,76.7,98,106,141,164,171,161,114,99.8,106,93.6,-10.9,-9.45,-5.63,-1.94,2.31,6.35,9.16,9.02,5.38,1.31,-5.3,-9.81,74.8,913,0.702,1.16,1.76,3.58,6.14,32.2,29.6,34.6,45.2,111,166,157,122,78.9,58.7,43.5,34.4,5118.8,653,2212,2287,37.9,5.1,40.9,21.2,4.1,0.3,1.5,0.64,60.8,25.1,25.1,1.2
593,40,1730,4.66,-4.6,0.0177,94.9,84.9,116,124,178,211,229,221,144,114,110,99.7,-9.81,-8.36,-4.63,-1.17,3,6.94,9.64,9.51,5.94,2,-4.47,-8.88,80,643,0.657,0.837,1.41,2.42,3.85,23.6,18.9,23.8,35.4,84.5,105,92.1,83.7,60.8,49.2,36.7,28.8,204.7,814,2155,2200,39.6,4,42,22.4,2.2,0,0.9,0.51,61.2,25.4,25.4,1.5
594,44,1460,3.96,-4.98,-0.415,90.9,77.8,100,108,147,170,178,168,118,101,106,94.4,-10.6,-9.1,-5.26,-1.61,2.67,6.7,9.47,9.32,5.69,1.62,-4.98,-9.48,76.4,915,0.796,1.2,1.79,3.56,5.98,33.7,30.9,35.6,45.9,110,162,155,121,79.7,60.2,44.6,36,5771.6,568,2138,2230,37.4,5.9,38.7,23.5,3.7,0.3,2,0.63,58.9,26.4,26.4,1.3
595,36,1550,5.57,-2.99,1.18,85.4,77.1,106,117,156,187,201,190,125,109,108,92.2,-8.51,-7.22,-3.47,-0.0393,4.05,8.33,11,10.8,7.01,2.81,-3.41,-7.65,77,1010,0.883,1.21,2.11,3.83,6.61,33.2,26.1,33.4,55.8,147,179,150,118,88.8,75.9,60.4,44,341.8,1005,1912,1907,39.1,7.8,23.6,30.4,0.4,0,1.3,0.51,57.5,27,27,1.4
596,37,1600,5.66,-3.15,1.17,91,81.7,112,118,161,192,203,194,130,110,108,96.7,-8.52,-7.16,-3.45,-0.0916,4.06,8.25,10.9,10.7,6.99,2.87,-3.38,-7.63,76.3,842,0.831,1.14,1.74,2.95,5.66,29.7,24.3,34.7,59.9,138,144,109,88.3,69.1,59.7,48.5,37.2,61.5,1009,1923,1948,33.8,9.7,13.4,34.7,0,0,2.4,0.55,62.1,24.7,24.7,1.4
597,36,1630,5.59,-3.14,1.16,89.1,80.3,110,120,164,197,213,203,133,111,110,95.4,-8.6,-7.27,-3.49,-0.0294,4.14,8.31,11,10.8,7.01,2.83,-3.48,-7.74,77.9,930,0.814,1.08,1.87,3.69,5.97,29.3,24,30.3,49.5,126,162,149,121,84.5,66.4,50.4,37.5,854.4,567,1899,1901,37.8,7.9,25.8,32.2,2.4,0,2.4,0.56,56.5,27.7,27.7,1.3
598,42,1500,4.46,-4.44,0.0807,91.3,79,103,110,152,176,185,176,122,104,107,95.3,-10,-8.55,-4.72,-1.12,3.18,7.23,9.94,9.78,6.13,2.05,-4.5,-8.96,78.6,946,0.955,1.31,1.9,3.63,5.89,37,33.6,39.3,49.6,114,162,154,122,82.9,63.8,48.1,39.9,7230.7,522,2046,2130,37,6.9,35.2,26,3.3,0.2,2.6,0.62,57.2,27.6,27.6,1.3
599,44,1480,4.17,-4.17,-0.11,85.5,76.9,105,110,145,177,186,175,121,104,104,90.8,-9.54,-8.32,-4.86,-1.53,2.58,6.73,9.42,9.31,5.67,1.74,-4.36,-8.64,62.3,1450,0.681,1.66,3.34,5.7,9.26,65.9,67.5,66.9,82.2,158,205,217,201,140,95.5,78.5,68.8,610.9,622,2130,2182,43.3,4.9,43.2,19.9,5.2,0.7,0.5,0.49,64.9,23,23,1.4
600,43,1490,4.48,-3.94,0.165,86.3,77.6,106,110,147,179,188,177,122,104,104,91.5,-9.32,-8.07,-4.57,-1.25,2.89,7.07,9.72,9.6,5.95,2,-4.13,-8.41,64.7,1390,0.747,1.69,3.23,5.4,8.62,62.3,63.3,64.7,82.1,157,196,206,190,133,92.5,74.6,64.8,696.3,570,2057,2118,42,6.5,38.7,21.8,4.5,0.6,1.1,0.51,62.6,24.4,24.4,1.4
601,24,1870,9.54,-0.445,4.58,112,98,133,134,203,232,236,218,164,114,109,114,-5.52,-3.95,-0.332,3.15,8.48,12.1,14.1,13.9,10.3,6.38,0.06,-4.36,61.8,1190,0.994,1.44,2.23,3.91,8.74,58.5,55.5,119,164,152,124,119,111,92.3,70.4,65.6,62.5,272.6,529,1238,1230,33.5,4.6,3.3,78.4,0,0.1,0.3,0.45,36.5,42.1,42.1,1.8
602,29,1750,8.51,-1.62,3.44,104,92.3,127,122,183,210,215,208,156,114,107,106,-6.53,-4.96,-1.34,2.06,6.91,10.9,13.1,12.8,9.22,5.27,-1.17,-5.5,73.1,1100,0.997,1.5,2.38,3.95,6.9,39.9,35.9,72.2,117,169,148,128,114,96.8,73.5,56.7,46.8,322.3,524,1325,1293,28.6,19.7,2.5,45.2,0,0,2.3,0.66,49.5,32.6,32.6,1.1
603,40,1540,5.02,-3.9,0.607,92.7,80.8,107,112,156,182,190,181,127,105,106,96.6,-9.43,-7.97,-4.19,-0.635,3.74,7.79,10.4,10.2,6.6,2.54,-3.96,-8.39,79.8,1010,1.1,1.48,2.12,3.83,5.93,41.3,37.8,46.8,60.6,122,162,155,127,89,68.4,52.7,44.7,9310,484,1940,2007,36.3,8.4,31,29.2,2.9,0.3,2.6,0.62,56,28.5,28.5,1.3
604,30,1740,8.35,-1.74,3.26,105,93.9,129,121,179,206,210,205,158,116,108,107,-6.61,-5.12,-1.54,1.84,6.6,10.7,12.9,12.7,9.03,5.09,-1.31,-5.56,66.2,1110,0.8,1.27,2.15,3.92,8.19,35.7,32.4,75.8,145,199,135,121,112,94.5,67.8,53.6,42.2,153,735,1407,1434,29.5,14.3,0.3,38,0,0,4.6,0.65,53.4,29.8,29.8,1.1
605,28,1790,9.03,-1.18,3.93,109,96.2,132,125,186,214,218,208,161,117,109,111,-6.07,-4.5,-0.882,2.55,7.54,11.5,13.6,13.4,9.7,5.71,-0.719,-5.03,66.9,1040,0.817,1.3,2.08,3.69,7.07,39.7,36.7,88,139,155,116,113,104,87.7,64.3,54.2,46.1,147.4,669,1262,1224,27.4,20.5,3.1,43.3,0,0.2,4.1,0.62,48.5,33.3,33.3,1.3
606,28,1840,8.98,-1.04,3.99,115,101,138,129,191,221,224,209,166,119,112,117,-6.01,-4.44,-0.862,2.59,7.63,11.5,13.6,13.4,9.75,5.77,-0.611,-4.97,69.8,1200,1.17,1.72,2.51,4.11,7.53,52.9,49.9,111,157,162,124,119,110,107,83.1,68.4,56.2,701.4,589,1200,1163,27.8,16.8,1.2,50.6,0,0,4.3,0.62,46.5,34.5,34.5,1.3
607,41,1610,4.98,-3.79,0.533,94.8,85,117,115,155,190,201,193,140,111,107,98.8,-9.06,-7.79,-4.26,-0.833,3.4,7.53,10.1,10,6.34,2.38,-3.84,-8.1,70.3,1300,0.643,0.962,2.08,5.47,10,24.5,19.6,30.8,60.2,179,248,254,208,123,75.8,44.1,31,582.6,783,1912,1933,36.6,8.2,32.3,28.8,5.1,0.1,1.6,0.56,61.7,24.5,24.5,1.3
608,38,1610,5.16,-2.8,1.12,91.5,84.5,116,113,143,187,205,194,142,117,113,99.1,-8.48,-7.34,-3.69,-0.179,3.98,8.24,10.8,10.7,6.88,2.71,-3.32,-7.48,80.7,1170,1.32,1.72,2.63,4.23,6.69,47.4,39.1,51.2,76.6,151,181,167,132,105,89.1,71.4,57.1,242.2,917,1862,1854,37.8,8.9,17.1,24.9,1.3,0,0.9,0.57,61.6,24.7,24.7,1.3
609,39,1500,4.9,-2.83,0.955,83.4,79,108,108,134,175,188,178,134,114,111,92.5,-8.51,-7.43,-3.83,-0.393,3.67,8.07,10.6,10.5,6.67,2.54,-3.39,-7.56,68.5,1560,0.824,1.53,2.93,6.12,11.4,48.7,42.6,45.1,73.4,233,282,263,195,143,111,75.8,48.9,220.7,837,1890,1935,39.7,3.4,27,24.8,0.9,0.2,2.4,0.54,61,25,25,1.4
610,37,1620,5.85,-2.7,1.53,95,86.3,119,114,152,189,202,193,144,115,110,100,-8.19,-6.9,-3.27,0.207,4.54,8.72,11.2,11.1,7.32,3.23,-2.94,-7.18,79.9,1300,1.39,1.92,2.91,4.91,7.25,54.2,46.5,59.9,84.2,164,193,189,160,123,94.9,72.4,57.8,2143,598,1740,1726,36.8,10.6,20.2,32.1,2.7,0.5,2.1,0.6,57,27.3,27.3,1.3
611,38,1470,5.59,-2.54,1.44,85,79.8,108,105,136,169,176,169,132,110,106,93,-8.09,-6.91,-3.34,0.0299,4.28,8.65,11,10.9,7.14,3.09,-2.88,-7.09,67,1140,0.725,1.12,2.05,4.12,9.07,28.6,22.9,38.5,93,230,200,150,115,97,75.7,55.3,36.8,144.6,880,1695,1720,39.4,7.2,13.3,35.3,0,0,1.4,0.61,55.2,28.4,28.4,1.2
612,31,1890,8.65,-0.769,3.94,132,113,150,130,189,218,222,201,167,120,118,132,-6.14,-4.64,-1.01,2.42,7.52,11.6,13.6,13.5,9.76,5.68,-0.524,-4.99,67.5,1060,1.06,1.49,2.14,3.47,7.15,57.1,52.7,111,145,130,106,101,91.4,85.1,65.2,61.6,57.5,171.7,628,1208,1154,29.8,15.9,7.8,62.6,0,0,1.1,0.55,42.5,38.1,38.1,1.5
613,30,1950,8.91,-0.527,4.21,135,115,153,134,196,227,232,207,172,122,120,135,-5.92,-4.38,-0.756,2.71,7.9,11.9,13.9,13.7,10,5.95,-0.259,-4.75,62.5,1430,0.971,1.57,2.75,5.05,9.99,60.3,55.9,124,175,209,185,156,133,118,79.4,69.1,65.2,394.5,471,1196,1139,31.1,14.7,10.8,60.1,0,0,1.4,0.51,42,38.2,38.2,1.6
614,35,1670,6.71,-2.03,2.3,103,92,125,117,160,193,202,191,148,116,111,107,-7.54,-6.16,-2.52,0.939,5.5,9.64,12,11.8,8.09,4.01,-2.17,-6.48,78.5,1250,1.37,1.83,2.88,4.53,7.15,51,45.3,70.6,104,171,174,167,145,114,84.3,66.4,55.1,3555.7,463,1576,1528,35.4,12,17.1,40.7,1.7,0.3,2.1,0.55,51.7,31,31,1.4
615,34,1730,7.26,-1.57,2.83,109,96.4,131,121,169,202,211,196,154,117,113,113,-7.08,-5.68,-2.03,1.49,6.18,10.2,12.5,12.3,8.6,4.51,-1.67,-6,77.8,1270,1.41,1.9,2.95,4.54,7.13,55.3,49.2,78.3,109,171,175,163,143,115,84.3,67.7,59.1,4425.7,408,1479,1419,34.3,12.9,16,43.3,1.3,0.4,2.8,0.56,49.6,32.4,32.4,1.5
616,29,1750,8.57,-1.38,3.57,107,95.3,132,122,179,207,212,205,159,118,110,109,-6.45,-4.89,-1.23,2.2,7.01,11.1,13.2,13,9.37,5.36,-1.05,-5.35,68.7,1070,0.773,1.2,2.1,3.85,7.96,32.3,29.1,65.9,136,211,144,114,102,88.9,63.7,50.7,37.9,150.8,846,1534,1547,31.5,9.7,0.2,41.6,0,0,2.4,0.64,57.3,27.7,27.7,1.1
617,27,1920,9.08,-0.582,4.28,124,107,145,132,198,229,236,214,173,122,116,125,-5.79,-4.22,-0.598,2.96,8.04,11.8,13.9,13.7,10,5.98,-0.302,-4.7,70.9,1220,1.17,1.74,2.64,4.24,7.38,57.9,53.3,100,143,171,145,129,114,102,75,66.3,61.6,1139.1,416,1193,1166,31.9,13,7.9,58.4,0,0.1,3.6,0.59,42.1,37.3,37.3,1.4
618,30,1750,8.05,-0.906,3.56,112,97.8,133,121,174,205,213,198,156,117,112,115,-6.41,-5,-1.3,2.32,7.11,11,13.2,13.1,9.29,5.19,-0.98,-5.3,77.2,1240,1.43,1.91,2.87,4.33,6.94,57.9,52,84.4,115,165,164,151,134,110,80.5,66.7,60.9,6120,387,1339,1274,31.4,17,13,44.7,1,0.4,3.8,0.59,47.3,33.6,33.6,1.6
619,11,1450,12.4,3.48,7.92,103,84.8,113,97.7,148,159,165,160,128,96.5,93.5,106,-2.21,-1.26,3.02,7.62,12.4,15.6,17.6,17.3,13.2,8.85,3.13,-0.838,75.9,719,0.85,1.18,1.67,2.37,4.24,66.4,61.9,79.2,69.1,53.7,64.2,59.8,62.4,50.4,45.9,47.4,58.1,66.6,498,563,564,6.2,62.5,0,13.4,0,14.8,7.8,0.78,40.4,35.4,35.4,1.2
620,10,1420,12.4,3.54,7.91,101,83.2,110,95.4,143,154,160,155,125,94.6,91.6,104,-2.16,-1.23,3.02,7.61,12.4,15.6,17.5,17.3,13.2,8.82,3.13,-0.808,70.6,516,0.554,0.767,1.09,1.62,3.3,48.2,44.9,60.9,47,37.7,47.5,41.6,45.7,34.4,31.3,32.8,44.4,136,455,553,541,6.1,66,0,17.6,0,7.3,8.1,0.9,40.7,34.2,34.2,4.4
621,10,1340,12.4,3.92,8.1,98.1,80.3,106,90.8,134,144,150,143,118,90.7,87.8,101,-1.89,-0.977,3.26,7.81,12.6,15.7,17.7,17.4,13.3,8.95,3.3,-0.576,75,326,0.406,0.55,0.745,1.07,1.9,30.1,28.2,36.9,30.7,25.6,27.6,25.4,26,23,21.3,23.1,28.2,446.9,350,551,550,7.4,48,0,39.7,0,2.2,8.4,0.8,41.3,34.3,34.3,2.1
622,8,1220,12.9,4.76,8.72,92.3,74.5,98.9,82.7,119,128,134,123,105,83.8,80.8,93.6,-1.2,-0.242,4.02,8.53,13.2,16.4,18.3,18.1,13.9,9.4,3.8,0.0455,72.4,505,0.779,0.896,1.06,1.35,2.84,49.2,44.7,55.4,39.1,39.3,42,38.5,39.6,34.6,34.9,38.3,49.5,314.9,328,495,484,7.4,67.4,0,26.6,0,0,5.9,0.69,41.9,34.3,34.3,0.7
623,6,1020,13.3,5.42,9.28,80.6,63,83.4,68.4,101,107,114,103,84.4,70.6,67.7,80.4,-0.786,0.302,4.6,9.22,13.9,17,18.9,18.7,14.4,9.77,4.16,0.501,55.2,435,0.355,0.481,0.692,1.16,3.47,50.6,47.4,61.5,35.4,32.5,30.2,25.9,24.9,22.1,24.5,31.9,48.3,340.9,308,422,403,6.1,80.5,0,13.7,0,0,5.4,0.71,46.5,29.3,29.3,0.7
624,10,950,12.1,4.45,8.23,73.8,56.9,74.3,63.4,95.2,101,115,99.1,75.8,62.8,60,72.3,-1.82,-0.849,3.32,8.09,12.8,15.9,17.8,17.7,13.4,8.85,3.28,-0.397,63.6,496,0.38,0.533,0.855,1.6,3.93,63.8,58.5,85.9,54.7,32.9,28.2,23.6,21.9,21.1,22.9,33,49.7,200.2,284,601,585,12.1,63.2,0,33.1,0,0,3.5,1.2,66.4,18.8,18.8,0.6
625,13,1010,11.1,3.61,7.37,79.2,59.9,78.2,67.7,100,108,122,106,79.6,64.3,63.3,77.2,-2.51,-1.74,2.28,7.09,11.9,15,16.9,16.8,12.6,8.14,2.58,-1.11,67.2,665,0.583,0.814,1.27,2.2,4.82,66.7,61.1,103,94.1,57.1,44.5,39.5,34.6,32.3,34.5,42.3,55.5,256.4,504,760,708,10.8,48.2,0,45.8,0,0,3.4,1.05,62.9,22,22,0.8
626,30,1900,8.58,-0.354,4.09,131,111,148,127,192,221,225,208,170,119,115,130,-5.79,-4.53,-0.977,2.49,7.63,11.7,13.7,13.6,9.87,5.73,-0.292,-4.64,61,2060,1.11,1.86,3.56,7.78,16.3,68,58.1,133,242,429,313,213,162,161,114,94.4,72.7,317.4,526,1325,1347,26.8,6.2,19.1,41.5,0,2.2,2.9,0.47,39.2,37.8,37.8,1.5
627,31,1890,8.49,-0.537,3.96,131,112,148,127,189,218,222,204,168,119,116,131,-5.96,-4.64,-1.07,2.37,7.47,11.6,13.6,13.5,9.76,5.63,-0.447,-4.82,63.3,1830,1.13,1.88,3.4,6.9,13.4,64.7,52.7,104,182,332,281,217,175,156,109,87.3,65.7,615.2,506,1380,1406,28.8,4.3,19.8,44.4,0.8,2.6,2.4,0.44,38.1,38.6,38.6,1.6
628,30,1900,8.65,-0.393,4.12,132,113,149,128,190,219,224,205,169,119,116,132,-5.83,-4.51,-0.924,2.54,7.68,11.8,13.8,13.7,9.92,5.79,-0.294,-4.67,65.2,1800,1.27,2.03,3.47,6.69,12.5,70.9,58.8,113,183,310,264,207,169,152,108,88.7,70.9,720.2,459,1309,1286,28.8,4.6,18.4,47.8,0.6,2.2,3.7,0.46,37.7,39.4,39.4,1.6
629,27,1880,9.24,0.231,4.74,132,111,147,127,188,216,221,202,167,118,115,132,-5.26,-3.99,-0.37,3.23,8.48,12.4,14.4,14.3,10.5,6.35,0.306,-4.04,64.3,1660,1.23,1.96,3.34,6.17,11.2,79.1,67.5,129,183,263,218,176,146,138,98.3,87.2,79.2,1223.4,422,1185,1116,29.8,5,13.7,54.5,0.4,2.5,3.5,0.47,37.4,40.6,40.6,1.6
630,16,1620,11.4,2.75,7.06,117,96.4,127,109,164,178,185,174,143,104,103,118,-2.88,-2.01,1.84,6.16,11.3,14.7,16.6,16.5,12.5,8.29,2.55,-1.46,65.9,1130,1.27,1.51,2.27,3.88,7.86,93.7,81.8,125,117,103,106,97.9,93.5,88.7,67,69.2,84.7,462.9,466,700,666,16.6,27.2,1.1,47.7,0,14.6,6.5,0.56,40.6,36.5,36.5,1
631,11,1370,12.2,3.8,7.94,101,82.6,110,92.5,137,145,151,145,120,91.2,89.7,103,-2,-1.19,2.93,7.55,12.3,15.5,17.5,17.3,13.3,8.9,3.26,-0.626,64.9,610,0.703,0.901,1.19,1.72,3.95,60.3,54.3,76.7,55.2,46.8,49.2,45.2,44.2,40.6,37.5,43.2,57,447.1,419,603,581,9,50.4,0,42.4,0,0,6.6,0.59,42.2,34.6,34.6,0.8
632,13,1490,11.8,3.31,7.52,109,89.4,118,101,150,161,168,159,131,97.6,96.1,110,-2.42,-1.59,2.4,6.87,11.8,15.1,17.1,16.9,12.9,8.61,2.92,-1.02,69,887,1.11,1.32,1.83,2.89,5.63,78.9,69.4,102,87.7,76.3,79.3,73.2,71.2,66.1,54.2,56.7,71.9,949.9,411,647,602,12.7,39,0.5,44.2,0,7.1,7.4,0.58,41.5,35.5,35.5,0.9
633,12,1450,12,3.53,7.71,107,87.4,116,98.5,147,157,163,155,128,95.5,94,108,-2.25,-1.41,2.62,7.14,12.1,15.3,17.3,17.1,13.1,8.75,3.07,-0.856,69.8,823,1.06,1.27,1.72,2.65,5.03,72.9,64.7,94.5,81.3,69.8,72.3,67.9,65.9,61.5,51.1,53.5,67.4,1256.1,348,623,579,12.3,42.1,0.4,42.4,0,5.5,8.1,0.57,41.5,35.3,35.3,0.9
634,20,1650,10.6,2.03,6.32,118,98.5,130,112,167,184,189,177,146,106,104,119,-3.66,-2.62,1.22,5.31,10.4,14,15.9,15.8,11.9,7.63,1.78,-2.35,68.6,1250,1.23,1.76,2.77,4.39,7.47,78.1,69.5,112,130,163,143,122,107,101,75.7,70.8,74.4,2740.9,341,882,725,20.9,23.6,6.6,48.4,0.2,4.5,6.4,0.53,39.4,37.8,37.8,1.2
635,21,1630,10.3,1.56,5.89,113,95.1,127,111,171,185,186,178,146,104,99.9,113,-4,-3.03,0.749,4.87,9.95,13.5,15.5,15.3,11.4,7.21,1.42,-2.73,66.8,1220,1.04,1.68,2.63,4.13,7.49,81.6,68.4,116,127,144,136,117,103,97.6,75.6,72.1,81.6,326.1,442,912,853,32.3,9.2,7.7,73.2,0,0.3,2.5,0.48,36.9,42,42,1.7
636,19,1560,10.9,2.23,6.53,109,91.4,122,107,164,175,176,170,139,100,96.5,109,-3.43,-2.47,1.43,5.72,10.7,14.2,16.1,16,12,7.73,1.96,-2.13,65.6,1060,0.949,1.46,2.23,3.48,6.87,72.8,61.8,105,109,121,115,99.3,89.5,86.6,67.2,65.1,72.7,445,358,813,748,26.2,20.8,5.6,64.3,0,0.2,3.4,0.53,38.2,40,40,1.4
637,19,1610,10.8,2.24,6.51,115,96,127,109,164,179,184,173,143,103,101,116,-3.47,-2.45,1.43,5.58,10.6,14.2,16.1,16,12.1,7.77,1.94,-2.17,70,1210,1.25,1.8,2.72,4.22,7.06,77.5,68.8,109,125,154,137,117,104,98.4,74.1,70.2,74.7,3387.1,309,844,700,20.6,26.6,6.1,48.3,0.1,3.7,6,0.54,39.4,37.8,37.8,1.2
638,13,1460,12.3,3.23,7.75,101,84.3,113,102,158,164,164,161,132,94.4,90.5,101,-2.47,-1.46,2.73,7.47,12.3,15.5,17.5,17.2,13.2,8.7,2.96,-1.14,68.6,874,1.11,1.39,1.81,2.56,5.21,78.9,68.3,95.8,84.9,77.9,71.2,67.9,68.2,66.6,58.3,61.1,75,40.5,414,655,600,21.2,33.4,0,52.7,0,0,13.1,0.71,39.5,39.2,39.2,1.3
639,12,1370,12.5,3.65,8.08,95.7,79.6,106,95.6,147,152,152,149,123,89.4,85.7,95.6,-2.09,-1.09,3.13,7.86,12.6,15.8,17.8,17.5,13.4,8.94,3.24,-0.78,59.6,629,0.613,0.816,1.15,1.79,4.56,59.7,53.6,76.2,54.5,50.5,48.9,44.5,47.1,47.6,41.5,45.3,59.8,147.2,339,529,464,12.3,63.7,0,27.3,0,0,8.8,0.72,41.7,34.1,34.1,0.9
640,10,1220,12.9,4.23,8.5,86.8,71.9,95.5,85.4,129,133,134,130,109,81.3,77.9,86.3,-1.61,-0.576,3.64,8.31,13,16.2,18.2,18,13.8,9.25,3.61,-0.332,62.6,513,0.55,0.727,0.98,1.44,3.5,50.2,45.1,61.8,43.1,40.8,40,36.3,38.3,37.1,33.5,37.7,48.9,365.3,270,440,404,8,72.9,0,17.8,0,0,8.3,0.72,42.1,32.9,32.9,0.7
641,9,938,12.5,4.63,8.5,66.6,53.4,72,65.6,98.9,105,116,99.9,77.9,60.9,56.9,64.8,-1.65,-0.603,3.62,8.42,13.1,16.3,18.2,18.1,13.7,9.05,3.49,-0.297,58.2,270,0.162,0.257,0.43,0.83,2.22,31.9,31.6,49.2,29.3,18.6,16.3,13,16,10.6,11.7,16.5,25.4,257.7,247,548,557,10.2,59,0,32.9,0,0,7.9,1.01,56.1,26.5,26.5,0.7
642,36,1520,7.16,-1.78,2.62,99.9,89.4,119,106,150,171,170,165,136,106,103,104,-7.18,-5.85,-2.22,1.16,5.79,10.1,12.3,12.1,8.36,4.24,-1.82,-6.18,76.8,1060,1.16,1.54,2.32,3.67,6.58,42.1,36.9,59.3,105,176,148,121,101,91,72,58.1,47.7,648.8,725,1504,1492,32.9,11.1,12,50.2,0,0,2.2,0.51,47.7,33.9,33.9,2.4
643,30,1480,7.67,-1.06,3.21,89.6,80,108,99.8,151,177,181,175,134,101,92.6,92.4,-6.7,-5.41,-1.75,1.8,6.74,11,13,12.8,8.91,4.59,-1.3,-5.65,68.6,419,0.45,0.595,0.8,1.2,3.03,18.3,16.1,24.5,44.2,87.4,49.9,41.3,35.1,30.6,28.1,23.1,19.9,194.3,644,1467,1511,33.6,9.2,0.9,40.7,0,0,1.3,0.63,53,30.1,30.1,1.2
644,28,1520,8.16,-0.781,3.63,91.6,81.5,110,103,158,182,187,179,138,102,92.9,94.1,-6.39,-5.05,-1.4,2.23,7.34,11.4,13.4,13.2,9.34,5.01,-0.896,-5.31,76.1,986,1.09,1.48,2.11,3.28,6.5,41.4,36.2,58.4,108,183,124,100,86,77.5,66.7,56.8,47.3,155.9,644,1430,1453,33.4,8.6,0.5,48.1,0,0,1.4,0.65,53,30.2,30.2,1.1
645,32,1580,7.69,-1.09,3.23,101,89.5,120,107,158,184,186,178,141,106,101,104,-6.66,-5.34,-1.69,1.78,6.65,10.9,13,12.8,8.96,4.72,-1.28,-5.63,72.5,969,0.937,1.34,2.01,3.41,6.4,37.9,33,61,107,169,129,105,86.2,80.9,65.2,52.9,41.9,2132,627,1419,1421,31.9,12.6,8.6,47.6,0,0.1,2.2,0.58,49.2,32.3,32.3,1.6
646,28,1440,8.1,-0.909,3.54,83.2,75.3,102,99.8,155,175,178,172,133,97,87.2,86.7,-6.46,-5.16,-1.59,2.14,7.41,11.3,13.2,13,9.23,5,-0.792,-5.32,76.1,837,0.911,1.25,1.82,2.88,5.29,35,30,48.2,91,144,104,92,75.8,70.4,57.7,48.1,40.2,368.7,633,1316,1321,31,12.1,3.6,54.2,0,0.1,2.4,0.72,55.9,28.1,28.1,1.1
647,31,1560,7.84,-0.97,3.37,98.8,87.5,117,106,159,184,186,178,141,105,98.6,101,-6.56,-5.24,-1.6,1.93,6.89,11.1,13.1,13,9.09,4.84,-1.13,-5.51,73.8,960,0.965,1.36,2.03,3.36,6.15,37.6,33.5,59.8,105,164,125,104,86.6,82,64.5,53.9,43.3,2651,617,1382,1377,31.5,12.7,7.8,49.1,0,0.1,2.3,0.61,50.2,31.6,31.6,1.5
648,27,1500,8.8,0.218,4.45,95.4,84.1,111,104,157,177,177,169,136,99.3,94,97.9,-5.52,-4.3,-0.655,3.22,8.37,12.2,14.2,14,10.1,5.81,-0.0252,-4.44,71.8,1040,1.06,1.55,2.29,3.65,6.3,53.7,47.4,85.4,123,155,119,104,88.1,85.1,67.9,59.9,55.5,4996.1,286,1191,1140,32.1,11.6,6.9,60.8,0,0.1,1.9,0.52,44.3,35.6,35.6,1.6
649,29,1840,8.49,-0.547,3.94,122,104,139,122,190,219,222,206,166,115,109,121,-5.95,-4.67,-1.11,2.4,7.55,11.6,13.6,13.5,9.66,5.48,-0.491,-4.86,66.5,1930,1.21,1.99,3.52,7.12,14.6,58.2,50.6,93.8,170,357,337,261,179,162,117,83.4,64.1,25.2,643,1343,1319,44.2,3.9,35,49.3,0,0,0,0.3,36.7,36.5,36.5,1.7
650,21,1590,10.3,1.32,5.77,105,89.5,119,108,169,186,188,179,144,101,95.5,105,-4.26,-3.12,0.645,4.75,9.96,13.5,15.4,15.2,11.3,7.07,1.27,-3.05,68.7,1310,1.2,1.8,2.83,4.55,7.92,74,65.7,116,141,177,158,132,112,105,79.9,72.4,74,898.1,302,938,851,30.9,16.2,7.8,63.8,0,0,2.6,0.4,36.4,40.9,40.9,1.8
651,26,1510,9.03,0.41,4.67,96.9,84.8,112,104,159,178,179,170,137,99.5,94.1,98.9,-5.32,-4.11,-0.438,3.47,8.63,12.4,14.4,14.2,10.3,6.02,0.186,-4.21,71.9,1090,1.12,1.61,2.39,3.87,6.49,57.4,50.7,90.9,127,161,126,108,92.3,88.5,70.4,62.2,58.9,5915.4,281,1149,1093,31.9,12.4,7,61.1,0,0,2.2,0.5,43.1,36.4,36.4,1.7
652,11,989,11.7,4.11,7.83,65.4,52.5,73.1,70.9,109,117,129,109,82,60.7,56.9,63.7,-2.26,-1.28,2.87,7.72,12.4,15.6,17.5,17.4,13.1,8.44,2.9,-0.921,64.2,323,0.272,0.383,0.592,1.03,2.42,28.2,26.3,49.3,42.8,27,25.1,23.7,27.2,17.6,15.9,17.7,22.6,604.7,253,687,683,11.1,47.6,0.1,48,0,0,3.5,0.88,55.4,27.2,27.2,0.9
653,12,996,11.6,4.13,7.8,65.5,53.1,74.1,72.8,109,119,127,108,84.2,61.2,58.3,63.7,-2.26,-1.31,2.8,7.65,12.4,15.5,17.5,17.3,13,8.42,2.9,-0.969,66,386,0.346,0.491,0.744,1.21,2.86,30.4,28.5,55.5,55.8,32.9,33.8,30.2,31.6,21.6,19.1,20.9,26,303.1,234,688,725,12.1,43.3,0,51.8,0,0,3,0.66,59.4,25.1,25.1,1.2
654,12,922,12,4.39,8.08,61.7,51.1,70.6,67.9,98.7,108,110,95.5,81.8,59.6,57.5,59.9,-1.95,-0.99,3.06,7.88,12.6,15.8,17.8,17.6,13.3,8.69,3.23,-0.67,66.6,419,0.388,0.545,0.819,1.37,2.89,35.6,34.7,59,56.6,39.1,36.1,31.4,28.8,24.4,20.6,23.5,29.3,164.7,233,712,714,14.7,27.3,0,70.3,0,0,1.1,0.58,58.8,26.2,26.2,1.4
655,20,1420,10.7,2.39,6.51,94.8,81.9,104,100,153,162,159,153,129,92,91.1,97.6,-3.55,-2.55,1.2,5.83,11,14.3,16.1,16,12,7.68,2.04,-2.42,61.2,1240,1.14,1.57,2.27,3.92,8.95,88.4,76.9,136,161,143,111,101,93.8,98.7,73.7,75.5,84.6,506.9,391,920,874,29.6,11.3,1.6,81.1,0,0.1,1.8,0.34,34.5,41.8,41.8,1.9
656,16,1300,11.6,3.3,7.4,89.2,76,97.4,91.7,139,145,142,138,118,85.5,84.7,91.1,-2.73,-1.69,2.26,6.99,11.9,15.1,17,16.9,12.8,8.39,2.78,-1.55,60.4,889,0.817,1.12,1.61,2.75,6.16,71.1,65,106,103,92.8,75.3,69.2,64.4,66.3,51.6,56.2,68.2,1116.6,262,689,637,21.4,38.5,0.7,54.5,0,0.1,4.1,0.52,36.7,39.4,39.4,1.5
657,19,1400,10.7,2.81,6.71,91.6,80,102,100,153,162,159,151,128,89,89.1,94.8,-3.19,-2.38,1.35,6.08,11.2,14.4,16.3,16.1,12.1,7.8,2.26,-2.08,64.4,980,1.17,1.59,2.21,3.41,6.89,95.6,74.1,109,127,121,114,80.8,65.3,74.2,67,58.6,70.7,330.2,325,831,838,27.2,13,1.6,79.9,0,0.3,2.7,0.46,34.7,41.6,41.6,1.8
658,16,1300,11.5,3.48,7.4,87,75.2,96.8,93,141,148,145,138,119,83.9,84.1,89.4,-2.63,-1.72,2.18,7,11.9,15.2,17,16.9,12.7,8.34,2.79,-1.49,66.2,799,0.8,1.11,1.59,2.6,5.1,67.8,63,96.9,96,81.3,65.9,58,54.3,56.2,46.4,51.9,61.5,604.9,225,659,635,21.2,35.8,0.9,57.1,0,0.2,4.5,0.53,36.6,39.6,39.6,1.4
659,11,1050,12.8,4.79,8.75,71,61.2,81,76.5,112,118,114,107,97.7,69.5,69.5,71.7,-1.48,-0.438,3.72,8.68,13.4,16.7,18.6,18.4,14.1,9.3,3.77,-0.329,58.3,320,0.251,0.368,0.559,0.873,2.23,33.7,33.5,43,29,28.4,27.5,19.8,19.3,18.7,17.4,21,28.3,284.6,212,369,328,10,75,0,22.1,0,0,2.9,0.98,39,36.3,36.3,0.6
660,15,1200,11.7,3.76,7.66,77.6,68.5,89.3,87.3,132,139,136,127,112,77.6,77.5,80.2,-2.31,-1.46,2.45,7.34,12.2,15.4,17.3,17.1,13,8.49,3.04,-1.17,60,678,0.576,0.81,1.21,2.06,4.88,59.6,54,90,81.9,64.8,55,46.6,43,46.7,37.3,42.7,56,289.5,311,656,634,23.8,39.1,0,57.5,0,0,2.7,0.6,36.5,39.6,39.6,1.5
661,15,1240,10.8,2.96,6.85,85.8,70.7,92.3,87.8,129,139,145,134,105,83.4,82.3,89.1,-2.91,-1.93,2.07,6.22,10.9,14.3,16.4,16.2,12.2,7.84,2.04,-1.69,80.6,610,0.876,1.15,1.52,2.01,2.92,43.4,39.5,55,57.3,66.1,66.9,60.9,54.1,46.6,39.8,38.1,42,95970,194,822,585,15.1,43.7,5.1,36.6,0.3,0.7,5.4,0.96,46.7,31.6,31.6,1.5
662,15,1140,11.5,3.73,7.58,68.8,62.8,83,83.8,127,134,132,122,108,73.9,72.3,72.3,-2.3,-1.5,2.35,7.19,12,15.3,17.2,17,12.9,8.4,3.02,-1.13,71.4,612,0.766,0.963,1.26,1.87,3.72,51.4,47.3,74.5,69.1,59.7,53.6,47.4,44,43.1,36.8,38.4,47.1,733.3,294,695,667,25.7,20.1,0,74.4,0,0,3.6,0.48,35.2,41.5,41.5,1.7
663,14,1100,11.7,3.92,7.79,66.7,60.8,80.5,80.6,122,128,126,116,105,71.5,70.1,70,-2.13,-1.3,2.59,7.43,12.2,15.5,17.5,17.3,13.1,8.56,3.17,-0.957,29.5,174,0.0236,0.0409,0.0956,0.369,2.09,15.3,9.27,22.1,18.1,19.7,30,13.2,11.8,17.9,8.33,7.87,7.97,823.7,220,646,634,23.1,24.6,0,67.2,0,0,6.4,0.51,35.5,41.3,41.3,1.6
664,12,981,11.3,3.86,7.5,57.5,46.7,67.9,71.4,113,126,134,113,84.2,57.6,53.7,56.1,-2.53,-1.64,2.44,7.35,12.1,15.3,17.2,17.1,12.8,8.06,2.58,-1.21,66.4,277,0.226,0.35,0.545,0.882,1.94,22.4,21.5,37.3,39.6,26.1,24.2,20.9,24.3,14.2,13.5,14.1,18.7,621.8,507,752,743,9.1,48.6,0,47.6,0,0,2.9,0.5,70.2,19.2,19.2,1.5
665,11,921,11.6,4.12,7.83,52.9,43.3,63,66.9,106,119,126,106,80.7,54.7,51,51.9,-2.26,-1.33,2.76,7.69,12.4,15.7,17.7,17.5,13.1,8.31,2.84,-0.955,70.5,212,0.253,0.308,0.409,0.693,1.39,19.7,17.3,24.1,26.9,19.1,18.4,15.7,19.4,11.5,12.1,12.3,15.2,1150.2,262,676,664,8.5,48.7,0,47.5,0,0.1,2.5,0.5,57.5,27.2,27.2,1.2
666,11,882,11.7,3.97,7.8,50.3,41.9,60.6,64,101,115,117,98.9,79.4,54.1,49.9,49.5,-2.22,-1.3,2.69,7.55,12.3,15.6,17.6,17.4,13.1,8.31,2.92,-0.93,68.8,184,0.203,0.27,0.362,0.559,1.19,14.8,13.4,23.4,21.2,18,16.4,15.6,17.2,10.3,10.2,10.4,13.2,305.9,231,685,702,10.1,49,0,48,0,0,3,0.63,43.7,35.8,35.8,1
667,14,1220,10.9,3.09,6.96,83.8,69.1,90.4,86.3,127,137,143,131,103,81.7,80.5,86.9,-2.83,-1.84,2.16,6.36,11.1,14.5,16.5,16.3,12.3,7.92,2.13,-1.6,80.5,586,0.868,1.11,1.45,1.9,2.84,41,37.8,53.8,53.5,63.8,64,57.2,51.6,46.5,40.7,38.4,38.1,101536.6,160,801,577,14.8,44.2,4.8,36.8,0.3,0.6,5.4,0.95,46.4,31.9,31.9,1.4
668,9,825,13.3,5.51,9.39,46.2,44.8,60.7,60.3,91.4,94.8,94,87.9,82.9,56,55,50.5,-0.817,0.273,4.28,9.19,13.9,17.3,19.4,19.1,14.7,9.84,4.47,0.373,52.8,232,0.148,0.223,0.361,0.615,1.86,20.2,20.5,39.1,21.1,22.8,25,12.7,15.4,14.1,11.5,12.3,17.6,265.7,192,424,434,12.2,23.7,0,64.2,0,0.2,10.9,0.52,37.5,38.3,38.3,1.3
669,12,938,12.2,4.54,8.36,52.1,50.1,68.3,69,105,110,109,102,93.2,62.5,60.1,56.3,-1.54,-0.615,3.23,8.03,12.7,16,18,17.9,13.6,9,3.72,-0.328,62,333,0.336,0.422,0.577,0.9,2.5,29,28.1,50.1,36.6,32.7,28.8,22.7,21.9,19.8,17.1,18.8,27.6,186,338,590,570,20.6,24.7,0,72.6,0,0,2.7,0.46,36.6,39.1,39.1,1.5
670,11,932,12.5,4.75,8.59,51,49.5,67.5,68.5,105,109,109,102,92.7,62.5,59.7,55.5,-1.39,-0.429,3.47,8.31,13,16.3,18.4,18.1,13.8,9.2,3.88,-0.186,66.6,300,0.339,0.429,0.576,0.834,1.99,25.7,25.2,42.2,32.1,29.1,25.8,21.8,19.9,19.1,17,17.7,24,287.3,279,550,534,18.7,21,0,74.1,0,0,4.5,0.5,36.3,38.5,38.5,1.5
671,9,813,13.4,5.56,9.5,45.4,44.3,59.5,59.3,90.1,93.2,92.7,86.8,81.6,55.5,54.5,50.1,-0.795,0.328,4.37,9.32,14.1,17.5,19.6,19.3,14.9,9.95,4.55,0.401,74.6,250,0.345,0.429,0.54,0.743,1.42,21.5,21.4,32.1,26.1,24.5,21.4,17.3,16.7,16.4,15.2,16.7,20.9,1028.9,155,380,377,10.9,35.5,0,46.3,0,0.1,16.1,0.73,36,40.5,40.5,1.2
672,13,1050,11.9,4.16,8.01,55.7,54.3,73.5,77,120,126,126,117,102,69.5,64.7,60.8,-1.93,-1.05,2.84,7.68,12.4,15.7,17.7,17.5,13.3,8.73,3.41,-0.733,78.5,346,0.52,0.628,0.779,1.06,1.88,29.8,27.5,40.7,37.2,32,30.1,27.2,25.2,23.3,22.4,23.4,27.2,284.1,307,686,678,25.1,10.1,0,85.8,0,0,3.7,0.4,33.7,40.8,40.8,1.8
673,12,1020,12.2,4.39,8.27,54.1,52.9,71.6,74.6,116,121,121,113,99.8,67.8,63.4,59.3,-1.74,-0.81,3.11,7.99,12.7,16,18,17.8,13.6,8.94,3.6,-0.545,78.6,269,0.395,0.476,0.607,0.833,1.45,23.9,22.2,32.1,29.6,24.8,22.7,20.8,19.2,17.6,16.8,18.2,21.1,315,221,631,643,22.1,14.7,0,76.1,0,0,7.6,0.4,34.2,40.8,40.8,1.8
674,10,888,13,5.16,9.1,48.2,47.5,63.2,64.8,100,103,103,97.2,88.2,60.6,58.2,53.7,-1.17,-0.101,3.93,8.89,13.7,17.1,19.1,18.9,14.5,9.64,4.24,0.028,88.9,460,0.874,1.02,1.18,1.41,1.9,41.6,38.8,47.3,44.6,39.7,35.9,34,33.3,33.3,34.9,36.2,40.1,534.9,152,457,418,14.3,38.1,0,48.4,0,0.2,8.8,0.7,33.9,43.2,43.2,1.4
675,14,1210,11,3.16,7.03,82.8,68.5,89.6,85.6,126,136,142,130,103,81.1,79.9,86,-2.78,-1.79,2.22,6.43,11.1,14.5,16.6,16.4,12.4,7.97,2.19,-1.56,80.5,573,0.858,1.08,1.4,1.86,2.8,39.8,37.1,52.7,52.2,62.2,62.3,55.7,50.3,45.5,39.9,37.8,37.4,103992.7,139,790,571,14.7,43.9,4.7,36.9,0.3,0.6,5.8,0.95,46.2,32.2,32.2,1.4
676,12,925,11.5,3.89,7.66,56.3,45.4,65.1,66.6,106,110,124,107,79.1,55.2,53.6,56.4,-2.31,-1.46,2.63,7.48,12.2,15.4,17.3,17.2,12.9,8.24,2.79,-0.931,63.5,260,0.197,0.295,0.483,0.825,1.99,19.9,18.9,34.2,35.8,24.2,24.2,20.2,23.7,14.1,14.1,13.3,17.5,267.6,482,700,673,9.2,42.6,0,52.2,0,0.1,4.3,0.57,75.5,15.8,15.8,1.6
677,10,844,12.1,4.51,8.29,49.6,40.4,58.4,60.6,97.7,102,113,97,75.6,51,49.1,49.4,-1.84,-0.904,3.23,8.2,12.9,16.2,18.2,18,13.6,8.68,3.21,-0.479,52.3,198,0.0878,0.158,0.287,0.595,1.73,18.5,18.8,35.4,22.8,15.5,14.4,11.6,15.4,8.3,9.88,10.9,16.1,175.5,491,581,574,4.5,66.9,0,27,0,0,5.7,0.43,44.1,35.7,35.7,1
678,11,743,11.8,4.28,8,48.5,38.9,54.7,52.3,80.6,84.4,95.5,79,67.1,46.2,47.5,48.3,-2.01,-1.12,2.87,7.76,12.5,15.8,17.8,17.6,13.3,8.49,3.1,-0.648,58.6,196,0.0997,0.182,0.326,0.632,1.6,21,22.7,36.1,23.1,11.9,12,11.7,13.5,8.54,10.8,11.3,13.6,154.7,458,574,568,5.9,55.4,0,42.7,0,0.2,1.6,0.94,48.3,31.8,31.8,1.4
679,10,730,12.1,4.58,8.32,45.1,36.9,51.6,51.8,80.6,85.3,94.8,79.6,67.3,45,45.9,45.7,-1.86,-0.882,3.17,8.15,13,16.2,18.3,18.1,13.6,8.71,3.3,-0.524,63.7,129,0.123,0.169,0.237,0.377,0.99,11.2,11.8,19.1,17.2,10.6,10.3,9.64,10.4,6.8,6.84,6.62,8.02,2382.3,281,526,520,5.5,65.1,0,30.2,0,0.4,3.6,1.07,45.1,32.9,32.9,0.7
680,9,706,12.5,4.93,8.73,42.3,36.2,47.9,49.4,76.3,82.6,89.2,77.7,67.1,44.7,46.6,45.8,-1.74,-0.64,3.47,8.59,13.5,16.8,18.9,18.7,14.1,9.1,3.72,-0.383,69.6,92.5,0.0942,0.131,0.175,0.293,0.664,8.55,9.48,15.2,11.8,6.81,6.75,5.35,5.62,5.1,6.06,5.73,6.1,12623,153,423,451,6,64.9,0,27.8,0,0.6,5.6,1.2,43.6,33.8,33.8,0.7
681,13,1110,11.3,3.62,7.41,74.8,62.4,81.2,78.4,116,125,131,119,95.6,73.9,73.7,78.4,-2.58,-1.54,2.49,6.91,11.7,15.1,17.1,16.9,12.8,8.24,2.55,-1.31,80.5,464,0.728,0.908,1.18,1.56,2.26,35.6,33.1,46.5,46.1,51.1,53.2,44.2,43.2,38.1,32.1,30.4,31.1,131384,133,703,526,12.9,47.6,3.7,35.5,0.2,0.6,5.9,1,45.4,32.7,32.7,1.3
682,18,1210,10.4,2.76,6.58,67.2,63.5,84.3,89.3,139,148,146,135,114,78.2,73.5,71.6,-3.18,-2.46,1.26,5.98,10.9,14.2,16.1,15.9,11.9,7.55,2.21,-2.01,65.7,667,0.658,0.906,1.28,2.11,4.62,46.7,42.5,76.1,91.2,74,60.5,55.9,49.7,48.6,38.8,39.1,43.6,252.3,569,956,876,29.3,5.4,1.1,87.9,0,0,0.4,0.34,34.9,42,42,2
683,18,1190,10.4,2.67,6.49,63.2,60.7,81.1,87.7,138,148,146,136,112,77.7,71.3,67.8,-3.3,-2.54,1.18,5.89,10.8,14.1,16.1,15.9,11.8,7.43,2.11,-2.11,72.9,574,0.685,0.9,1.22,1.85,3.49,37.6,34.1,56.4,71.4,71.1,56.6,51.1,46.1,43.3,36,34.8,36,472.2,435,974,895,29.2,8.4,2.8,79.1,0,0,2.6,0.38,35.9,41.1,41.1,1.8
684,16,1150,10.9,3.11,6.97,59,57.6,77.5,84.4,134,143,141,132,110,75.7,68.6,64.1,-2.93,-2.11,1.7,6.49,11.4,14.7,16.6,16.4,12.3,7.82,2.49,-1.72,NA,140,4.79e-4,0.0103,0.0992,0.484,1.59,6.49,5.21,15.3,24.9,23.1,15.4,12.8,9.9,13,4.86,4.78,4.76,716.6,344,871,817,25.1,15,2.1,72.1,0,0,5.5,0.4,35.6,40.1,40.1,1.7
685,11,1000,11.7,3.74,7.7,44.3,46.8,64.2,72.7,120,128,123,120,99.5,70.6,60.4,51.3,-2.41,-1.4,2.5,7.38,12.1,15.5,17.5,17.3,13,8.4,3.09,-1.17,77.4,272,0.351,0.454,0.611,0.892,1.52,17,15.3,22,26,29,29.1,26,26.1,22.6,20.6,18.7,19.1,412.9,307,760,692,18.4,31.7,0,62.9,0,0,3.7,0.69,46.6,33.8,33.8,1
686,11,957,12.3,4.5,8.41,48.3,48.5,64.7,69.8,111,117,114,110,94.1,65.7,60.3,54.3,-1.83,-0.794,3.19,8.12,12.9,16.3,18.4,18.1,13.8,9.03,3.64,-0.617,75.8,170,0.207,0.288,0.386,0.546,1,12.6,11.5,16,19,18.6,16,14.1,13.4,12.4,12,11.6,12.4,1982,139,602,549,15.4,35,0.8,53.3,0,0,7.7,0.67,37.4,40.2,40.2,1.3
687,10,935,12.5,4.68,8.58,47.5,47.8,63.2,68.2,108,113,111,106,92,64.2,59.6,53.6,-1.72,-0.653,3.36,8.32,13.1,16.6,18.6,18.3,14,9.18,3.78,-0.494,78.6,122,0.152,0.215,0.291,0.415,0.633,9.11,8.81,11.7,13.5,13.3,11.4,10,9.39,8.63,8.15,8.43,9.33,2131.3,127,570,502,14.5,38.8,0.8,49.9,0,0,7.5,0.72,36.7,40.9,40.9,1.3
688,7,751,14.1,6.02,10.1,38.6,40.1,52.8,54.2,84.7,83.9,83.3,83,76.9,54.6,53.2,45.7,-0.487,0.788,4.95,10,14.8,18.3,20.4,20.1,15.5,10.5,5,0.691,75.9,91.6,0.123,0.158,0.207,0.284,0.495,7.77,7.67,9.77,9.2,9.02,7.78,6.4,6.44,6.89,6.49,6.46,7.74,383.7,122,259,229,6.1,59.2,0,27.8,0,0,12.5,1.13,34.6,42.9,42.9,0.8
689,11,896,11.7,2.84,7.37,39.4,42.9,55.9,65.9,105,111,101,104,88.6,71.8,62.1,48.6,-3.2,-1.75,2.38,7.19,11.9,15.3,17.3,17,12.8,8.11,2.7,-1.85,76.1,284,0.39,0.484,0.62,0.874,1.62,17.3,17.1,23.5,25.7,25.3,27.1,26.7,29.6,25.3,22.6,22,21.3,300.8,370,768,746,18.3,40.1,0,53.1,0,0,4.9,0.41,37.8,38.7,38.7,1.5
690,8,804,13.3,4.3,8.86,35.1,40.7,51.4,59.4,90.5,97.5,86.3,90.8,81.2,64.5,60.3,46.1,-2.08,-0.401,3.95,8.92,13.6,17,19.1,18.7,14.4,9.45,3.87,-0.792,65.2,229,0.225,0.321,0.447,0.681,1.54,14.9,16.9,20.6,17.2,17.9,20.6,19.1,20,20.3,19.4,21.1,20.5,986.5,231,499,407,13.4,50.9,0,43.2,0,0.1,5.1,0.54,41.2,35,35,1
691,11,999,11.3,3.16,7.28,43,45.8,62.5,72.2,118,128,122,120,99.2,75.2,62,50.7,-2.94,-1.81,2.13,7,11.8,15.1,17.1,16.9,12.6,7.96,2.64,-1.67,80.2,298,0.444,0.536,0.673,0.943,1.61,20,18.1,23.7,25.5,26.7,28.9,28.2,30,26.2,25.6,22.5,22.2,285.5,365,843,824,15.7,42.2,0,53.2,0,0,2.6,0.64,45.1,35,35,1.1
692,8,904,12.8,4.23,8.56,38.1,42,56.9,65.3,105,114,107,107,91.1,70.5,59.7,47.1,-2.14,-0.705,3.53,8.58,13.3,16.7,18.7,18.4,14,9.05,3.57,-0.883,74.2,199,0.266,0.34,0.432,0.597,1.14,13.7,14.6,18,16.8,17.6,18.7,16.6,17.9,16.5,16.3,16.1,15.8,925.1,234,577,475,11.1,51.4,0,43.4,0,0,4.6,0.66,44,34.2,34.2,0.9
693,14,1040,10.7,2.58,6.64,47.2,48.6,65.2,76.2,123,132,125,123,101,77.5,65.2,54.4,-3.51,-2.43,1.48,6.24,11.1,14.4,16.4,16.2,12,7.44,2.12,-2.23,80.3,382,0.546,0.696,0.892,1.23,2.02,23.1,20.6,29.8,40.8,40.5,37.4,37.1,36.1,31.6,31.3,26.9,26.4,408,465,1001,982,21.4,29.6,0,66.3,0,0,1.5,0.63,44.6,35.6,35.6,1.2
694,9,895,12.7,4.11,8.44,38.6,42.5,56.6,65.3,103,112,104,105,89.5,69.7,60.5,47.8,-2.27,-0.813,3.42,8.43,13.2,16.6,18.6,18.3,13.9,8.98,3.48,-1.01,74.8,230,0.314,0.392,0.502,0.718,1.28,15.1,16,21,21.1,21.8,22.1,19.8,21.5,18.9,18.2,17.5,17.5,1956.3,224,606,459,12.8,48.5,0,46.6,0,0.1,3.8,0.64,43.8,34.3,34.3,0.9
695,7,823,13.3,4.96,9.17,36.3,40.3,54.2,59,92.3,101,93.8,93.5,84.3,65,57.9,45.6,-1.5,-0.116,4.1,9.18,13.9,17.3,19.4,19.1,14.6,9.64,4.14,-0.314,69.2,138,0.156,0.212,0.282,0.421,0.881,9.79,10.9,12.4,11.6,12.4,14.6,11.9,11.5,11.1,9.52,11.3,11,664.1,238,469,403,9.8,47.8,0,45.6,0,0,6.3,0.67,42.6,34.6,34.6,0.8
696,6,809,14,5.27,9.74,34.4,39.2,52.4,58.2,90.6,99.8,91.8,92.7,82.9,64.8,57.8,44.5,-1.29,0.328,4.76,9.97,14.7,18.1,20.2,19.8,15.3,10.1,4.47,-0.0907,56.9,105,0.0969,0.139,0.184,0.256,0.741,7.5,10.1,9.41,7.9,8.16,11.5,7.38,6.95,8.7,7.69,10.6,8.89,89.2,237,338,337,7.1,34.6,0,53.6,0,0,9.2,0.73,44.2,33.5,33.5,0.8
697,6,775,14.4,5.58,10,33.7,38.6,50.8,55.8,85.2,94.5,85.3,87.1,79.4,62,57.9,44.3,-1.08,0.578,5.07,10.3,15,18.4,20.5,20.2,15.6,10.4,4.73,0.105,44.9,105,0.062,0.0973,0.143,0.223,0.928,7.64,11.2,13,6.74,7.66,10.1,6.09,6.53,7.76,9.1,9.06,10.2,316.4,210,300,298,7.9,45.8,0,47.4,0,0.3,5.7,0.53,42,34.5,34.5,0.9
698,6,768,14.4,5.7,10.1,33.7,38.5,50.7,55.3,84.1,93.5,84.1,85.9,78.8,61.4,58,44.4,-0.994,0.657,5.15,10.4,15.1,18.5,20.6,20.3,15.7,10.5,4.82,0.19,47.1,98.7,0.0571,0.0979,0.144,0.228,0.864,7.33,10.2,12.2,6.77,7.33,9.37,5.72,6.04,7.3,8.3,8.83,9.26,400.4,200,291,288,7.6,43.4,0,50.6,0,0.2,5,0.53,42.1,34.5,34.5,0.9
699,8,820,13.1,5.03,9.04,37.2,40.9,55.1,59.2,92.7,98.4,93,92.7,84.1,63.6,57.4,46,-1.43,-0.165,3.93,8.93,13.6,17.1,19.2,18.9,14.4,9.56,4.12,-0.251,70.5,171,0.184,0.258,0.362,0.553,1.09,13.1,12.2,18.3,16.6,16.7,16.9,12.6,13.1,12.6,11.9,13.2,14.5,265.3,285,554,555,13.7,36.4,0,60.3,0,0,3.1,0.72,44,34.5,34.5,0.9
700,36,1350,5.7,-2.39,1.54,74.7,71.6,95.5,95.5,128,158,163,156,122,101,98.6,83.4,-8.02,-6.88,-3.33,0.0874,4.52,8.87,11.2,11,7.23,3.12,-2.74,-7.01,75.2,803,0.774,1.13,1.73,2.84,5.12,32,26.8,37,59.4,126,126,107,78.9,65.3,60.6,48.2,36.2,366.9,1010,1751,1774,34.4,8.6,12.3,38.8,0,0.1,1.9,0.6,53.4,29,29,3.1
701,35,1390,6.67,-1.7,2.34,84,77.7,103,96.8,136,160,160,156,125,100,97.5,90.5,-7.32,-6.13,-2.53,0.882,5.45,9.85,12,11.9,8.02,3.83,-2.09,-6.34,71.5,1040,0.776,1.16,2.01,3.63,8.02,29.8,23.7,34.8,78.5,207,189,134,96.2,83.3,72.1,55.7,39.1,77.1,1097,1822,1869,37.2,3.2,25.1,34.7,0,0,0.3,0.6,55.2,28.6,28.6,1.3
702,34,1350,6.69,-1.57,2.42,79.3,74,98.5,94.6,133,158,159,155,123,98.9,95.7,86.2,-7.27,-6.09,-2.47,0.979,5.61,9.96,12.1,12,8.08,3.87,-2.01,-6.27,72.2,931,0.738,1.1,1.81,3.29,6.92,28.4,22.7,34.4,69.4,174,164,121,88.2,76,66.1,50.5,36.1,377.9,1019,1733,1759,34.7,11,18.4,36.6,0,0,1.5,0.65,51.4,29.8,29.8,4
703,34,1320,6.41,-1.8,2.18,73.6,70.2,93.6,93.3,128,155,158,153,120,98.6,95.5,81.8,-7.52,-6.33,-2.72,0.757,5.38,9.67,11.9,11.7,7.86,3.68,-2.18,-6.48,76.4,807,0.816,1.15,1.77,2.84,5.01,30.8,25.3,37.2,67,135,118,94.6,76.2,67.6,64.8,53,37,955,933,1698,1698,32.2,10.2,12,42.8,0,0,1.7,0.63,51.7,29.8,29.8,3.2
704,28,1240,7.33,-1.12,3.02,64.2,62.4,83.8,88.6,126,150,151,148,114,93.4,87.6,72.6,-6.92,-5.68,-1.98,1.77,6.65,10.7,12.8,12.6,8.66,4.39,-1.34,-5.77,75.3,616,0.607,0.88,1.34,2.16,3.84,23,18.9,28.9,53.4,100,85.1,72.9,60.4,52.1,50.1,41.6,29.5,2367.5,700,1554,1530,29.4,13.3,5.9,51.5,0,0,1.5,0.65,50.9,30.9,30.9,1.9
705,27,1240,7.52,-0.99,3.19,63.8,61.9,83.6,88.8,128,151,152,149,114,92.6,85.8,71.9,-6.8,-5.56,-1.84,1.97,6.89,10.9,12.9,12.7,8.82,4.53,-1.19,-5.64,76.2,617,0.634,0.903,1.37,2.18,3.8,23.8,19.6,29.4,54.5,101,84.1,71.4,59.3,52,49.6,41.7,30.4,2957.5,646,1513,1493,29.1,13.8,4.9,52.2,0,0,1.8,0.66,50.4,31.3,31.3,1.7
706,20,1260,9.68,2.08,5.82,67.9,64.6,85,93.2,145,158,156,146,115,83.1,75.5,71.9,-4.02,-3.21,0.446,5.03,10.2,13.6,15.5,15.3,11.2,6.79,1.38,-2.86,75.1,605,0.724,0.972,1.32,1.96,3.7,32.6,30.2,54.6,86.3,80,57.4,54.9,51.5,46.5,40.5,36.1,34,727.7,570,1094,1075,26.6,10.2,1.9,76.4,0,0,3.7,0.57,44,35.6,35.6,1.4
707,23,1230,8.62,0.265,4.37,62.6,60.8,81.3,88.6,134,152,151,147,114,87.9,79.8,69.7,-5.72,-4.55,-0.776,3.38,8.43,12.1,14.1,13.9,9.92,5.56,-0.0549,-4.5,77.6,557,0.637,0.905,1.28,1.91,3.23,24.8,21.4,33.6,56.4,83.5,67.2,60,52.6,46.8,43.7,37.2,29.6,6214,468,1302,1254,28.2,14.1,3.8,60.3,0,0,3,0.66,48.7,32.3,32.3,1.4
708,22,1200,8.92,0.515,4.65,60.5,59.2,79,86.5,131,148,147,144,111,86.5,78.1,67.7,-5.49,-4.3,-0.475,3.75,8.78,12.5,14.4,14.2,10.2,5.8,0.213,-4.25,78.4,533,0.627,0.883,1.24,1.83,3.01,24.2,21,32.8,53.7,78,63.8,57.4,50.6,45.3,42,35.8,28.9,6993.3,341,1247,1201,28,14.5,3.4,61.6,0,0,3.3,0.65,48.1,32.7,32.7,1.4
709,21,1180,9.11,0.676,4.84,59.4,58.5,77.9,85.5,130,146,144,142,110,85.6,77.5,66.8,-5.35,-4.13,-0.279,3.97,8.99,12.7,14.6,14.4,10.4,5.96,0.371,-4.11,79.1,527,0.642,0.904,1.25,1.8,2.86,24.4,21.3,33.8,51.5,72.3,60.4,57,50,45.4,42.5,38,30.1,7295.5,291,1212,1177,27.1,15.3,3.2,60.2,0,0,4.7,0.66,47.8,32.8,32.8,1.4
710,14,1040,10.8,1.51,6.2,40.7,46.9,62.7,76.2,121,136,128,128,99.1,78,67.6,51.4,-4.3,-3,1.11,5.77,10.7,14.1,16,15.7,11.7,7.22,1.84,-2.87,69,381,0.37,0.529,0.776,1.2,2.51,18,15.3,23,31.8,39,37.6,41.5,40.7,38.8,39.8,29.8,25.6,210.5,391,915,877,25.8,18,0,69.5,0,0,5.6,0.52,45.6,34.6,34.6,1.2
711,11,1010,11.6,2.2,6.93,38.7,46.7,61.5,75,117,132,122,123,97.5,76.9,67.9,50.6,-3.74,-2.3,1.93,6.67,11.5,14.9,16.8,16.5,12.4,7.84,2.42,-2.33,63.1,379,0.307,0.512,0.796,1.24,2.52,22.5,21,29.8,29,31.9,33.5,38.9,37.7,38.5,38.2,30.6,27.5,756.2,319,818,769,18.7,29.9,0,59.5,0,0.2,4.7,0.57,45.7,34.3,34.3,1.1
712,9,1060,13,3.86,8.48,39,51.8,64.8,81.5,120,135,123,124,106,79.4,74.7,55.3,-2.52,-0.819,3.59,8.52,13.3,16.7,18.7,18.3,14,9.19,3.58,-1.19,65.1,423,0.461,0.6,0.805,1.24,2.9,26,27.9,39.6,37.7,39.4,35.6,31.6,32,38.8,39.6,38.1,36.7,1102.5,263,590,410,14.3,39.1,0,54,0,0.2,4.5,0.64,44.4,34.3,34.3,0.9
713,31,1440,5.82,-3.27,1.21,60.7,64.1,87.9,115,153,174,179,166,124,119,121,75.6,-9.15,-7.31,-3.46,-0.144,4.25,8.79,11.1,10.9,7.32,3.19,-3.14,-8.41,82.2,671,0.897,1.12,1.57,2.26,3.69,34.4,27.1,33.5,52.2,81.8,85,71.9,63.3,53.4,58.5,65.4,44.1,162.1,1108,1839,1801,36.6,9.6,31,52.3,0,0,1.7,0.83,53.6,29.6,29.6,1.3
714,32,1360,5.81,-3.14,1.3,62.2,63.3,86.7,106,136,161,167,154,117,113,115,75.9,-9.14,-7.31,-3.35,0.0823,4.43,8.96,11.3,11.1,7.44,3.17,-3.21,-8.46,78,662,0.749,0.962,1.5,2.27,3.96,28.6,22.7,28.8,43.8,89.6,93.7,76.8,62.9,55.2,64.6,57,38.3,668,680,1849,1865,37.7,8.9,24.7,45.4,0,0,1.8,0.71,49,32.5,32.5,1.1
715,43,1340,3.92,-4.05,-0.18,72.8,68,92.4,102,124,158,169,155,112,104,105,81.7,-9.8,-8.59,-4.99,-1.55,2.55,6.9,9.56,9.44,5.72,1.64,-4.5,-9.04,70.5,1010,0.542,0.767,1.82,3.94,8.04,21.2,16.4,20.4,39.1,149,216,182,124,88.4,73.5,48.7,29.3,268.6,1096,2235,2280,39.2,4.1,40.8,23.6,0.7,0,0.6,0.59,61.4,24.3,24.3,2.7
716,42,1460,4.05,-3.55,0.159,80.5,74.5,101,108,129,171,187,172,124,111,111,89.2,-9.38,-8.31,-4.69,-1.16,2.95,7.22,9.92,9.83,6,1.83,-4.23,-8.58,71.7,1030,0.544,0.745,1.72,4.4,7.99,21,16.1,20.1,36.4,130,208,207,157,97.3,69.6,44.1,28.3,1198.7,667,2146,2223,39.7,6,39,26,4.2,0,0.9,0.59,61,25.1,25.1,1.6
717,34,1410,5.54,-2.56,1.46,71.5,70,95.2,108,133,164,173,161,123,115,115,83.9,-8.57,-7.13,-3.3,0.228,4.57,8.87,11.3,11.2,7.39,3.12,-3.01,-7.75,76,834,0.711,0.911,1.68,3.29,5.49,26.4,21.2,26.6,41.1,105,144,139,106,74,65.2,51.6,34.6,2561.4,555,1875,1921,37.5,8.5,27.7,38.2,2,0,1.6,0.64,53.5,30.2,30.2,1.4
718,29,1210,7.15,-1.23,2.93,60.2,63.3,83.4,93,119,138,137,134,113,101,99.2,73.8,-7.05,-5.76,-2.04,1.6,6.4,10.5,12.6,12.5,8.63,4.45,-1.31,-5.85,73.7,521,0.531,0.735,1.14,1.76,3.32,21.8,16.7,22.5,41,80.3,64.3,55.6,47,45,50.6,46.1,30.4,1035.5,556,1657,1678,32,8.9,13.7,42.9,0.8,1.6,2.4,0.65,52.3,30.5,30.5,1.1
719,33,1370,5.89,-2.13,1.84,69.6,69.2,93.5,104,129,158,165,156,122,112,111,82.3,-8.11,-6.75,-2.97,0.583,5.03,9.25,11.7,11.5,7.69,3.45,-2.54,-7.17,77.2,847,0.853,1.26,1.89,3.04,4.98,37.2,31.1,36.5,50.5,107,130,119,92.6,72,69.4,59,43.9,4789.6,523,1816,1850,36.4,8.6,24.2,38.8,1.7,0.4,1.9,0.64,54,29.6,29.6,1.3
720,21,1650,8.13,-0.443,3.95,70.1,76.8,104,134,174,185,174,173,158,157,152,92.6,-6.42,-4.7,-0.83,2.77,7.6,11.6,13.8,13.5,9.82,5.56,-0.398,-5.38,71.2,978,1.03,1.42,2.05,3.15,6.18,48.8,35.7,53.9,94.7,136,99.9,80.3,64.9,73.8,104,116,69.2,908.5,546,1341,1358,33.4,11.5,5.8,59.4,0,0.1,2,0.58,45,35.4,35.4,1.3
721,14,1730,9.75,1.82,5.83,78,87.2,108,144,181,186,164,171,166,170,169,109,-4.25,-3.02,0.682,4.67,9.75,13.4,15.6,15.4,11.4,7.15,1.58,-3.03,70,1250,1.36,1.86,2.58,3.87,7.68,72,54.8,73.4,119,153,122,99.6,74.8,98.6,137,146,99.3,188,593,1248,1196,38.9,5.9,10,69.6,0,0.5,2.4,0.77,39.7,38.1,38.1,1.4
722,19,1640,8.71,0.409,4.64,70.8,78.3,103,134,173,182,169,171,158,157,153,95.1,-5.7,-4.1,-0.244,3.51,8.42,12.3,14.5,14.2,10.4,6.13,0.278,-4.59,71.6,1010,1.11,1.53,2.15,3.25,6.38,52.7,39.5,58.5,99.3,135,101,81.8,66.2,77.5,108,121,73.9,1304.9,499,1255,1241,32.7,11.6,5.9,62.3,0,0.1,2.9,0.6,43.5,36.4,36.4,1.4
723,17,1060,9.4,0.213,4.86,44.5,47.8,64.6,79.9,116,133,129,128,99.7,83.5,76,55.7,-5.59,-4.22,-0.222,4.13,9.18,12.7,14.7,14.4,10.4,6.02,0.536,-4.24,79.4,347,0.464,0.613,0.814,1.13,1.9,20.2,16.7,22,28.6,33.8,30.3,32.2,34.7,34,35.2,33.2,26.3,469.4,602,1155,1120,23.1,25.1,0.2,66.3,0,0,1.6,0.71,46.4,34.1,34.1,1
724,19,1060,9.26,0.112,4.73,44.9,49.9,66.3,81.6,114,129,123,126,101,86.7,80.7,57.5,-5.64,-4.25,-0.368,3.88,8.89,12.4,14.5,14.2,10.3,6.04,0.569,-4.27,78.3,370,0.46,0.616,0.863,1.22,2.12,20.7,16.1,21,29,34.2,31.1,34.1,37.7,38.2,40.4,38.9,28.7,1061,579,1191,1131,23.5,21.3,0.1,66.2,0,0,1.1,0.72,47.9,33,33,1
725,10,1110,11.6,2.45,7.08,45.8,54.7,70.1,87.9,116,129,119,128,110,96.2,92.6,62.6,-3.71,-2.1,2.05,6.65,11.6,15.1,17.2,16.8,12.6,8.08,2.59,-2.33,69.1,323,0.3,0.456,0.657,1.06,2.18,21.1,17.8,30.3,34,24.2,21.2,23.8,23.5,27.1,31,38.8,30.6,87.2,500,783,781,16.9,38.4,0,57.9,0,0,2.1,0.7,43.8,35,35,1
726,9,1010,12.1,2.91,7.64,42.5,50.7,65.1,80.6,106,116,105,114,101,88,84.9,57.9,-3.29,-1.56,2.7,7.39,12.2,15.7,17.8,17.4,13.2,8.5,3.02,-1.92,75.3,287,0.371,0.485,0.641,0.933,1.75,23.4,22.7,31.5,25.2,18.5,17.9,18.6,22.1,29.7,24.4,32,29.9,380.7,463,798,799,17.4,40.2,0,56,0,0,2.5,0.68,44.3,35.1,35.1,1.1
727,8,1090,12.3,3.53,8.02,45.6,54.7,69.3,86.8,112,124,114,123,110,95.9,93.6,63.2,-2.9,-1.23,3.06,7.79,12.6,16.1,18.2,17.8,13.6,8.82,3.32,-1.56,78,348,0.484,0.602,0.766,1.1,2.08,27.5,23.6,32.9,35.2,27.1,23.2,24.2,23.5,26.6,31.6,38.7,34.5,817.9,410,675,615,13.9,37.4,0,48.7,0,2.9,9.4,0.76,42.7,36,36,0.9
728,13,1050,10.7,1.77,6.28,43.8,50.8,66,82.5,112,125,117,122,103,88.3,83.8,58.4,-4.33,-2.82,1.25,5.73,10.6,14.2,16.2,15.9,11.8,7.34,1.88,-2.98,81.8,352,0.52,0.665,0.838,1.14,1.82,23.3,19.4,25.6,31,33.6,29.3,30.5,30.6,31.1,33.8,34.8,29.5,2555.4,394,963,914,19.1,29.1,0.1,58.8,0,0.9,4.2,0.74,45.9,34.1,34.1,1
729,22,1300,8.44,0.297,4.38,59.9,64.4,84.8,102,130,150,147,145,122,111,109,76.1,-5.92,-4.47,-0.542,3.45,8.15,12,14.3,14,10.1,5.7,-0.0556,-4.8,80.4,761,1.05,1.39,1.9,2.56,3.7,43.4,37,48.6,61.7,84.5,86.9,73.4,68.2,69.9,59.4,73,54.7,11051.8,338,1349,1248,29,16.9,11.5,51.7,0.7,0.6,3.2,0.68,48.2,33.1,33.1,1.2
730,17,1070,9.5,0.474,5.03,38.8,46.6,62.7,83.2,125,145,135,131,102,79.8,71.2,51.5,-5.23,-4.01,-0.108,4.31,9.25,12.7,14.6,14.4,10.5,6.28,0.946,-3.84,79.1,419,0.566,0.743,0.992,1.37,2.23,22.7,19.2,25.8,37.4,45.8,40,42,41.7,40.5,38.7,35.7,29.3,380.2,512,1209,1186,20.9,24.1,0,65,0,0,1.4,0.66,49.1,32.6,32.6,1.1
731,16,1040,9.96,1.09,5.57,38.1,46.9,62.1,82.1,121,139,128,125,100,78.7,71.6,51.4,-4.77,-3.46,0.488,4.96,9.84,13.3,15.3,15,11,6.73,1.38,-3.42,78.9,382,0.521,0.673,0.89,1.23,2.09,21.7,18.1,22.8,31,38.2,35.1,39.3,38.5,38.2,36.3,35,27.9,715.6,410,1135,1133,20.9,26,0,60.5,0,0,2.9,0.65,49.7,32.2,32.2,1.1
732,15,1050,10.4,1.66,6.08,38.1,47.7,62.4,82.9,120,138,126,124,101,79.3,72.9,52.2,-4.37,-2.98,1.03,5.57,10.4,13.9,15.9,15.6,11.5,7.14,1.76,-3.04,80.3,385,0.552,0.713,0.922,1.23,1.97,22.4,19.3,25.8,33,40.1,36.7,37.5,37.5,36.5,35.2,33.1,27.7,954.5,354,1029,1030,20.1,31.2,0.1,57.2,0,0,3,0.66,48.4,32.8,32.8,1
733,8,1190,11.9,4.06,7.93,83.7,67.6,85.4,89.7,131,129,135,120,94.3,80.8,80.7,90,-1.25,-0.628,3.33,7.28,11.8,15.1,17.1,16.9,13,8.79,3.15,-0.00232,76.3,462,0.623,0.806,1.08,1.51,2.53,41.2,36.2,49.1,46.4,46.4,44,36.7,32.5,29.7,29.2,31.2,39.5,11378.7,415,698,655,8.1,55.1,0.4,32.8,0,0.3,6.7,1.16,44.9,30.6,30.6,1.5
734,7,1120,12.1,4.35,8.19,80.6,64.5,81.6,83.9,123,120,126,112,88.5,77.5,77.3,86.5,-1.01,-0.4,3.6,7.59,12.1,15.4,17.4,17.2,13.3,8.97,3.35,0.24,76,414,0.545,0.725,0.975,1.34,2.3,39,34.3,45.3,41,40,37.7,31.5,28.1,25.7,25.8,28.5,37,15131,395,646,603,7.4,56.9,0.3,32.1,0,0.3,6.5,1.17,44,30.6,30.6,1.5
735,9,1180,11.7,3.85,7.76,83.7,67.6,85.9,87.9,129,130,136,122,94.7,79.5,79.9,88.8,-1.55,-0.857,3.14,7.12,11.6,15,17.1,16.8,12.9,8.64,2.94,-0.302,78.1,493,0.683,0.903,1.22,1.6,2.54,41.7,37.3,49,46.6,49.4,49.7,42.7,37.7,33.6,32.6,33,39.7,20252.1,360,713,621,9.3,54.1,1.6,31.1,0,0.4,6.6,1.13,43.8,31.4,31.4,1.5
736,8,1150,11.9,4.07,7.95,81.6,65.6,83.5,84.8,125,126,132,118,92,77.5,77.9,86.6,-1.38,-0.673,3.34,7.35,11.9,15.2,17.3,17.1,13.1,8.79,3.1,-0.131,78.8,464,0.667,0.863,1.14,1.49,2.36,39.8,35.6,46.2,43.6,45.9,46,39.6,35.3,31.5,31,31.5,37.8,23031,337,679,589,8.7,55.9,1.4,30.1,0,0.4,6.7,1.15,44.4,31.2,31.2,1.7
737,8,1060,12.1,4.43,8.21,78.7,62.1,78.5,75.6,111,112,120,107,83.9,72.8,73.5,83.3,-1.26,-0.545,3.52,7.73,12.3,15.6,17.6,17.4,13.4,8.92,3.29,0.0319,78,386,0.538,0.697,0.93,1.25,2.03,36.9,32.8,42.5,37.5,35.3,35.2,29.9,26.7,24.4,24.9,26.9,33.5,37774.7,308,608,527,8.1,54.3,0.9,34.5,0,0.4,5.8,1.14,46.6,30.5,30.5,1.5
738,8,1100,12,4.26,8.09,79.5,63.4,80.9,78.6,116,119,126,114,88.7,74.5,74.8,83.9,-1.44,-0.672,3.39,7.59,12.2,15.5,17.5,17.3,13.3,8.85,3.18,-0.165,79.7,425,0.648,0.803,1.04,1.36,2.15,38.6,34.5,44.2,40.3,39,39.6,34.8,31.7,28.9,28.4,29.7,35.8,47517.8,300,628,532,8.8,52.6,1.3,34.4,0,0.7,6.4,1.14,45.9,31,31,1.6
739,24,1860,9.14,-0.132,4.52,132,109,138,132,197,217,221,203,149,109,119,133,-5.12,-3.98,-0.319,3.18,7.98,11.8,14,13.7,10.1,6.22,-0.06,-3.91,64,1480,1.15,1.9,3.09,5.11,9.92,85.5,70,127,154,202,183,149,128,116,92.8,86.2,90,955.3,656,1182,1087,24.6,29.9,4.3,30.7,0,0.8,4,0.93,43.4,33.6,33.6,1.8
740,15,1530,10.8,2.3,6.52,109,89.8,114,113,163,173,178,160,123,93.5,101,113,-2.89,-2.03,1.79,5.58,10.2,13.8,15.8,15.6,11.8,7.76,1.82,-1.66,61.3,827,0.503,0.973,1.73,2.92,5.84,53.3,44,76.7,85.7,106,102,79,66.4,61.4,50.3,47.5,54.9,2064.2,468,888,741,14,48.7,1.8,28,0,0.5,6.6,1.15,44.9,31.6,31.6,1.3
741,6,1100,12.6,4.38,8.43,77.3,62.6,79.6,83.6,121,122,125,112,90.2,73.4,75.5,82.8,-0.748,-0.142,3.88,7.87,12.4,15.6,17.7,17.4,13.5,9.18,3.57,0.476,79.6,408,0.663,0.794,0.965,1.23,2.07,37.9,34,39.8,34.2,34.1,35.2,31.3,31,29.5,30.5,32,38.6,951.9,430,595,579,5.4,66.9,0,25,0,0.2,6.5,1.3,50.9,27.1,27.1,2.5
742,5,905,12.8,5.17,8.96,73.6,57.3,71.9,63.9,93.5,86.5,94.5,81.7,67.5,68.2,67.6,78.6,-0.358,0.222,4.32,8.52,13,16.2,18.4,18.1,14,9.48,3.99,0.981,57.8,246,0.165,0.253,0.4,0.716,2.13,35.2,31.8,37.9,21.6,16.1,14.7,10.2,9.01,8.11,12.8,18.2,30.6,1569.5,401,475,470,5.2,69.1,0,24.3,0,0,5.1,1.21,35.2,30.5,30.5,0.7
743,23,1610,9.09,0.154,4.64,105,88.1,115,116,174,194,198,183,134,96.6,98.8,106,-5.16,-3.98,-0.0899,3.63,8.2,11.9,14.1,13.9,10.2,6.24,0.0828,-3.9,75.4,1080,1.39,1.8,2.5,3.67,5.89,61.5,56.1,75.5,88,129,143,127,107,89.8,80.5,64.3,59,2347.3,492,1215,1062,23.8,29.3,11.1,32.3,0,1.3,4.3,0.83,40.5,37.2,37.2,1.6
744,13,1510,11.2,2.5,6.85,106,87.1,111,115,163,174,178,160,124,90,97.9,108,-2.76,-1.93,1.99,6.07,10.8,14.2,16.2,15.9,12.1,8.11,2.24,-1.38,61.3,780,0.684,1.02,1.55,2.54,5.45,63.7,55.1,89,74.5,67,74.2,67,62.7,58.6,51.2,51.9,64.9,666.4,591,832,804,7.8,62,0,28.1,0,0.5,5.4,1.26,43.4,31.8,31.8,3.8
745,5,870,13.4,5.5,9.34,65.2,50.8,64.5,59.8,90.9,89.6,98.3,89.6,70.2,61,61.5,69,-0.196,0.6,4.73,9.02,13.6,16.8,18.9,18.6,14.5,9.84,4.21,1.01,81.8,262,0.485,0.55,0.617,0.732,1.21,24.9,23.5,26.4,20.9,20.3,20.7,20.1,20.4,18.9,20,21.2,24.7,368.3,358,448,452,6.2,69.9,0,24.2,0,0,5.4,1.3,47.2,29.9,29.9,0.5
746,8,892,11.9,4.38,8.16,77.1,57.1,70.1,59.9,81.8,84.7,94.1,84.4,68.8,65,68,80.9,-1.45,-0.853,3.22,7.85,12.6,15.7,17.7,17.5,13.3,8.62,3.21,-0.0422,66.8,320,0.278,0.41,0.607,1.04,2.33,43.4,36.5,47.9,31.5,19.4,18.9,14.8,12.9,14.3,20.2,25.3,34.5,2013.6,370,513,497,6.1,46.5,0,45.4,0,0.5,4.8,1.24,61.9,23.4,23.4,1.4
747,7,877,12.2,4.63,8.38,73.5,55.3,68.5,58.6,82.2,84.8,94.3,85.1,68,64,65.7,77.3,-1.27,-0.622,3.48,8.07,12.8,15.9,18,17.7,13.5,8.85,3.39,0.122,73.5,301,0.36,0.46,0.616,0.982,1.95,38,33.1,42.4,30.3,20.5,19.7,16.1,14.3,14.7,18.7,22.9,30.5,5433.7,334,504,490,6.9,45.5,0,46.7,0,0.5,4.2,1.17,56.4,26.7,26.7,1.4
748,9,880,11.9,4.28,8.07,73,55.4,68.8,58.7,81.4,85.6,95.5,86.4,69.4,63.6,65.2,76.9,-1.62,-0.933,3.16,7.74,12.5,15.6,17.6,17.4,13.2,8.63,3.15,-0.197,70.5,341,0.37,0.5,0.701,1.1,2.24,42.7,36.5,48.2,33.1,24,22.5,19.2,16.5,17,20.7,25.5,35.5,398.3,441,575,546,7.9,49,0,48.4,0,0.3,1.8,1.22,48,32.8,32.8,1
749,8,870,12.1,4.48,8.24,72.7,55,68.1,57.8,80.5,84.1,93.8,84.8,68.4,63.3,64.9,76.6,-1.48,-0.779,3.34,7.92,12.7,15.8,17.8,17.6,13.4,8.76,3.28,-0.0605,74.1,346,0.39,0.513,0.727,1.17,2.23,42.1,38.8,50,36.3,23.6,22.8,19.2,16.8,16.7,19.5,25.6,34.4,819.8,363,550,527,8,52.5,0,44.5,0,0.3,2.1,1.25,48.8,32.1,32.1,1.3
750,6,887,12.6,4.92,8.71,73.2,55.7,69.5,58.8,84.8,86.1,95.3,86.4,68.1,65.4,66.4,77.1,-0.877,-0.224,3.88,8.38,13.1,16.2,18.3,18,13.8,9.17,3.71,0.489,84.6,313,0.586,0.646,0.737,0.921,1.52,33.8,30.5,35.6,27.5,24.9,23.9,21.9,20.5,19.7,22.3,23.8,28.9,1100.9,343,464,458,7.1,42.7,0,47,0,0.1,4.8,0.96,57.2,26.2,26.2,1.2
751,10,1070,11.9,4.07,7.93,88.7,66.6,82.6,70.3,102,110,121,108,84.1,72.2,75,91.7,-1.97,-1.19,2.93,7.66,12.5,15.6,17.6,17.4,13.2,8.58,2.97,-0.586,72.2,450,0.54,0.687,0.962,1.47,2.84,49.2,42.2,58.3,49.6,36.1,32.3,28,26.5,24.6,27.1,32.6,44.2,2613.4,337,595,546,10.1,42,0,52.2,0,0.2,3.4,1.21,52.8,29.5,29.5,1.1
752,5,843,13.5,5.49,9.38,65.1,50.6,64.2,57,85.1,85.2,93.6,84.2,67.7,60.1,60.7,69.3,-0.282,0.574,4.73,9.11,13.8,16.9,19,18.8,14.5,9.84,4.22,0.952,76.3,197,0.289,0.363,0.447,0.572,1.03,20,19.7,22.3,16.1,14.7,15.2,13,12.9,12.1,14.3,16.4,19.9,402.6,324,418,420,5.3,75.4,0,19.3,0,0,4.9,1.3,46.4,30.7,30.7,0.5
753,11,1290,11.7,3.32,7.46,82.5,68.8,91.5,93.1,141,149,154,144,111,82.8,80.7,86.2,-2.28,-1.28,2.78,6.85,11.5,14.9,16.9,16.7,12.8,8.5,2.64,-1.04,83.4,633,1.08,1.31,1.58,1.98,2.85,48.3,43.6,53.8,55.2,59.2,62.5,60.4,58.1,52.1,47.3,44.3,48.2,8612.8,316,741,587,12.1,43.5,3.1,35.3,0,2,8.9,1.12,42.7,33.8,33.8,2.3
754,25,1700,8.83,-0.85,4.09,98.5,86.7,117,124,191,209,214,204,148,104,100,101,-6.12,-4.6,-0.766,2.93,7.86,11.5,13.6,13.4,9.84,5.94,-0.296,-4.75,75.3,1070,1.24,1.75,2.49,3.63,6.01,54.5,47,78.6,99.2,127,134,126,116,94.4,75.5,61.9,60,638.1,600,1200,1134,29.8,9.8,9.5,57.2,0.1,0.3,3.6,0.71,40.3,37.3,37.3,4.9
755,21,1660,9.75,0.202,5.05,97.7,85.3,115,122,187,203,208,196,145,102,98.2,101,-5.16,-3.74,0.173,4.08,9.01,12.5,14.6,14.4,10.7,6.74,0.564,-3.79,79.2,1120,1.79,2.27,2.67,3.29,5.79,80,70.3,82.7,91,105,122,119,114,100,86.1,76.2,75.8,1051.1,578,1049,957,23.8,19.9,6.5,52.4,0,0.9,3.9,0.85,40.7,36,36,6.5
756,12,1390,11.5,2.69,7.08,87.2,73.5,97.4,105,154,165,168,155,121,85.9,86.4,90.6,-2.86,-1.87,2.22,6.42,11.2,14.5,16.6,16.3,12.5,8.34,2.44,-1.46,77.2,658,0.836,1.16,1.61,2.26,3.46,48.4,42.9,56.7,60.2,62.8,67.4,63.2,62.4,54.2,47.3,43.3,49.1,993.4,532,776,671,11.2,41.8,0.7,40.8,0,6,5.1,1.19,43,32.6,32.6,2.8
757,11,1340,11.7,3.07,7.36,84.9,71.1,93.9,101,148,158,160,148,116,83.4,83.9,88.4,-2.48,-1.56,2.54,6.73,11.4,14.8,16.8,16.6,12.7,8.54,2.68,-1.11,76.9,591,0.742,1.03,1.44,2.04,3.11,44.8,39.8,52.1,54.8,55.7,59.5,56.1,54.3,47.6,42,38.9,45.3,1230.3,514,741,654,10,43.8,0.6,39.7,0,5.1,5.7,1.21,42.7,32.6,32.6,2.5
758,9,1250,12.2,3.8,7.92,80.7,67,88.1,92.9,137,145,147,137,108,79.5,79.4,84.6,-1.75,-0.925,3.19,7.37,12,15.3,17.4,17.1,13.2,8.93,3.15,-0.451,80.3,445,0.675,0.867,1.12,1.49,2.2,35,31.5,41,41.3,42.5,45.5,42,40.6,36.4,32.7,32.2,36,2212.9,464,669,610,7.4,44.7,0.3,35.1,0,5.5,9.9,1.25,41.8,33.3,33.3,2.4
759,7,1180,12.5,4.27,8.3,77.8,63.9,83.7,87.1,129,135,138,128,101,76.2,76,81.8,-1.31,-0.506,3.63,7.81,12.4,15.7,17.7,17.5,13.5,9.18,3.43,-0.0446,83.4,485,0.806,0.986,1.21,1.55,2.21,41,37.1,44.6,42.6,42.4,43.7,41.8,41.4,37.6,36.4,35.6,41.1,3097.2,416,620,571,6.7,52.5,0.2,29.6,0,4,10,1.27,42.8,32.7,32.7,2.2
760,21,1590,9.76,0.492,5.19,96.5,82.9,111,120,179,195,199,183,137,95.3,95.4,98.9,-4.93,-3.7,0.174,4.14,9.15,12.6,14.7,14.4,10.8,6.87,0.811,-3.43,68.3,948,1.01,1.44,2,3.03,5.91,57.6,47.8,80.2,100,106,106,99,95.3,77.5,62.4,55.8,60.3,298.8,592,1104,1062,24.6,17.9,2.5,66.8,0,0,1.7,0.93,40.6,36.3,36.3,1.2
761,7,1260,12.5,4.15,8.22,80.9,67,88.7,94,139,147,149,140,111,81,80.1,84.6,-1.42,-0.623,3.47,7.73,12.3,15.6,17.7,17.4,13.4,9.18,3.47,-0.108,90.4,491,0.853,1.06,1.29,1.59,1.99,39.1,35,40.1,41,42.7,43.9,46.7,46.6,41.7,39.9,36,37.8,326.6,583,636,636,5.1,33.7,0,35.6,0,18.4,7.9,1.3,42.4,32,32,5
762,5,1010,13.4,5.45,9.29,70.4,56.3,72.6,72.2,109,110,115,106,83.6,68.1,67.8,75.1,-0.0966,0.601,4.78,8.91,13.4,16.6,18.7,18.5,14.4,9.87,4.22,1.08,73.4,267,0.384,0.483,0.583,0.75,1.49,26.1,24.8,29.2,21.7,21.8,21.5,19,18.7,17.4,19.8,21.3,26.1,390.4,447,504,504,4.9,76.2,0,17.7,0,0,5.1,1.3,47,30,30,0.5
763,5,1030,13.5,5.64,9.43,70.9,56,74.8,70.8,114,113,123,113,84.9,68.7,65.2,74.4,-0.313,0.617,4.89,9.25,13.8,17,19,18.8,14.5,9.91,4.22,0.895,66.9,249,0.324,0.399,0.488,0.639,1.69,27.2,25.7,31,19.4,17.5,19.2,15.7,16.2,14.5,16.3,19.1,27,729.1,375,473,478,5.6,80,0,16.6,0,0.1,3.1,1.3,46.7,31.3,31.3,0.5
764,5,1000,13.4,5.55,9.36,70.7,55.5,73.6,67.3,108,109,119,110,82.5,67.5,63.9,73.8,-0.442,0.534,4.79,9.19,13.8,16.9,18.9,18.7,14.5,9.85,4.2,0.78,69.9,253,0.362,0.423,0.504,0.667,1.64,27.8,26.6,31.4,19.8,17.4,19.3,16.5,16.6,14.9,16.2,19.2,27.1,1439.5,308,442,453,5.8,77.6,0,19,0,0.1,2.9,1.3,48.2,29.7,29.7,0.5
765,5,1040,13.5,5.63,9.45,71.8,57,76.2,72.2,114,115,123,113,86.6,69.7,66.2,75.3,-0.241,0.671,4.95,9.25,13.8,16.9,19,18.7,14.5,9.94,4.25,0.938,65.6,269,0.335,0.433,0.515,0.68,1.82,28.5,26.7,32,19.5,19.7,21.1,17.7,18.7,15.7,18.5,21.3,29.4,320.3,436,483,484,5.7,84.5,0,12.2,0,0,3,1.3,45.4,33.3,33.3,0.6
766,13,1110,11.3,3.78,7.53,93.8,69.5,86.4,71.5,106,117,129,112,85.3,70.5,73.1,93.2,-2.41,-1.59,2.43,7.29,12.2,15.2,17.1,17,12.8,8.27,2.62,-1.1,67.5,669,0.661,0.862,1.29,2.18,4.7,71.6,61.7,102,90,54.9,41.8,36.8,34.9,33.4,35,45.8,61.6,761.6,326,718,707,11,41,0,50.1,0,0,3,1.19,59.2,24.6,24.6,1.5
767,39,1550,5.24,-3.71,0.812,93.7,81.7,108,113,158,184,192,182,129,106,107,97.5,-9.23,-7.76,-3.99,-0.431,3.99,8.02,10.6,10.4,6.79,2.73,-3.76,-8.19,80.5,979,1.12,1.5,2.1,3.66,5.58,42.2,38.1,49.6,62.5,117,149,147,123,87.2,66.6,51.9,45.1,9713.2,464,1898,1965,36,8.9,29.9,30.4,2.8,0.3,2.8,0.62,55.1,29.1,29.1,1.3
768,38,1550,5.52,-3.43,1.09,94.1,81.9,108,113,159,185,192,182,129,106,106,97.9,-8.95,-7.5,-3.72,-0.132,4.32,8.31,10.9,10.7,7.04,2.98,-3.49,-7.91,80.3,989,1.11,1.55,2.17,3.64,5.59,43.2,39.1,51.3,63.8,116,149,147,123,87.9,68.1,53.7,47.1,10153.5,440,1844,1917,35,10.4,28.6,31,2.7,0.3,2.9,0.64,54.4,29.3,29.3,1.3
769,31,1480,7.13,-1.6,2.78,91.5,78.8,105,108,153,175,182,171,125,100,99.8,95.3,-7.18,-5.84,-1.98,1.73,6.25,10.1,12.5,12.3,8.55,4.43,-1.88,-6.12,81.5,880,1.15,1.48,2.01,3.07,4.77,43.5,40,51.3,59.9,99.1,127,123,104,76.1,60.4,49.6,46.4,13320.5,356,1547,1545,28.6,22.4,21.8,30.8,2,0.4,3.4,0.79,51.4,30.1,30.1,1.5
770,26,1500,8.63,0.0671,4.33,96.3,82.3,110,106,153,175,181,170,130,101,98.5,99.7,-5.63,-4.34,-0.442,3.39,8.05,11.7,14,13.8,9.97,5.77,-0.372,-4.52,81.6,904,1.23,1.62,2.22,3.07,4.46,51.5,46.7,64.2,73.2,102,116,110,96.6,76.6,60.9,52.9,53.1,26040,289,1253,1056,24.5,29.9,14.2,34,1.3,0.7,4,0.8,48.8,31.4,31.4,1.5
771,16,1620,11,1.76,6.34,100,85.6,115,118,178,199,201,185,143,100,95.8,103,-3.51,-2.35,1.47,5.38,10.5,13.8,15.8,15.6,11.8,7.73,1.75,-2.3,51.4,374,0.205,0.338,0.619,1.39,3.17,31.9,22.8,32.8,33.5,49.8,65.2,40.4,41.1,37,27,18.2,16.6,776.2,477,890,786,17.5,33.5,0.5,52.9,0,1.6,4.9,1.01,40.1,36.2,36.2,0.9
772,21,1730,10.3,0.819,5.55,111,95.3,130,121,181,206,208,194,157,112,106,114,-4.43,-3.05,0.655,4.41,9.51,13.1,15.1,14.9,11.1,7.06,0.902,-3.3,79.5,1130,1.42,2.01,2.73,3.97,5.78,68.1,58.4,89.6,127,133,116,110,110,99.7,81.2,69.4,68.7,1395,517,976,908,22.3,23.5,1.1,46.5,0,5.7,4.4,0.75,44.1,35,35,1.9
773,26,1850,9.41,-0.53,4.47,116,101,138,129,193,222,225,207,167,118,112,118,-5.57,-4.01,-0.418,3.11,8.27,12,14.1,13.9,10.2,6.19,-0.153,-4.52,70.6,1210,1.26,1.79,2.57,4.07,7.4,61.4,56.4,112,151,150,125,120,115,99.8,78.6,70.3,66.6,944.7,532,1136,1087,28.1,16.5,1.7,53.8,0,0.1,4.1,0.61,44.7,35.6,35.6,1.4
774,28,1720,8.44,-0.435,3.99,111,96.1,130,119,171,200,208,194,153,115,110,114,-5.98,-4.61,-0.857,2.82,7.61,11.5,13.6,13.5,9.67,5.55,-0.583,-4.86,76.5,1200,1.37,1.88,2.79,4.16,6.61,58.3,52.1,83.8,110,156,155,144,128,106,78.5,65.9,61.3,6655.1,352,1264,1196,29.2,21.2,11.9,43,0.9,0.6,3.9,0.65,47.1,33.3,33.3,1.7
775,29,1910,8.66,-1.06,3.83,122,106,145,132,197,228,234,215,172,123,116,124,-6.19,-4.6,-1.04,2.43,7.45,11.3,13.4,13.2,9.59,5.6,-0.71,-5.11,69,1230,1.04,1.62,2.6,4.34,7.81,53.4,49.6,104,152,178,147,130,116,101,75,64.7,58.6,940.6,494,1262,1225,33.7,11.8,9.1,58,0,0.1,2.7,0.52,42.7,37,37,1.5
776,8,1320,11.6,4,7.73,101,80,96,101,144,134,143,127,99.7,97.1,90.5,110,-1.27,-0.741,3.07,7.01,11.4,14.7,16.8,16.6,12.8,8.69,3.13,0.0317,NA,203,0,0.00524,0.265,0.769,2.16,34.2,24.9,35.9,30.1,16.1,9.49,3.42,0.766,1.07,6.85,11.8,28.5,827,649,819,791,9.7,42.6,0,48.8,0,0.2,7.1,1.13,39.6,33.4,33.4,0.9
777,8,1180,11.8,4.12,7.88,83.9,67,82.9,91,133,123,131,116,90.6,85.3,80.1,92.1,-1.16,-0.626,3.29,7.21,11.6,14.9,17,16.8,12.9,8.76,3.2,0.115,65,321,0.24,0.355,0.609,1.11,2.42,40.6,33.1,46.8,38.8,27.6,23.3,17.1,12.4,10.5,14.4,20.6,35.4,2621.3,543,773,764,9.3,44.1,0,46.4,0,0.2,6.7,1.05,41.4,32.3,32.3,1
778,7,1150,11.9,4.24,8.02,80.1,64.4,80.4,88.8,130,122,131,116,89.9,82.7,78,88,-1.05,-0.517,3.44,7.4,11.8,15.1,17.2,17,13.1,8.86,3.3,0.206,72.2,322,0.341,0.454,0.685,1.1,2.12,37.5,31.4,42.2,36.7,28.7,25.4,19.9,15.7,13.6,16.6,21.3,33.2,4072.8,490,727,725,8.2,50.5,0,40.9,0,0.3,5.9,1.09,43.2,31.2,31.2,1.4
779,6,1130,12.4,4.39,8.37,78.2,63.8,81.5,87.1,124,123,129,113,91.1,74.9,77.6,85.4,-0.745,-0.14,3.87,7.78,12.3,15.5,17.5,17.3,13.4,9.12,3.53,0.459,76.4,408,0.672,0.771,0.905,1.19,2.29,37.3,33.9,39.7,34,35.2,35.8,31.8,30.8,28.8,29.5,31.4,39.8,264.4,489,626,626,5.7,57.2,0,38.1,0,0,3.2,1.3,53.2,27.2,27.2,0.6
780,8,1230,11.6,3.99,7.74,93,73.6,89.2,95.1,136,125,133,118,93.1,90.6,85,101,-1.25,-0.726,3.11,7.03,11.4,14.7,16.8,16.6,12.8,8.67,3.11,0.0366,51.8,307,0.0737,0.157,0.437,1.06,2.97,46,36.5,53.9,40.3,24,17.2,10.1,5.81,4.81,10.3,18.9,39.4,1310.4,605,816,799,10.5,40.7,0,50.7,0,0.1,7.3,1.03,39.3,33.9,33.9,1
781,8,1100,11.8,3.96,7.83,82.3,64.9,79.6,86.7,123,111,117,102,82.7,81.2,77.1,90.1,-1.15,-0.623,3.27,7.13,11.5,14.8,17,16.7,12.9,8.69,3.13,0.0923,61.7,344,0.209,0.353,0.644,1.18,2.72,40.8,33.6,48.3,37.7,32.3,27.9,21.4,14.3,11,16.2,21.9,38.6,80.7,646,777,756,11.2,43.4,0,45.7,0,0,8.3,0.81,34.8,35.9,35.9,1.3
782,8,1130,11.5,3.66,7.55,77.1,61.9,77.6,88.6,134,120,128,115,88.4,82,76.1,84,-1.4,-0.951,2.95,6.88,11.2,14.5,16.6,16.4,12.6,8.45,2.94,-0.0863,63.4,334,0.228,0.395,0.671,1.14,2.48,35,29.3,46.7,40.4,32.9,28.5,21.5,15.4,12.8,16.1,21.1,34.1,145.2,591,819,832,11.3,30.6,0,47.8,0,0,12.3,0.85,38.3,34.8,34.8,1.3
783,8,1120,11.7,3.91,7.79,75.4,61,76.5,87.3,132,119,128,114,88.2,80.9,75.6,82.7,-1.17,-0.706,3.21,7.15,11.5,14.7,16.8,16.7,12.8,8.65,3.15,0.126,80.1,304,0.372,0.502,0.721,1.06,1.68,29.6,26.3,36.1,36.6,31.2,28.2,22.5,18.5,15.5,16,18.2,25.4,451.6,576,765,768,8.8,48.4,0,45.4,0,0,5.2,0.97,38.6,32.6,32.6,1.1
784,6,1110,12.5,4.4,8.4,74.3,60.7,77.9,84.9,122,121,130,114,89.6,75.1,74.9,81.9,-0.79,-0.191,3.87,7.83,12.3,15.6,17.6,17.4,13.5,9.14,3.54,0.395,79.8,362,0.628,0.722,0.843,1.06,1.83,32.9,29.8,33.8,30.7,31.7,31,27.8,27.3,25.7,27.1,28.5,35.3,409.1,495,591,589,5.3,67.3,0,24.1,0,0,7.7,1.3,51.1,28.3,28.3,0.6
785,6,1080,12.4,4.46,8.38,73.6,59.3,75.6,85,123,117,125,107,84.8,77.6,74,82.5,-0.83,-0.185,3.86,7.79,12.2,15.6,17.6,17.4,13.5,9.16,3.53,0.377,64.2,209,0.197,0.273,0.403,0.627,1.52,23.9,20.9,26.2,19.9,18.2,15.9,13.7,10.6,9.4,11.7,14.9,24,199.9,591,673,661,5.5,60,0,35,0,0.3,4.1,1.21,49.8,28,28,0.7
786,9,1090,11.5,3.62,7.5,79.3,62.6,77.6,86,127,111,118,105,83.2,80.4,75.8,86,-1.42,-0.982,2.9,6.78,11.1,14.4,16.6,16.4,12.5,8.41,2.9,-0.104,58,430,0.265,0.451,0.769,1.42,3.45,47.3,37.9,63.1,47.5,39.1,32.5,26.5,18.6,16.2,22.9,30.4,48.1,131.8,630,865,884,14.2,36.1,0,57.6,0,0,6.3,0.78,40.1,36.1,36.1,1.4
787,9,1430,11.4,3.93,7.58,111,87.7,104,107,154,143,152,136,107,105,97.9,120,-1.37,-0.87,2.86,6.81,11.2,14.5,16.6,16.4,12.6,8.62,3.07,-0.0377,54.1,581,0.24,0.485,1,2.03,5.32,87.6,66.4,92.8,64.3,39.5,30.3,23.8,16.2,17.7,27.4,51.2,80.8,291.1,678,899,914,11.8,31.2,0,63.8,0,0.1,3.9,1.13,43.4,33.6,33.6,1
788,8,1090,11.8,4.02,7.91,76.3,61.2,76.9,83.2,124,114,120,107,85.5,78.8,75.3,83.2,-1.06,-0.618,3.3,7.28,11.6,14.9,17,16.8,12.9,8.74,3.25,0.24,79.4,148,0.171,0.234,0.343,0.525,0.892,14.5,13.1,17.8,19.1,15.7,14.3,11.5,8.96,7.23,7.38,8.57,12,325,515,726,733,8.6,52.1,0,42.6,0,0,4.3,0.98,39.5,32.2,32.2,1.1
789,6,1110,12.6,4.51,8.53,72.1,58.8,75.9,84.3,123,122,133,117,89.4,76.1,73.4,79.9,-0.76,-0.146,3.99,8.02,12.5,15.8,17.8,17.6,13.6,9.24,3.63,0.434,73.6,250,0.308,0.406,0.553,0.828,1.47,26,22.2,26.8,22.6,21.1,20.6,16.8,15.6,15.1,17.3,20,27.1,150,527,601,594,4.3,66,0,20.7,0,1.2,4.3,1.3,52.2,26.7,26.7,7.4
790,7,1070,12.1,4.31,8.14,76.9,61.1,77.8,80.5,118,112,118,103,84.6,77.8,74.8,83.5,-0.902,-0.422,3.53,7.57,12,15.2,17.3,17.1,13.2,8.9,3.37,0.368,NA,305,0.422,0.552,0.755,1.07,1.94,35.5,30.7,43.5,37.5,29.8,27.2,22.1,19.1,16.9,17.8,21.5,28.4,489.7,477,689,695,6.8,55.6,0,31.8,0,0,7.2,1.18,38.3,29.9,29.9,0.9
791,7,1100,12,4.2,8.05,76.3,61.2,77.8,83.5,124,118,125,111,87.9,79,75.2,83,-0.984,-0.513,3.46,7.47,11.9,15.1,17.2,17,13.1,8.83,3.3,0.279,89.6,232,0.405,0.487,0.621,0.772,0.964,21.8,20.5,24,22.7,23,21.4,19.9,18.3,15.4,15.2,15.5,18.2,167.7,506,707,730,8.7,51.5,0,39.7,0,0,3.3,1.08,39.9,30.7,30.7,1
792,10,1430,11.3,3.64,7.46,110,87.2,104,106,157,143,154,139,108,105,97.5,119,-1.48,-1.07,2.69,6.68,11.1,14.4,16.5,16.2,12.5,8.51,2.99,-0.0965,56.4,581,0.304,0.54,0.977,1.86,4.86,83.3,66,86.6,62.2,39.1,30.2,23.2,18.8,17.6,32.7,44.4,76.6,101.4,700,853,857,9.6,31.9,0,55.7,0,0,12.4,1.22,45,33.7,33.7,0.8
793,49,1340,2.34,-6.03,-1.72,76.3,65.1,81.5,111,136,148,148,142,108,112,121,86.2,-12,-10.7,-6.87,-3.19,1.18,5.36,8.23,8.1,4.56,0.507,-5.78,-10.6,70.8,1010,0.548,0.73,1.51,4.43,8.01,20.5,16.8,20.3,37.9,129,210,203,149,93.2,64.3,38.8,24.9,733,1680,2453,2484,34.9,3.5,50,10.3,6.4,1.2,1.8,0.84,73.6,17.2,17.2,0.9
794,48,1270,2.81,-5.81,-1.37,78.5,66.5,82.4,100,127,141,143,136,101,100,109,85,-11.7,-10.4,-6.52,-2.73,1.65,5.82,8.74,8.6,4.94,0.755,-5.77,-10.4,65.7,869,0.393,1.15,1.89,3.21,6,38.2,35.4,36,39.6,102,161,145,99.5,70.7,58.5,46.2,36.7,1941,1030,2343,2386,36.7,5,48.4,15.4,3,0.7,0.9,0.85,66.1,21.4,21.4,1
795,11,746,12,4.51,8.23,46.3,37.8,53,53,82.5,87.2,97.3,81.6,68.3,45.8,46.6,46.7,-1.92,-0.971,3.08,8.06,12.9,16.1,18.1,18,13.5,8.63,3.22,-0.577,58.7,150,0.0957,0.154,0.248,0.457,1.21,14.4,15.1,28,19.6,11.6,10.5,8.97,9.51,5.95,7.91,7.89,11,1755.5,348,544,539,5.5,64.7,0,30.8,0,0.2,3.8,1.02,45.3,33.1,33.1,0.7
796,9,701,12.6,4.98,8.82,41.8,35.3,48.5,49.6,77.5,82.5,90.5,76.9,66.1,44,44.5,43.5,-1.52,-0.461,3.63,8.66,13.5,16.8,18.9,18.7,14.2,9.16,3.73,-0.206,66.5,95.4,0.104,0.13,0.171,0.278,0.739,8.73,8.81,14.2,13.2,7.74,7.2,6.97,6.97,4.91,5.41,5.08,6.14,3535.1,173,441,480,5,69.9,0,24.9,0,0.3,4.3,1.11,42.9,35.3,35.3,0.7
